[0.200s] DEBUG:colcon:Command line arguments: ['/usr/bin/colcon', 'build', '--packages-select', 'robot_bringup']
[0.200s] DEBUG:colcon:Parsed command line arguments: Namespace(log_base=None, log_level=None, verb_name='build', build_base='build', install_base='install', merge_install=False, symlink_install=False, test_result_base=None, continue_on_error=False, executor='parallel', parallel_workers=4, event_handlers=None, ignore_user_meta=False, metas=['./colcon.meta'], base_paths=['.'], packages_ignore=None, packages_ignore_regex=None, paths=None, packages_up_to=None, packages_up_to_regex=None, packages_above=None, packages_above_and_dependencies=None, packages_above_depth=None, packages_select_by_dep=None, packages_skip_by_dep=None, packages_skip_up_to=None, packages_select_build_failed=False, packages_skip_build_finished=False, packages_select_test_failures=False, packages_skip_test_passed=False, packages_select=['robot_bringup'], packages_skip=None, packages_select_regex=None, packages_skip_regex=None, packages_start=None, packages_end=None, cmake_args=None, cmake_target=None, cmake_target_skip_unavailable=False, cmake_clean_cache=False, cmake_clean_first=False, cmake_force_configure=False, ament_cmake_args=None, catkin_cmake_args=None, catkin_skip_building_tests=False, mixin_files=None, mixin=None, verb_parser=<colcon_mixin.mixin.mixin_argument.MixinArgumentDecorator object at 0x7fffa58e84c0>, verb_extension=<colcon_core.verb.build.BuildVerb object at 0x7fffa5acd450>, main=<bound method BuildVerb.main of <colcon_core.verb.build.BuildVerb object at 0x7fffa5acd450>>, mixin_verb=('build',))
[0.430s] Level 1:colcon.colcon_core.package_discovery:discover_packages(colcon_meta) check parameters
[0.430s] Level 1:colcon.colcon_core.package_discovery:discover_packages(recursive) check parameters
[0.431s] Level 1:colcon.colcon_core.package_discovery:discover_packages(ignore) check parameters
[0.431s] Level 1:colcon.colcon_core.package_discovery:discover_packages(path) check parameters
[0.431s] Level 1:colcon.colcon_core.package_discovery:discover_packages(colcon_meta) discover
[0.431s] Level 1:colcon.colcon_core.package_discovery:discover_packages(recursive) discover
[0.431s] INFO:colcon.colcon_core.package_discovery:Crawling recursively for packages in '/workspace'
[0.431s] Level 1:colcon.colcon_core.package_identification:_identify(.) by extensions ['ignore', 'ignore_ament_install']
[0.431s] Level 1:colcon.colcon_core.package_identification:_identify(.) by extension 'ignore'
[0.431s] Level 1:colcon.colcon_core.package_identification:_identify(.) by extension 'ignore_ament_install'
[0.431s] Level 1:colcon.colcon_core.package_identification:_identify(.) by extensions ['colcon_pkg']
[0.431s] Level 1:colcon.colcon_core.package_identification:_identify(.) by extension 'colcon_pkg'
[0.431s] Level 1:colcon.colcon_core.package_identification:_identify(.) by extensions ['colcon_meta']
[0.431s] Level 1:colcon.colcon_core.package_identification:_identify(.) by extension 'colcon_meta'
[0.431s] Level 1:colcon.colcon_core.package_identification:_identify(.) by extensions ['ros']
[0.431s] Level 1:colcon.colcon_core.package_identification:_identify(.) by extension 'ros'
[0.457s] Level 1:colcon.colcon_core.package_identification:_identify(.) by extensions ['cmake', 'python']
[0.457s] Level 1:colcon.colcon_core.package_identification:_identify(.) by extension 'cmake'
[0.457s] Level 1:colcon.colcon_core.package_identification:_identify(.) by extension 'python'
[0.457s] Level 1:colcon.colcon_core.package_identification:_identify(.) by extensions ['python_setup_py']
[0.457s] Level 1:colcon.colcon_core.package_identification:_identify(.) by extension 'python_setup_py'
[0.457s] Level 1:colcon.colcon_core.package_identification:_identify(build) by extensions ['ignore', 'ignore_ament_install']
[0.457s] Level 1:colcon.colcon_core.package_identification:_identify(build) by extension 'ignore'
[0.457s] Level 1:colcon.colcon_core.package_identification:_identify(build) ignored
[0.457s] Level 1:colcon.colcon_core.package_identification:_identify(docker) by extensions ['ignore', 'ignore_ament_install']
[0.457s] Level 1:colcon.colcon_core.package_identification:_identify(docker) by extension 'ignore'
[0.458s] Level 1:colcon.colcon_core.package_identification:_identify(docker) by extension 'ignore_ament_install'
[0.458s] Level 1:colcon.colcon_core.package_identification:_identify(docker) by extensions ['colcon_pkg']
[0.458s] Level 1:colcon.colcon_core.package_identification:_identify(docker) by extension 'colcon_pkg'
[0.458s] Level 1:colcon.colcon_core.package_identification:_identify(docker) by extensions ['colcon_meta']
[0.458s] Level 1:colcon.colcon_core.package_identification:_identify(docker) by extension 'colcon_meta'
[0.458s] Level 1:colcon.colcon_core.package_identification:_identify(docker) by extensions ['ros']
[0.458s] Level 1:colcon.colcon_core.package_identification:_identify(docker) by extension 'ros'
[0.458s] Level 1:colcon.colcon_core.package_identification:_identify(docker) by extensions ['cmake', 'python']
[0.458s] Level 1:colcon.colcon_core.package_identification:_identify(docker) by extension 'cmake'
[0.458s] Level 1:colcon.colcon_core.package_identification:_identify(docker) by extension 'python'
[0.458s] Level 1:colcon.colcon_core.package_identification:_identify(docker) by extensions ['python_setup_py']
[0.458s] Level 1:colcon.colcon_core.package_identification:_identify(docker) by extension 'python_setup_py'
[0.458s] Level 1:colcon.colcon_core.package_identification:_identify(docs) by extensions ['ignore', 'ignore_ament_install']
[0.458s] Level 1:colcon.colcon_core.package_identification:_identify(docs) by extension 'ignore'
[0.458s] Level 1:colcon.colcon_core.package_identification:_identify(docs) by extension 'ignore_ament_install'
[0.458s] Level 1:colcon.colcon_core.package_identification:_identify(docs) by extensions ['colcon_pkg']
[0.458s] Level 1:colcon.colcon_core.package_identification:_identify(docs) by extension 'colcon_pkg'
[0.458s] Level 1:colcon.colcon_core.package_identification:_identify(docs) by extensions ['colcon_meta']
[0.458s] Level 1:colcon.colcon_core.package_identification:_identify(docs) by extension 'colcon_meta'
[0.458s] Level 1:colcon.colcon_core.package_identification:_identify(docs) by extensions ['ros']
[0.458s] Level 1:colcon.colcon_core.package_identification:_identify(docs) by extension 'ros'
[0.458s] Level 1:colcon.colcon_core.package_identification:_identify(docs) by extensions ['cmake', 'python']
[0.458s] Level 1:colcon.colcon_core.package_identification:_identify(docs) by extension 'cmake'
[0.459s] Level 1:colcon.colcon_core.package_identification:_identify(docs) by extension 'python'
[0.459s] Level 1:colcon.colcon_core.package_identification:_identify(docs) by extensions ['python_setup_py']
[0.459s] Level 1:colcon.colcon_core.package_identification:_identify(docs) by extension 'python_setup_py'
[0.459s] Level 1:colcon.colcon_core.package_identification:_identify(install) by extensions ['ignore', 'ignore_ament_install']
[0.459s] Level 1:colcon.colcon_core.package_identification:_identify(install) by extension 'ignore'
[0.459s] Level 1:colcon.colcon_core.package_identification:_identify(install) ignored
[0.459s] Level 1:colcon.colcon_core.package_identification:_identify(log) by extensions ['ignore', 'ignore_ament_install']
[0.459s] Level 1:colcon.colcon_core.package_identification:_identify(log) by extension 'ignore'
[0.459s] Level 1:colcon.colcon_core.package_identification:_identify(log) ignored
[0.459s] Level 1:colcon.colcon_core.package_identification:_identify(src) by extensions ['ignore', 'ignore_ament_install']
[0.459s] Level 1:colcon.colcon_core.package_identification:_identify(src) by extension 'ignore'
[0.459s] Level 1:colcon.colcon_core.package_identification:_identify(src) by extension 'ignore_ament_install'
[0.459s] Level 1:colcon.colcon_core.package_identification:_identify(src) by extensions ['colcon_pkg']
[0.459s] Level 1:colcon.colcon_core.package_identification:_identify(src) by extension 'colcon_pkg'
[0.459s] Level 1:colcon.colcon_core.package_identification:_identify(src) by extensions ['colcon_meta']
[0.459s] Level 1:colcon.colcon_core.package_identification:_identify(src) by extension 'colcon_meta'
[0.459s] Level 1:colcon.colcon_core.package_identification:_identify(src) by extensions ['ros']
[0.460s] Level 1:colcon.colcon_core.package_identification:_identify(src) by extension 'ros'
[0.460s] Level 1:colcon.colcon_core.package_identification:_identify(src) by extensions ['cmake', 'python']
[0.460s] Level 1:colcon.colcon_core.package_identification:_identify(src) by extension 'cmake'
[0.460s] Level 1:colcon.colcon_core.package_identification:_identify(src) by extension 'python'
[0.460s] Level 1:colcon.colcon_core.package_identification:_identify(src) by extensions ['python_setup_py']
[0.460s] Level 1:colcon.colcon_core.package_identification:_identify(src) by extension 'python_setup_py'
[0.460s] Level 1:colcon.colcon_core.package_identification:_identify(src/communication) by extensions ['ignore', 'ignore_ament_install']
[0.460s] Level 1:colcon.colcon_core.package_identification:_identify(src/communication) by extension 'ignore'
[0.460s] Level 1:colcon.colcon_core.package_identification:_identify(src/communication) by extension 'ignore_ament_install'
[0.460s] Level 1:colcon.colcon_core.package_identification:_identify(src/communication) by extensions ['colcon_pkg']
[0.460s] Level 1:colcon.colcon_core.package_identification:_identify(src/communication) by extension 'colcon_pkg'
[0.460s] Level 1:colcon.colcon_core.package_identification:_identify(src/communication) by extensions ['colcon_meta']
[0.460s] Level 1:colcon.colcon_core.package_identification:_identify(src/communication) by extension 'colcon_meta'
[0.460s] Level 1:colcon.colcon_core.package_identification:_identify(src/communication) by extensions ['ros']
[0.460s] Level 1:colcon.colcon_core.package_identification:_identify(src/communication) by extension 'ros'
[0.462s] DEBUG:colcon.colcon_core.package_identification:Failed to parse potential ROS package manifest in'src/communication': Error(s) in package 'src/communication/package.xml':
The manifest contains invalid XML:
no element found: line 1, column 0
[0.462s] Level 1:colcon.colcon_core.package_identification:_identify(src/communication) by extensions ['cmake', 'python']
[0.463s] Level 1:colcon.colcon_core.package_identification:_identify(src/communication) by extension 'cmake'
[0.463s] Level 1:colcon.colcon_core.package_identification:_identify(src/communication) by extension 'python'
[0.463s] Level 1:colcon.colcon_core.package_identification:_identify(src/communication) by extensions ['python_setup_py']
[0.463s] Level 1:colcon.colcon_core.package_identification:_identify(src/communication) by extension 'python_setup_py'
[0.704s] ERROR:colcon.colcon_core.package_identification:Exception in package identification extension 'python_setup_py' in 'src/communication': Command '['/usr/bin/python3', '-c', 'import sys;from contextlib import suppress;exec("with suppress(ImportError):    from setuptools.extern.packaging.specifiers    import SpecifierSet");exec("with suppress(ImportError):    from packaging.specifiers import SpecifierSet");from distutils.core import run_setup;dist = run_setup(    \'setup.py\', script_args=(\'--dry-run\',), stop_after=\'config\');skip_keys = (\'cmdclass\', \'distclass\', \'ext_modules\', \'metadata\');data = {    key: value for key, value in dist.__dict__.items()     if (        not key.startswith(\'_\') and         not callable(value) and         key not in skip_keys and         key not in dist.display_option_names    )};data[\'metadata\'] = {    k: v for k, v in dist.metadata.__dict__.items()     if k not in (\'license_files\', \'provides_extras\')};sys.stdout.buffer.write(repr(data).encode(\'utf-8\'))']' returned non-zero exit status 1.
Traceback (most recent call last):
  File "/usr/lib/python3/dist-packages/colcon_core/package_identification/__init__.py", line 144, in _identify
    retval = extension.identify(_reused_descriptor_instance)
  File "/usr/lib/python3/dist-packages/colcon_python_setup_py/package_identification/python_setup_py.py", line 48, in identify
    config = get_setup_information(setup_py)
  File "/usr/lib/python3/dist-packages/colcon_python_setup_py/package_identification/python_setup_py.py", line 249, in get_setup_information
    _setup_information_cache[hashable_env] = _get_setup_information(
  File "/usr/lib/python3/dist-packages/colcon_python_setup_py/package_identification/python_setup_py.py", line 296, in _get_setup_information
    result = subprocess.run(
  File "/usr/lib/python3.10/subprocess.py", line 526, in run
    raise CalledProcessError(retcode, process.args,
subprocess.CalledProcessError: Command '['/usr/bin/python3', '-c', 'import sys;from contextlib import suppress;exec("with suppress(ImportError):    from setuptools.extern.packaging.specifiers    import SpecifierSet");exec("with suppress(ImportError):    from packaging.specifiers import SpecifierSet");from distutils.core import run_setup;dist = run_setup(    \'setup.py\', script_args=(\'--dry-run\',), stop_after=\'config\');skip_keys = (\'cmdclass\', \'distclass\', \'ext_modules\', \'metadata\');data = {    key: value for key, value in dist.__dict__.items()     if (        not key.startswith(\'_\') and         not callable(value) and         key not in skip_keys and         key not in dist.display_option_names    )};data[\'metadata\'] = {    k: v for k, v in dist.metadata.__dict__.items()     if k not in (\'license_files\', \'provides_extras\')};sys.stdout.buffer.write(repr(data).encode(\'utf-8\'))']' returned non-zero exit status 1.

[0.704s] Level 1:colcon.colcon_core.package_identification:_identify(src/communication/communication) by extensions ['ignore', 'ignore_ament_install']
[0.704s] Level 1:colcon.colcon_core.package_identification:_identify(src/communication/communication) by extension 'ignore'
[0.705s] Level 1:colcon.colcon_core.package_identification:_identify(src/communication/communication) by extension 'ignore_ament_install'
[0.705s] Level 1:colcon.colcon_core.package_identification:_identify(src/communication/communication) by extensions ['colcon_pkg']
[0.705s] Level 1:colcon.colcon_core.package_identification:_identify(src/communication/communication) by extension 'colcon_pkg'
[0.705s] Level 1:colcon.colcon_core.package_identification:_identify(src/communication/communication) by extensions ['colcon_meta']
[0.705s] Level 1:colcon.colcon_core.package_identification:_identify(src/communication/communication) by extension 'colcon_meta'
[0.705s] Level 1:colcon.colcon_core.package_identification:_identify(src/communication/communication) by extensions ['ros']
[0.705s] Level 1:colcon.colcon_core.package_identification:_identify(src/communication/communication) by extension 'ros'
[0.705s] Level 1:colcon.colcon_core.package_identification:_identify(src/communication/communication) by extensions ['cmake', 'python']
[0.705s] Level 1:colcon.colcon_core.package_identification:_identify(src/communication/communication) by extension 'cmake'
[0.705s] Level 1:colcon.colcon_core.package_identification:_identify(src/communication/communication) by extension 'python'
[0.705s] Level 1:colcon.colcon_core.package_identification:_identify(src/communication/communication) by extensions ['python_setup_py']
[0.705s] Level 1:colcon.colcon_core.package_identification:_identify(src/communication/communication) by extension 'python_setup_py'
[0.705s] Level 1:colcon.colcon_core.package_identification:_identify(src/communication/config) by extensions ['ignore', 'ignore_ament_install']
[0.705s] Level 1:colcon.colcon_core.package_identification:_identify(src/communication/config) by extension 'ignore'
[0.705s] Level 1:colcon.colcon_core.package_identification:_identify(src/communication/config) by extension 'ignore_ament_install'
[0.705s] Level 1:colcon.colcon_core.package_identification:_identify(src/communication/config) by extensions ['colcon_pkg']
[0.705s] Level 1:colcon.colcon_core.package_identification:_identify(src/communication/config) by extension 'colcon_pkg'
[0.705s] Level 1:colcon.colcon_core.package_identification:_identify(src/communication/config) by extensions ['colcon_meta']
[0.705s] Level 1:colcon.colcon_core.package_identification:_identify(src/communication/config) by extension 'colcon_meta'
[0.706s] Level 1:colcon.colcon_core.package_identification:_identify(src/communication/config) by extensions ['ros']
[0.706s] Level 1:colcon.colcon_core.package_identification:_identify(src/communication/config) by extension 'ros'
[0.706s] Level 1:colcon.colcon_core.package_identification:_identify(src/communication/config) by extensions ['cmake', 'python']
[0.706s] Level 1:colcon.colcon_core.package_identification:_identify(src/communication/config) by extension 'cmake'
[0.706s] Level 1:colcon.colcon_core.package_identification:_identify(src/communication/config) by extension 'python'
[0.706s] Level 1:colcon.colcon_core.package_identification:_identify(src/communication/config) by extensions ['python_setup_py']
[0.706s] Level 1:colcon.colcon_core.package_identification:_identify(src/communication/config) by extension 'python_setup_py'
[0.706s] Level 1:colcon.colcon_core.package_identification:_identify(src/communication/launch) by extensions ['ignore', 'ignore_ament_install']
[0.706s] Level 1:colcon.colcon_core.package_identification:_identify(src/communication/launch) by extension 'ignore'
[0.706s] Level 1:colcon.colcon_core.package_identification:_identify(src/communication/launch) by extension 'ignore_ament_install'
[0.706s] Level 1:colcon.colcon_core.package_identification:_identify(src/communication/launch) by extensions ['colcon_pkg']
[0.706s] Level 1:colcon.colcon_core.package_identification:_identify(src/communication/launch) by extension 'colcon_pkg'
[0.706s] Level 1:colcon.colcon_core.package_identification:_identify(src/communication/launch) by extensions ['colcon_meta']
[0.706s] Level 1:colcon.colcon_core.package_identification:_identify(src/communication/launch) by extension 'colcon_meta'
[0.706s] Level 1:colcon.colcon_core.package_identification:_identify(src/communication/launch) by extensions ['ros']
[0.706s] Level 1:colcon.colcon_core.package_identification:_identify(src/communication/launch) by extension 'ros'
[0.706s] Level 1:colcon.colcon_core.package_identification:_identify(src/communication/launch) by extensions ['cmake', 'python']
[0.706s] Level 1:colcon.colcon_core.package_identification:_identify(src/communication/launch) by extension 'cmake'
[0.706s] Level 1:colcon.colcon_core.package_identification:_identify(src/communication/launch) by extension 'python'
[0.706s] Level 1:colcon.colcon_core.package_identification:_identify(src/communication/launch) by extensions ['python_setup_py']
[0.706s] Level 1:colcon.colcon_core.package_identification:_identify(src/communication/launch) by extension 'python_setup_py'
[0.707s] Level 1:colcon.colcon_core.package_identification:_identify(src/navigation) by extensions ['ignore', 'ignore_ament_install']
[0.707s] Level 1:colcon.colcon_core.package_identification:_identify(src/navigation) by extension 'ignore'
[0.707s] Level 1:colcon.colcon_core.package_identification:_identify(src/navigation) by extension 'ignore_ament_install'
[0.707s] Level 1:colcon.colcon_core.package_identification:_identify(src/navigation) by extensions ['colcon_pkg']
[0.707s] Level 1:colcon.colcon_core.package_identification:_identify(src/navigation) by extension 'colcon_pkg'
[0.707s] Level 1:colcon.colcon_core.package_identification:_identify(src/navigation) by extensions ['colcon_meta']
[0.707s] Level 1:colcon.colcon_core.package_identification:_identify(src/navigation) by extension 'colcon_meta'
[0.707s] Level 1:colcon.colcon_core.package_identification:_identify(src/navigation) by extensions ['ros']
[0.707s] Level 1:colcon.colcon_core.package_identification:_identify(src/navigation) by extension 'ros'
[0.710s] DEBUG:colcon.colcon_core.package_identification:Package 'src/navigation' with type 'ros.ament_python' and name 'navigation'
[0.710s] Level 1:colcon.colcon_core.package_identification:_identify(src/robot_bringup) by extensions ['ignore', 'ignore_ament_install']
[0.710s] Level 1:colcon.colcon_core.package_identification:_identify(src/robot_bringup) by extension 'ignore'
[0.710s] Level 1:colcon.colcon_core.package_identification:_identify(src/robot_bringup) by extension 'ignore_ament_install'
[0.711s] Level 1:colcon.colcon_core.package_identification:_identify(src/robot_bringup) by extensions ['colcon_pkg']
[0.711s] Level 1:colcon.colcon_core.package_identification:_identify(src/robot_bringup) by extension 'colcon_pkg'
[0.711s] Level 1:colcon.colcon_core.package_identification:_identify(src/robot_bringup) by extensions ['colcon_meta']
[0.711s] Level 1:colcon.colcon_core.package_identification:_identify(src/robot_bringup) by extension 'colcon_meta'
[0.711s] Level 1:colcon.colcon_core.package_identification:_identify(src/robot_bringup) by extensions ['ros']
[0.711s] Level 1:colcon.colcon_core.package_identification:_identify(src/robot_bringup) by extension 'ros'
[0.712s] DEBUG:colcon.colcon_core.package_identification:Package 'src/robot_bringup' with type 'ros.ament_python' and name 'robot_bringup'
[0.712s] Level 1:colcon.colcon_core.package_identification:_identify(src/robot_msgs) by extensions ['ignore', 'ignore_ament_install']
[0.712s] Level 1:colcon.colcon_core.package_identification:_identify(src/robot_msgs) by extension 'ignore'
[0.712s] Level 1:colcon.colcon_core.package_identification:_identify(src/robot_msgs) by extension 'ignore_ament_install'
[0.712s] Level 1:colcon.colcon_core.package_identification:_identify(src/robot_msgs) by extensions ['colcon_pkg']
[0.712s] Level 1:colcon.colcon_core.package_identification:_identify(src/robot_msgs) by extension 'colcon_pkg'
[0.712s] Level 1:colcon.colcon_core.package_identification:_identify(src/robot_msgs) by extensions ['colcon_meta']
[0.712s] Level 1:colcon.colcon_core.package_identification:_identify(src/robot_msgs) by extension 'colcon_meta'
[0.712s] Level 1:colcon.colcon_core.package_identification:_identify(src/robot_msgs) by extensions ['ros']
[0.712s] Level 1:colcon.colcon_core.package_identification:_identify(src/robot_msgs) by extension 'ros'
[0.713s] DEBUG:colcon.colcon_core.package_identification:Failed to parse potential ROS package manifest in'src/robot_msgs': Error(s) in package 'src/robot_msgs/package.xml':
The manifest contains invalid XML:
no element found: line 1, column 0
[0.713s] Level 1:colcon.colcon_core.package_identification:_identify(src/robot_msgs) by extensions ['cmake', 'python']
[0.713s] Level 1:colcon.colcon_core.package_identification:_identify(src/robot_msgs) by extension 'cmake'
[0.714s] Level 1:colcon.colcon_core.package_identification:_identify(src/robot_msgs) by extension 'python'
[0.714s] DEBUG:colcon.colcon_core.package_identification:Package 'src/robot_msgs' with type 'cmake' and name 'robot_msgs'
[0.714s] Level 1:colcon.colcon_core.package_identification:_identify(src/strategy) by extensions ['ignore', 'ignore_ament_install']
[0.714s] Level 1:colcon.colcon_core.package_identification:_identify(src/strategy) by extension 'ignore'
[0.715s] Level 1:colcon.colcon_core.package_identification:_identify(src/strategy) by extension 'ignore_ament_install'
[0.715s] Level 1:colcon.colcon_core.package_identification:_identify(src/strategy) by extensions ['colcon_pkg']
[0.715s] Level 1:colcon.colcon_core.package_identification:_identify(src/strategy) by extension 'colcon_pkg'
[0.715s] Level 1:colcon.colcon_core.package_identification:_identify(src/strategy) by extensions ['colcon_meta']
[0.715s] Level 1:colcon.colcon_core.package_identification:_identify(src/strategy) by extension 'colcon_meta'
[0.715s] Level 1:colcon.colcon_core.package_identification:_identify(src/strategy) by extensions ['ros']
[0.715s] Level 1:colcon.colcon_core.package_identification:_identify(src/strategy) by extension 'ros'
[0.716s] DEBUG:colcon.colcon_core.package_identification:Package 'src/strategy' with type 'ros.ament_python' and name 'strategy'
[0.716s] Level 1:colcon.colcon_core.package_identification:_identify(src/teensy_control) by extensions ['ignore', 'ignore_ament_install']
[0.716s] Level 1:colcon.colcon_core.package_identification:_identify(src/teensy_control) by extension 'ignore'
[0.716s] Level 1:colcon.colcon_core.package_identification:_identify(src/teensy_control) by extension 'ignore_ament_install'
[0.716s] Level 1:colcon.colcon_core.package_identification:_identify(src/teensy_control) by extensions ['colcon_pkg']
[0.716s] Level 1:colcon.colcon_core.package_identification:_identify(src/teensy_control) by extension 'colcon_pkg'
[0.716s] Level 1:colcon.colcon_core.package_identification:_identify(src/teensy_control) by extensions ['colcon_meta']
[0.716s] Level 1:colcon.colcon_core.package_identification:_identify(src/teensy_control) by extension 'colcon_meta'
[0.716s] Level 1:colcon.colcon_core.package_identification:_identify(src/teensy_control) by extensions ['ros']
[0.716s] Level 1:colcon.colcon_core.package_identification:_identify(src/teensy_control) by extension 'ros'
[0.716s] DEBUG:colcon.colcon_core.package_identification:Failed to parse potential ROS package manifest in'src/teensy_control': Error(s) in package 'src/teensy_control/package.xml':
The manifest contains invalid XML:
no element found: line 1, column 0
[0.717s] Level 1:colcon.colcon_core.package_identification:_identify(src/teensy_control) by extensions ['cmake', 'python']
[0.717s] Level 1:colcon.colcon_core.package_identification:_identify(src/teensy_control) by extension 'cmake'
[0.717s] Level 1:colcon.colcon_core.package_identification:_identify(src/teensy_control) by extension 'python'
[0.717s] Level 1:colcon.colcon_core.package_identification:_identify(src/teensy_control) by extensions ['python_setup_py']
[0.717s] Level 1:colcon.colcon_core.package_identification:_identify(src/teensy_control) by extension 'python_setup_py'
[0.976s] ERROR:colcon.colcon_core.package_identification:Exception in package identification extension 'python_setup_py' in 'src/teensy_control': Command '['/usr/bin/python3', '-c', 'import sys;from contextlib import suppress;exec("with suppress(ImportError):    from setuptools.extern.packaging.specifiers    import SpecifierSet");exec("with suppress(ImportError):    from packaging.specifiers import SpecifierSet");from distutils.core import run_setup;dist = run_setup(    \'setup.py\', script_args=(\'--dry-run\',), stop_after=\'config\');skip_keys = (\'cmdclass\', \'distclass\', \'ext_modules\', \'metadata\');data = {    key: value for key, value in dist.__dict__.items()     if (        not key.startswith(\'_\') and         not callable(value) and         key not in skip_keys and         key not in dist.display_option_names    )};data[\'metadata\'] = {    k: v for k, v in dist.metadata.__dict__.items()     if k not in (\'license_files\', \'provides_extras\')};sys.stdout.buffer.write(repr(data).encode(\'utf-8\'))']' returned non-zero exit status 1.
Traceback (most recent call last):
  File "/usr/lib/python3/dist-packages/colcon_core/package_identification/__init__.py", line 144, in _identify
    retval = extension.identify(_reused_descriptor_instance)
  File "/usr/lib/python3/dist-packages/colcon_python_setup_py/package_identification/python_setup_py.py", line 48, in identify
    config = get_setup_information(setup_py)
  File "/usr/lib/python3/dist-packages/colcon_python_setup_py/package_identification/python_setup_py.py", line 249, in get_setup_information
    _setup_information_cache[hashable_env] = _get_setup_information(
  File "/usr/lib/python3/dist-packages/colcon_python_setup_py/package_identification/python_setup_py.py", line 296, in _get_setup_information
    result = subprocess.run(
  File "/usr/lib/python3.10/subprocess.py", line 526, in run
    raise CalledProcessError(retcode, process.args,
subprocess.CalledProcessError: Command '['/usr/bin/python3', '-c', 'import sys;from contextlib import suppress;exec("with suppress(ImportError):    from setuptools.extern.packaging.specifiers    import SpecifierSet");exec("with suppress(ImportError):    from packaging.specifiers import SpecifierSet");from distutils.core import run_setup;dist = run_setup(    \'setup.py\', script_args=(\'--dry-run\',), stop_after=\'config\');skip_keys = (\'cmdclass\', \'distclass\', \'ext_modules\', \'metadata\');data = {    key: value for key, value in dist.__dict__.items()     if (        not key.startswith(\'_\') and         not callable(value) and         key not in skip_keys and         key not in dist.display_option_names    )};data[\'metadata\'] = {    k: v for k, v in dist.metadata.__dict__.items()     if k not in (\'license_files\', \'provides_extras\')};sys.stdout.buffer.write(repr(data).encode(\'utf-8\'))']' returned non-zero exit status 1.

[0.976s] Level 1:colcon.colcon_core.package_identification:_identify(src/teensy_control/config) by extensions ['ignore', 'ignore_ament_install']
[0.976s] Level 1:colcon.colcon_core.package_identification:_identify(src/teensy_control/config) by extension 'ignore'
[0.976s] Level 1:colcon.colcon_core.package_identification:_identify(src/teensy_control/config) by extension 'ignore_ament_install'
[0.976s] Level 1:colcon.colcon_core.package_identification:_identify(src/teensy_control/config) by extensions ['colcon_pkg']
[0.977s] Level 1:colcon.colcon_core.package_identification:_identify(src/teensy_control/config) by extension 'colcon_pkg'
[0.977s] Level 1:colcon.colcon_core.package_identification:_identify(src/teensy_control/config) by extensions ['colcon_meta']
[0.977s] Level 1:colcon.colcon_core.package_identification:_identify(src/teensy_control/config) by extension 'colcon_meta'
[0.977s] Level 1:colcon.colcon_core.package_identification:_identify(src/teensy_control/config) by extensions ['ros']
[0.977s] Level 1:colcon.colcon_core.package_identification:_identify(src/teensy_control/config) by extension 'ros'
[0.977s] Level 1:colcon.colcon_core.package_identification:_identify(src/teensy_control/config) by extensions ['cmake', 'python']
[0.977s] Level 1:colcon.colcon_core.package_identification:_identify(src/teensy_control/config) by extension 'cmake'
[0.977s] Level 1:colcon.colcon_core.package_identification:_identify(src/teensy_control/config) by extension 'python'
[0.977s] Level 1:colcon.colcon_core.package_identification:_identify(src/teensy_control/config) by extensions ['python_setup_py']
[0.977s] Level 1:colcon.colcon_core.package_identification:_identify(src/teensy_control/config) by extension 'python_setup_py'
[0.977s] Level 1:colcon.colcon_core.package_identification:_identify(src/teensy_control/firmware) by extensions ['ignore', 'ignore_ament_install']
[0.977s] Level 1:colcon.colcon_core.package_identification:_identify(src/teensy_control/firmware) by extension 'ignore'
[0.977s] Level 1:colcon.colcon_core.package_identification:_identify(src/teensy_control/firmware) by extension 'ignore_ament_install'
[0.977s] Level 1:colcon.colcon_core.package_identification:_identify(src/teensy_control/firmware) by extensions ['colcon_pkg']
[0.977s] Level 1:colcon.colcon_core.package_identification:_identify(src/teensy_control/firmware) by extension 'colcon_pkg'
[0.977s] Level 1:colcon.colcon_core.package_identification:_identify(src/teensy_control/firmware) by extensions ['colcon_meta']
[0.977s] Level 1:colcon.colcon_core.package_identification:_identify(src/teensy_control/firmware) by extension 'colcon_meta'
[0.977s] Level 1:colcon.colcon_core.package_identification:_identify(src/teensy_control/firmware) by extensions ['ros']
[0.977s] Level 1:colcon.colcon_core.package_identification:_identify(src/teensy_control/firmware) by extension 'ros'
[0.977s] Level 1:colcon.colcon_core.package_identification:_identify(src/teensy_control/firmware) by extensions ['cmake', 'python']
[0.978s] Level 1:colcon.colcon_core.package_identification:_identify(src/teensy_control/firmware) by extension 'cmake'
[0.978s] Level 1:colcon.colcon_core.package_identification:_identify(src/teensy_control/firmware) by extension 'python'
[0.978s] Level 1:colcon.colcon_core.package_identification:_identify(src/teensy_control/firmware) by extensions ['python_setup_py']
[0.978s] Level 1:colcon.colcon_core.package_identification:_identify(src/teensy_control/firmware) by extension 'python_setup_py'
[0.978s] Level 1:colcon.colcon_core.package_identification:_identify(src/teensy_control/firmware/gripper_control) by extensions ['ignore', 'ignore_ament_install']
[0.978s] Level 1:colcon.colcon_core.package_identification:_identify(src/teensy_control/firmware/gripper_control) by extension 'ignore'
[0.978s] Level 1:colcon.colcon_core.package_identification:_identify(src/teensy_control/firmware/gripper_control) by extension 'ignore_ament_install'
[0.978s] Level 1:colcon.colcon_core.package_identification:_identify(src/teensy_control/firmware/gripper_control) by extensions ['colcon_pkg']
[0.978s] Level 1:colcon.colcon_core.package_identification:_identify(src/teensy_control/firmware/gripper_control) by extension 'colcon_pkg'
[0.978s] Level 1:colcon.colcon_core.package_identification:_identify(src/teensy_control/firmware/gripper_control) by extensions ['colcon_meta']
[0.978s] Level 1:colcon.colcon_core.package_identification:_identify(src/teensy_control/firmware/gripper_control) by extension 'colcon_meta'
[0.978s] Level 1:colcon.colcon_core.package_identification:_identify(src/teensy_control/firmware/gripper_control) by extensions ['ros']
[0.978s] Level 1:colcon.colcon_core.package_identification:_identify(src/teensy_control/firmware/gripper_control) by extension 'ros'
[0.978s] Level 1:colcon.colcon_core.package_identification:_identify(src/teensy_control/firmware/gripper_control) by extensions ['cmake', 'python']
[0.978s] Level 1:colcon.colcon_core.package_identification:_identify(src/teensy_control/firmware/gripper_control) by extension 'cmake'
[0.978s] Level 1:colcon.colcon_core.package_identification:_identify(src/teensy_control/firmware/gripper_control) by extension 'python'
[0.978s] Level 1:colcon.colcon_core.package_identification:_identify(src/teensy_control/firmware/gripper_control) by extensions ['python_setup_py']
[0.978s] Level 1:colcon.colcon_core.package_identification:_identify(src/teensy_control/firmware/gripper_control) by extension 'python_setup_py'
[0.978s] Level 1:colcon.colcon_core.package_identification:_identify(src/teensy_control/firmware/motor_control) by extensions ['ignore', 'ignore_ament_install']
[0.978s] Level 1:colcon.colcon_core.package_identification:_identify(src/teensy_control/firmware/motor_control) by extension 'ignore'
[0.979s] Level 1:colcon.colcon_core.package_identification:_identify(src/teensy_control/firmware/motor_control) by extension 'ignore_ament_install'
[0.979s] Level 1:colcon.colcon_core.package_identification:_identify(src/teensy_control/firmware/motor_control) by extensions ['colcon_pkg']
[0.979s] Level 1:colcon.colcon_core.package_identification:_identify(src/teensy_control/firmware/motor_control) by extension 'colcon_pkg'
[0.979s] Level 1:colcon.colcon_core.package_identification:_identify(src/teensy_control/firmware/motor_control) by extensions ['colcon_meta']
[0.979s] Level 1:colcon.colcon_core.package_identification:_identify(src/teensy_control/firmware/motor_control) by extension 'colcon_meta'
[0.979s] Level 1:colcon.colcon_core.package_identification:_identify(src/teensy_control/firmware/motor_control) by extensions ['ros']
[0.979s] Level 1:colcon.colcon_core.package_identification:_identify(src/teensy_control/firmware/motor_control) by extension 'ros'
[0.979s] Level 1:colcon.colcon_core.package_identification:_identify(src/teensy_control/firmware/motor_control) by extensions ['cmake', 'python']
[0.979s] Level 1:colcon.colcon_core.package_identification:_identify(src/teensy_control/firmware/motor_control) by extension 'cmake'
[0.979s] Level 1:colcon.colcon_core.package_identification:_identify(src/teensy_control/firmware/motor_control) by extension 'python'
[0.979s] Level 1:colcon.colcon_core.package_identification:_identify(src/teensy_control/firmware/motor_control) by extensions ['python_setup_py']
[0.979s] Level 1:colcon.colcon_core.package_identification:_identify(src/teensy_control/firmware/motor_control) by extension 'python_setup_py'
[0.979s] Level 1:colcon.colcon_core.package_identification:_identify(src/teensy_control/launch) by extensions ['ignore', 'ignore_ament_install']
[0.979s] Level 1:colcon.colcon_core.package_identification:_identify(src/teensy_control/launch) by extension 'ignore'
[0.979s] Level 1:colcon.colcon_core.package_identification:_identify(src/teensy_control/launch) by extension 'ignore_ament_install'
[0.979s] Level 1:colcon.colcon_core.package_identification:_identify(src/teensy_control/launch) by extensions ['colcon_pkg']
[0.979s] Level 1:colcon.colcon_core.package_identification:_identify(src/teensy_control/launch) by extension 'colcon_pkg'
[0.979s] Level 1:colcon.colcon_core.package_identification:_identify(src/teensy_control/launch) by extensions ['colcon_meta']
[0.979s] Level 1:colcon.colcon_core.package_identification:_identify(src/teensy_control/launch) by extension 'colcon_meta'
[0.980s] Level 1:colcon.colcon_core.package_identification:_identify(src/teensy_control/launch) by extensions ['ros']
[0.980s] Level 1:colcon.colcon_core.package_identification:_identify(src/teensy_control/launch) by extension 'ros'
[0.980s] Level 1:colcon.colcon_core.package_identification:_identify(src/teensy_control/launch) by extensions ['cmake', 'python']
[0.980s] Level 1:colcon.colcon_core.package_identification:_identify(src/teensy_control/launch) by extension 'cmake'
[0.980s] Level 1:colcon.colcon_core.package_identification:_identify(src/teensy_control/launch) by extension 'python'
[0.980s] Level 1:colcon.colcon_core.package_identification:_identify(src/teensy_control/launch) by extensions ['python_setup_py']
[0.980s] Level 1:colcon.colcon_core.package_identification:_identify(src/teensy_control/launch) by extension 'python_setup_py'
[0.980s] Level 1:colcon.colcon_core.package_identification:_identify(src/teensy_control/teensy_control) by extensions ['ignore', 'ignore_ament_install']
[0.980s] Level 1:colcon.colcon_core.package_identification:_identify(src/teensy_control/teensy_control) by extension 'ignore'
[0.980s] Level 1:colcon.colcon_core.package_identification:_identify(src/teensy_control/teensy_control) by extension 'ignore_ament_install'
[0.980s] Level 1:colcon.colcon_core.package_identification:_identify(src/teensy_control/teensy_control) by extensions ['colcon_pkg']
[0.980s] Level 1:colcon.colcon_core.package_identification:_identify(src/teensy_control/teensy_control) by extension 'colcon_pkg'
[0.980s] Level 1:colcon.colcon_core.package_identification:_identify(src/teensy_control/teensy_control) by extensions ['colcon_meta']
[0.980s] Level 1:colcon.colcon_core.package_identification:_identify(src/teensy_control/teensy_control) by extension 'colcon_meta'
[0.980s] Level 1:colcon.colcon_core.package_identification:_identify(src/teensy_control/teensy_control) by extensions ['ros']
[0.980s] Level 1:colcon.colcon_core.package_identification:_identify(src/teensy_control/teensy_control) by extension 'ros'
[0.980s] Level 1:colcon.colcon_core.package_identification:_identify(src/teensy_control/teensy_control) by extensions ['cmake', 'python']
[0.980s] Level 1:colcon.colcon_core.package_identification:_identify(src/teensy_control/teensy_control) by extension 'cmake'
[0.980s] Level 1:colcon.colcon_core.package_identification:_identify(src/teensy_control/teensy_control) by extension 'python'
[0.980s] Level 1:colcon.colcon_core.package_identification:_identify(src/teensy_control/teensy_control) by extensions ['python_setup_py']
[0.980s] Level 1:colcon.colcon_core.package_identification:_identify(src/teensy_control/teensy_control) by extension 'python_setup_py'
[0.981s] Level 1:colcon.colcon_core.package_identification:_identify(src/teensy_sensors) by extensions ['ignore', 'ignore_ament_install']
[0.981s] Level 1:colcon.colcon_core.package_identification:_identify(src/teensy_sensors) by extension 'ignore'
[0.981s] Level 1:colcon.colcon_core.package_identification:_identify(src/teensy_sensors) by extension 'ignore_ament_install'
[0.981s] Level 1:colcon.colcon_core.package_identification:_identify(src/teensy_sensors) by extensions ['colcon_pkg']
[0.981s] Level 1:colcon.colcon_core.package_identification:_identify(src/teensy_sensors) by extension 'colcon_pkg'
[0.981s] Level 1:colcon.colcon_core.package_identification:_identify(src/teensy_sensors) by extensions ['colcon_meta']
[0.981s] Level 1:colcon.colcon_core.package_identification:_identify(src/teensy_sensors) by extension 'colcon_meta'
[0.981s] Level 1:colcon.colcon_core.package_identification:_identify(src/teensy_sensors) by extensions ['ros']
[0.981s] Level 1:colcon.colcon_core.package_identification:_identify(src/teensy_sensors) by extension 'ros'
[0.981s] DEBUG:colcon.colcon_core.package_identification:Failed to parse potential ROS package manifest in'src/teensy_sensors': Error(s) in package 'src/teensy_sensors/package.xml':
The manifest contains invalid XML:
no element found: line 1, column 0
[0.981s] Level 1:colcon.colcon_core.package_identification:_identify(src/teensy_sensors) by extensions ['cmake', 'python']
[0.981s] Level 1:colcon.colcon_core.package_identification:_identify(src/teensy_sensors) by extension 'cmake'
[0.981s] Level 1:colcon.colcon_core.package_identification:_identify(src/teensy_sensors) by extension 'python'
[0.982s] Level 1:colcon.colcon_core.package_identification:_identify(src/teensy_sensors) by extensions ['python_setup_py']
[0.982s] Level 1:colcon.colcon_core.package_identification:_identify(src/teensy_sensors) by extension 'python_setup_py'
[1.222s] ERROR:colcon.colcon_core.package_identification:Exception in package identification extension 'python_setup_py' in 'src/teensy_sensors': Command '['/usr/bin/python3', '-c', 'import sys;from contextlib import suppress;exec("with suppress(ImportError):    from setuptools.extern.packaging.specifiers    import SpecifierSet");exec("with suppress(ImportError):    from packaging.specifiers import SpecifierSet");from distutils.core import run_setup;dist = run_setup(    \'setup.py\', script_args=(\'--dry-run\',), stop_after=\'config\');skip_keys = (\'cmdclass\', \'distclass\', \'ext_modules\', \'metadata\');data = {    key: value for key, value in dist.__dict__.items()     if (        not key.startswith(\'_\') and         not callable(value) and         key not in skip_keys and         key not in dist.display_option_names    )};data[\'metadata\'] = {    k: v for k, v in dist.metadata.__dict__.items()     if k not in (\'license_files\', \'provides_extras\')};sys.stdout.buffer.write(repr(data).encode(\'utf-8\'))']' returned non-zero exit status 1.
Traceback (most recent call last):
  File "/usr/lib/python3/dist-packages/colcon_core/package_identification/__init__.py", line 144, in _identify
    retval = extension.identify(_reused_descriptor_instance)
  File "/usr/lib/python3/dist-packages/colcon_python_setup_py/package_identification/python_setup_py.py", line 48, in identify
    config = get_setup_information(setup_py)
  File "/usr/lib/python3/dist-packages/colcon_python_setup_py/package_identification/python_setup_py.py", line 249, in get_setup_information
    _setup_information_cache[hashable_env] = _get_setup_information(
  File "/usr/lib/python3/dist-packages/colcon_python_setup_py/package_identification/python_setup_py.py", line 296, in _get_setup_information
    result = subprocess.run(
  File "/usr/lib/python3.10/subprocess.py", line 526, in run
    raise CalledProcessError(retcode, process.args,
subprocess.CalledProcessError: Command '['/usr/bin/python3', '-c', 'import sys;from contextlib import suppress;exec("with suppress(ImportError):    from setuptools.extern.packaging.specifiers    import SpecifierSet");exec("with suppress(ImportError):    from packaging.specifiers import SpecifierSet");from distutils.core import run_setup;dist = run_setup(    \'setup.py\', script_args=(\'--dry-run\',), stop_after=\'config\');skip_keys = (\'cmdclass\', \'distclass\', \'ext_modules\', \'metadata\');data = {    key: value for key, value in dist.__dict__.items()     if (        not key.startswith(\'_\') and         not callable(value) and         key not in skip_keys and         key not in dist.display_option_names    )};data[\'metadata\'] = {    k: v for k, v in dist.metadata.__dict__.items()     if k not in (\'license_files\', \'provides_extras\')};sys.stdout.buffer.write(repr(data).encode(\'utf-8\'))']' returned non-zero exit status 1.

[1.223s] Level 1:colcon.colcon_core.package_identification:_identify(src/teensy_sensors/config) by extensions ['ignore', 'ignore_ament_install']
[1.223s] Level 1:colcon.colcon_core.package_identification:_identify(src/teensy_sensors/config) by extension 'ignore'
[1.223s] Level 1:colcon.colcon_core.package_identification:_identify(src/teensy_sensors/config) by extension 'ignore_ament_install'
[1.223s] Level 1:colcon.colcon_core.package_identification:_identify(src/teensy_sensors/config) by extensions ['colcon_pkg']
[1.223s] Level 1:colcon.colcon_core.package_identification:_identify(src/teensy_sensors/config) by extension 'colcon_pkg'
[1.223s] Level 1:colcon.colcon_core.package_identification:_identify(src/teensy_sensors/config) by extensions ['colcon_meta']
[1.223s] Level 1:colcon.colcon_core.package_identification:_identify(src/teensy_sensors/config) by extension 'colcon_meta'
[1.223s] Level 1:colcon.colcon_core.package_identification:_identify(src/teensy_sensors/config) by extensions ['ros']
[1.223s] Level 1:colcon.colcon_core.package_identification:_identify(src/teensy_sensors/config) by extension 'ros'
[1.223s] Level 1:colcon.colcon_core.package_identification:_identify(src/teensy_sensors/config) by extensions ['cmake', 'python']
[1.223s] Level 1:colcon.colcon_core.package_identification:_identify(src/teensy_sensors/config) by extension 'cmake'
[1.223s] Level 1:colcon.colcon_core.package_identification:_identify(src/teensy_sensors/config) by extension 'python'
[1.223s] Level 1:colcon.colcon_core.package_identification:_identify(src/teensy_sensors/config) by extensions ['python_setup_py']
[1.223s] Level 1:colcon.colcon_core.package_identification:_identify(src/teensy_sensors/config) by extension 'python_setup_py'
[1.224s] Level 1:colcon.colcon_core.package_identification:_identify(src/teensy_sensors/firmware) by extensions ['ignore', 'ignore_ament_install']
[1.224s] Level 1:colcon.colcon_core.package_identification:_identify(src/teensy_sensors/firmware) by extension 'ignore'
[1.224s] Level 1:colcon.colcon_core.package_identification:_identify(src/teensy_sensors/firmware) by extension 'ignore_ament_install'
[1.224s] Level 1:colcon.colcon_core.package_identification:_identify(src/teensy_sensors/firmware) by extensions ['colcon_pkg']
[1.224s] Level 1:colcon.colcon_core.package_identification:_identify(src/teensy_sensors/firmware) by extension 'colcon_pkg'
[1.224s] Level 1:colcon.colcon_core.package_identification:_identify(src/teensy_sensors/firmware) by extensions ['colcon_meta']
[1.224s] Level 1:colcon.colcon_core.package_identification:_identify(src/teensy_sensors/firmware) by extension 'colcon_meta'
[1.224s] Level 1:colcon.colcon_core.package_identification:_identify(src/teensy_sensors/firmware) by extensions ['ros']
[1.224s] Level 1:colcon.colcon_core.package_identification:_identify(src/teensy_sensors/firmware) by extension 'ros'
[1.224s] Level 1:colcon.colcon_core.package_identification:_identify(src/teensy_sensors/firmware) by extensions ['cmake', 'python']
[1.224s] Level 1:colcon.colcon_core.package_identification:_identify(src/teensy_sensors/firmware) by extension 'cmake'
[1.224s] Level 1:colcon.colcon_core.package_identification:_identify(src/teensy_sensors/firmware) by extension 'python'
[1.224s] Level 1:colcon.colcon_core.package_identification:_identify(src/teensy_sensors/firmware) by extensions ['python_setup_py']
[1.224s] Level 1:colcon.colcon_core.package_identification:_identify(src/teensy_sensors/firmware) by extension 'python_setup_py'
[1.224s] Level 1:colcon.colcon_core.package_identification:_identify(src/teensy_sensors/firmware/distance_sensor) by extensions ['ignore', 'ignore_ament_install']
[1.224s] Level 1:colcon.colcon_core.package_identification:_identify(src/teensy_sensors/firmware/distance_sensor) by extension 'ignore'
[1.224s] Level 1:colcon.colcon_core.package_identification:_identify(src/teensy_sensors/firmware/distance_sensor) by extension 'ignore_ament_install'
[1.224s] Level 1:colcon.colcon_core.package_identification:_identify(src/teensy_sensors/firmware/distance_sensor) by extensions ['colcon_pkg']
[1.224s] Level 1:colcon.colcon_core.package_identification:_identify(src/teensy_sensors/firmware/distance_sensor) by extension 'colcon_pkg'
[1.225s] Level 1:colcon.colcon_core.package_identification:_identify(src/teensy_sensors/firmware/distance_sensor) by extensions ['colcon_meta']
[1.225s] Level 1:colcon.colcon_core.package_identification:_identify(src/teensy_sensors/firmware/distance_sensor) by extension 'colcon_meta'
[1.225s] Level 1:colcon.colcon_core.package_identification:_identify(src/teensy_sensors/firmware/distance_sensor) by extensions ['ros']
[1.225s] Level 1:colcon.colcon_core.package_identification:_identify(src/teensy_sensors/firmware/distance_sensor) by extension 'ros'
[1.225s] Level 1:colcon.colcon_core.package_identification:_identify(src/teensy_sensors/firmware/distance_sensor) by extensions ['cmake', 'python']
[1.225s] Level 1:colcon.colcon_core.package_identification:_identify(src/teensy_sensors/firmware/distance_sensor) by extension 'cmake'
[1.225s] Level 1:colcon.colcon_core.package_identification:_identify(src/teensy_sensors/firmware/distance_sensor) by extension 'python'
[1.225s] Level 1:colcon.colcon_core.package_identification:_identify(src/teensy_sensors/firmware/distance_sensor) by extensions ['python_setup_py']
[1.225s] Level 1:colcon.colcon_core.package_identification:_identify(src/teensy_sensors/firmware/distance_sensor) by extension 'python_setup_py'
[1.225s] Level 1:colcon.colcon_core.package_identification:_identify(src/teensy_sensors/firmware/ir_sensors) by extensions ['ignore', 'ignore_ament_install']
[1.225s] Level 1:colcon.colcon_core.package_identification:_identify(src/teensy_sensors/firmware/ir_sensors) by extension 'ignore'
[1.225s] Level 1:colcon.colcon_core.package_identification:_identify(src/teensy_sensors/firmware/ir_sensors) by extension 'ignore_ament_install'
[1.225s] Level 1:colcon.colcon_core.package_identification:_identify(src/teensy_sensors/firmware/ir_sensors) by extensions ['colcon_pkg']
[1.225s] Level 1:colcon.colcon_core.package_identification:_identify(src/teensy_sensors/firmware/ir_sensors) by extension 'colcon_pkg'
[1.225s] Level 1:colcon.colcon_core.package_identification:_identify(src/teensy_sensors/firmware/ir_sensors) by extensions ['colcon_meta']
[1.225s] Level 1:colcon.colcon_core.package_identification:_identify(src/teensy_sensors/firmware/ir_sensors) by extension 'colcon_meta'
[1.225s] Level 1:colcon.colcon_core.package_identification:_identify(src/teensy_sensors/firmware/ir_sensors) by extensions ['ros']
[1.225s] Level 1:colcon.colcon_core.package_identification:_identify(src/teensy_sensors/firmware/ir_sensors) by extension 'ros'
[1.225s] Level 1:colcon.colcon_core.package_identification:_identify(src/teensy_sensors/firmware/ir_sensors) by extensions ['cmake', 'python']
[1.225s] Level 1:colcon.colcon_core.package_identification:_identify(src/teensy_sensors/firmware/ir_sensors) by extension 'cmake'
[1.225s] Level 1:colcon.colcon_core.package_identification:_identify(src/teensy_sensors/firmware/ir_sensors) by extension 'python'
[1.225s] Level 1:colcon.colcon_core.package_identification:_identify(src/teensy_sensors/firmware/ir_sensors) by extensions ['python_setup_py']
[1.226s] Level 1:colcon.colcon_core.package_identification:_identify(src/teensy_sensors/firmware/ir_sensors) by extension 'python_setup_py'
[1.226s] Level 1:colcon.colcon_core.package_identification:_identify(src/teensy_sensors/firmware/supervisor) by extensions ['ignore', 'ignore_ament_install']
[1.226s] Level 1:colcon.colcon_core.package_identification:_identify(src/teensy_sensors/firmware/supervisor) by extension 'ignore'
[1.226s] Level 1:colcon.colcon_core.package_identification:_identify(src/teensy_sensors/firmware/supervisor) by extension 'ignore_ament_install'
[1.226s] Level 1:colcon.colcon_core.package_identification:_identify(src/teensy_sensors/firmware/supervisor) by extensions ['colcon_pkg']
[1.226s] Level 1:colcon.colcon_core.package_identification:_identify(src/teensy_sensors/firmware/supervisor) by extension 'colcon_pkg'
[1.226s] Level 1:colcon.colcon_core.package_identification:_identify(src/teensy_sensors/firmware/supervisor) by extensions ['colcon_meta']
[1.226s] Level 1:colcon.colcon_core.package_identification:_identify(src/teensy_sensors/firmware/supervisor) by extension 'colcon_meta'
[1.226s] Level 1:colcon.colcon_core.package_identification:_identify(src/teensy_sensors/firmware/supervisor) by extensions ['ros']
[1.226s] Level 1:colcon.colcon_core.package_identification:_identify(src/teensy_sensors/firmware/supervisor) by extension 'ros'
[1.226s] Level 1:colcon.colcon_core.package_identification:_identify(src/teensy_sensors/firmware/supervisor) by extensions ['cmake', 'python']
[1.226s] Level 1:colcon.colcon_core.package_identification:_identify(src/teensy_sensors/firmware/supervisor) by extension 'cmake'
[1.226s] Level 1:colcon.colcon_core.package_identification:_identify(src/teensy_sensors/firmware/supervisor) by extension 'python'
[1.226s] Level 1:colcon.colcon_core.package_identification:_identify(src/teensy_sensors/firmware/supervisor) by extensions ['python_setup_py']
[1.226s] Level 1:colcon.colcon_core.package_identification:_identify(src/teensy_sensors/firmware/supervisor) by extension 'python_setup_py'
[1.226s] Level 1:colcon.colcon_core.package_identification:_identify(src/teensy_sensors/firmware/ultrasonic) by extensions ['ignore', 'ignore_ament_install']
[1.226s] Level 1:colcon.colcon_core.package_identification:_identify(src/teensy_sensors/firmware/ultrasonic) by extension 'ignore'
[1.226s] Level 1:colcon.colcon_core.package_identification:_identify(src/teensy_sensors/firmware/ultrasonic) by extension 'ignore_ament_install'
[1.226s] Level 1:colcon.colcon_core.package_identification:_identify(src/teensy_sensors/firmware/ultrasonic) by extensions ['colcon_pkg']
[1.226s] Level 1:colcon.colcon_core.package_identification:_identify(src/teensy_sensors/firmware/ultrasonic) by extension 'colcon_pkg'
[1.227s] Level 1:colcon.colcon_core.package_identification:_identify(src/teensy_sensors/firmware/ultrasonic) by extensions ['colcon_meta']
[1.227s] Level 1:colcon.colcon_core.package_identification:_identify(src/teensy_sensors/firmware/ultrasonic) by extension 'colcon_meta'
[1.227s] Level 1:colcon.colcon_core.package_identification:_identify(src/teensy_sensors/firmware/ultrasonic) by extensions ['ros']
[1.227s] Level 1:colcon.colcon_core.package_identification:_identify(src/teensy_sensors/firmware/ultrasonic) by extension 'ros'
[1.227s] Level 1:colcon.colcon_core.package_identification:_identify(src/teensy_sensors/firmware/ultrasonic) by extensions ['cmake', 'python']
[1.227s] Level 1:colcon.colcon_core.package_identification:_identify(src/teensy_sensors/firmware/ultrasonic) by extension 'cmake'
[1.227s] Level 1:colcon.colcon_core.package_identification:_identify(src/teensy_sensors/firmware/ultrasonic) by extension 'python'
[1.227s] Level 1:colcon.colcon_core.package_identification:_identify(src/teensy_sensors/firmware/ultrasonic) by extensions ['python_setup_py']
[1.227s] Level 1:colcon.colcon_core.package_identification:_identify(src/teensy_sensors/firmware/ultrasonic) by extension 'python_setup_py'
[1.227s] Level 1:colcon.colcon_core.package_identification:_identify(src/teensy_sensors/launch) by extensions ['ignore', 'ignore_ament_install']
[1.227s] Level 1:colcon.colcon_core.package_identification:_identify(src/teensy_sensors/launch) by extension 'ignore'
[1.227s] Level 1:colcon.colcon_core.package_identification:_identify(src/teensy_sensors/launch) by extension 'ignore_ament_install'
[1.227s] Level 1:colcon.colcon_core.package_identification:_identify(src/teensy_sensors/launch) by extensions ['colcon_pkg']
[1.227s] Level 1:colcon.colcon_core.package_identification:_identify(src/teensy_sensors/launch) by extension 'colcon_pkg'
[1.227s] Level 1:colcon.colcon_core.package_identification:_identify(src/teensy_sensors/launch) by extensions ['colcon_meta']
[1.227s] Level 1:colcon.colcon_core.package_identification:_identify(src/teensy_sensors/launch) by extension 'colcon_meta'
[1.227s] Level 1:colcon.colcon_core.package_identification:_identify(src/teensy_sensors/launch) by extensions ['ros']
[1.227s] Level 1:colcon.colcon_core.package_identification:_identify(src/teensy_sensors/launch) by extension 'ros'
[1.227s] Level 1:colcon.colcon_core.package_identification:_identify(src/teensy_sensors/launch) by extensions ['cmake', 'python']
[1.227s] Level 1:colcon.colcon_core.package_identification:_identify(src/teensy_sensors/launch) by extension 'cmake'
[1.227s] Level 1:colcon.colcon_core.package_identification:_identify(src/teensy_sensors/launch) by extension 'python'
[1.227s] Level 1:colcon.colcon_core.package_identification:_identify(src/teensy_sensors/launch) by extensions ['python_setup_py']
[1.227s] Level 1:colcon.colcon_core.package_identification:_identify(src/teensy_sensors/launch) by extension 'python_setup_py'
[1.228s] Level 1:colcon.colcon_core.package_identification:_identify(src/teensy_sensors/teensy_sensors) by extensions ['ignore', 'ignore_ament_install']
[1.228s] Level 1:colcon.colcon_core.package_identification:_identify(src/teensy_sensors/teensy_sensors) by extension 'ignore'
[1.228s] Level 1:colcon.colcon_core.package_identification:_identify(src/teensy_sensors/teensy_sensors) by extension 'ignore_ament_install'
[1.228s] Level 1:colcon.colcon_core.package_identification:_identify(src/teensy_sensors/teensy_sensors) by extensions ['colcon_pkg']
[1.228s] Level 1:colcon.colcon_core.package_identification:_identify(src/teensy_sensors/teensy_sensors) by extension 'colcon_pkg'
[1.228s] Level 1:colcon.colcon_core.package_identification:_identify(src/teensy_sensors/teensy_sensors) by extensions ['colcon_meta']
[1.228s] Level 1:colcon.colcon_core.package_identification:_identify(src/teensy_sensors/teensy_sensors) by extension 'colcon_meta'
[1.228s] Level 1:colcon.colcon_core.package_identification:_identify(src/teensy_sensors/teensy_sensors) by extensions ['ros']
[1.228s] Level 1:colcon.colcon_core.package_identification:_identify(src/teensy_sensors/teensy_sensors) by extension 'ros'
[1.228s] Level 1:colcon.colcon_core.package_identification:_identify(src/teensy_sensors/teensy_sensors) by extensions ['cmake', 'python']
[1.228s] Level 1:colcon.colcon_core.package_identification:_identify(src/teensy_sensors/teensy_sensors) by extension 'cmake'
[1.228s] Level 1:colcon.colcon_core.package_identification:_identify(src/teensy_sensors/teensy_sensors) by extension 'python'
[1.228s] Level 1:colcon.colcon_core.package_identification:_identify(src/teensy_sensors/teensy_sensors) by extensions ['python_setup_py']
[1.228s] Level 1:colcon.colcon_core.package_identification:_identify(src/teensy_sensors/teensy_sensors) by extension 'python_setup_py'
[1.229s] Level 1:colcon.colcon_core.package_identification:_identify(src/vision) by extensions ['ignore', 'ignore_ament_install']
[1.229s] Level 1:colcon.colcon_core.package_identification:_identify(src/vision) by extension 'ignore'
[1.229s] Level 1:colcon.colcon_core.package_identification:_identify(src/vision) by extension 'ignore_ament_install'
[1.229s] Level 1:colcon.colcon_core.package_identification:_identify(src/vision) by extensions ['colcon_pkg']
[1.229s] Level 1:colcon.colcon_core.package_identification:_identify(src/vision) by extension 'colcon_pkg'
[1.229s] Level 1:colcon.colcon_core.package_identification:_identify(src/vision) by extensions ['colcon_meta']
[1.229s] Level 1:colcon.colcon_core.package_identification:_identify(src/vision) by extension 'colcon_meta'
[1.229s] Level 1:colcon.colcon_core.package_identification:_identify(src/vision) by extensions ['ros']
[1.229s] Level 1:colcon.colcon_core.package_identification:_identify(src/vision) by extension 'ros'
[1.234s] DEBUG:colcon.colcon_core.package_identification:Package 'src/vision' with type 'ros.ament_python' and name 'vision'
[1.234s] Level 1:colcon.colcon_core.package_identification:_identify(teensy_firmware) by extensions ['ignore', 'ignore_ament_install']
[1.235s] Level 1:colcon.colcon_core.package_identification:_identify(teensy_firmware) by extension 'ignore'
[1.235s] Level 1:colcon.colcon_core.package_identification:_identify(teensy_firmware) by extension 'ignore_ament_install'
[1.235s] Level 1:colcon.colcon_core.package_identification:_identify(teensy_firmware) by extensions ['colcon_pkg']
[1.235s] Level 1:colcon.colcon_core.package_identification:_identify(teensy_firmware) by extension 'colcon_pkg'
[1.235s] Level 1:colcon.colcon_core.package_identification:_identify(teensy_firmware) by extensions ['colcon_meta']
[1.235s] Level 1:colcon.colcon_core.package_identification:_identify(teensy_firmware) by extension 'colcon_meta'
[1.235s] Level 1:colcon.colcon_core.package_identification:_identify(teensy_firmware) by extensions ['ros']
[1.235s] Level 1:colcon.colcon_core.package_identification:_identify(teensy_firmware) by extension 'ros'
[1.235s] Level 1:colcon.colcon_core.package_identification:_identify(teensy_firmware) by extensions ['cmake', 'python']
[1.235s] Level 1:colcon.colcon_core.package_identification:_identify(teensy_firmware) by extension 'cmake'
[1.236s] Level 1:colcon.colcon_core.package_identification:_identify(teensy_firmware) by extension 'python'
[1.236s] Level 1:colcon.colcon_core.package_identification:_identify(teensy_firmware) by extensions ['python_setup_py']
[1.236s] Level 1:colcon.colcon_core.package_identification:_identify(teensy_firmware) by extension 'python_setup_py'
[1.236s] Level 1:colcon.colcon_core.package_identification:_identify(teensy_firmware/include) by extensions ['ignore', 'ignore_ament_install']
[1.236s] Level 1:colcon.colcon_core.package_identification:_identify(teensy_firmware/include) by extension 'ignore'
[1.236s] Level 1:colcon.colcon_core.package_identification:_identify(teensy_firmware/include) by extension 'ignore_ament_install'
[1.236s] Level 1:colcon.colcon_core.package_identification:_identify(teensy_firmware/include) by extensions ['colcon_pkg']
[1.236s] Level 1:colcon.colcon_core.package_identification:_identify(teensy_firmware/include) by extension 'colcon_pkg'
[1.236s] Level 1:colcon.colcon_core.package_identification:_identify(teensy_firmware/include) by extensions ['colcon_meta']
[1.236s] Level 1:colcon.colcon_core.package_identification:_identify(teensy_firmware/include) by extension 'colcon_meta'
[1.236s] Level 1:colcon.colcon_core.package_identification:_identify(teensy_firmware/include) by extensions ['ros']
[1.236s] Level 1:colcon.colcon_core.package_identification:_identify(teensy_firmware/include) by extension 'ros'
[1.236s] Level 1:colcon.colcon_core.package_identification:_identify(teensy_firmware/include) by extensions ['cmake', 'python']
[1.237s] Level 1:colcon.colcon_core.package_identification:_identify(teensy_firmware/include) by extension 'cmake'
[1.237s] Level 1:colcon.colcon_core.package_identification:_identify(teensy_firmware/include) by extension 'python'
[1.237s] Level 1:colcon.colcon_core.package_identification:_identify(teensy_firmware/include) by extensions ['python_setup_py']
[1.237s] Level 1:colcon.colcon_core.package_identification:_identify(teensy_firmware/include) by extension 'python_setup_py'
[1.237s] Level 1:colcon.colcon_core.package_identification:_identify(teensy_firmware/lib) by extensions ['ignore', 'ignore_ament_install']
[1.237s] Level 1:colcon.colcon_core.package_identification:_identify(teensy_firmware/lib) by extension 'ignore'
[1.237s] Level 1:colcon.colcon_core.package_identification:_identify(teensy_firmware/lib) by extension 'ignore_ament_install'
[1.237s] Level 1:colcon.colcon_core.package_identification:_identify(teensy_firmware/lib) by extensions ['colcon_pkg']
[1.237s] Level 1:colcon.colcon_core.package_identification:_identify(teensy_firmware/lib) by extension 'colcon_pkg'
[1.237s] Level 1:colcon.colcon_core.package_identification:_identify(teensy_firmware/lib) by extensions ['colcon_meta']
[1.237s] Level 1:colcon.colcon_core.package_identification:_identify(teensy_firmware/lib) by extension 'colcon_meta'
[1.237s] Level 1:colcon.colcon_core.package_identification:_identify(teensy_firmware/lib) by extensions ['ros']
[1.237s] Level 1:colcon.colcon_core.package_identification:_identify(teensy_firmware/lib) by extension 'ros'
[1.237s] Level 1:colcon.colcon_core.package_identification:_identify(teensy_firmware/lib) by extensions ['cmake', 'python']
[1.237s] Level 1:colcon.colcon_core.package_identification:_identify(teensy_firmware/lib) by extension 'cmake'
[1.237s] Level 1:colcon.colcon_core.package_identification:_identify(teensy_firmware/lib) by extension 'python'
[1.237s] Level 1:colcon.colcon_core.package_identification:_identify(teensy_firmware/lib) by extensions ['python_setup_py']
[1.237s] Level 1:colcon.colcon_core.package_identification:_identify(teensy_firmware/lib) by extension 'python_setup_py'
[1.237s] Level 1:colcon.colcon_core.package_identification:_identify(teensy_firmware/lib/encoders) by extensions ['ignore', 'ignore_ament_install']
[1.238s] Level 1:colcon.colcon_core.package_identification:_identify(teensy_firmware/lib/encoders) by extension 'ignore'
[1.238s] Level 1:colcon.colcon_core.package_identification:_identify(teensy_firmware/lib/encoders) by extension 'ignore_ament_install'
[1.238s] Level 1:colcon.colcon_core.package_identification:_identify(teensy_firmware/lib/encoders) by extensions ['colcon_pkg']
[1.238s] Level 1:colcon.colcon_core.package_identification:_identify(teensy_firmware/lib/encoders) by extension 'colcon_pkg'
[1.238s] Level 1:colcon.colcon_core.package_identification:_identify(teensy_firmware/lib/encoders) by extensions ['colcon_meta']
[1.238s] Level 1:colcon.colcon_core.package_identification:_identify(teensy_firmware/lib/encoders) by extension 'colcon_meta'
[1.238s] Level 1:colcon.colcon_core.package_identification:_identify(teensy_firmware/lib/encoders) by extensions ['ros']
[1.238s] Level 1:colcon.colcon_core.package_identification:_identify(teensy_firmware/lib/encoders) by extension 'ros'
[1.238s] Level 1:colcon.colcon_core.package_identification:_identify(teensy_firmware/lib/encoders) by extensions ['cmake', 'python']
[1.238s] Level 1:colcon.colcon_core.package_identification:_identify(teensy_firmware/lib/encoders) by extension 'cmake'
[1.238s] Level 1:colcon.colcon_core.package_identification:_identify(teensy_firmware/lib/encoders) by extension 'python'
[1.238s] Level 1:colcon.colcon_core.package_identification:_identify(teensy_firmware/lib/encoders) by extensions ['python_setup_py']
[1.238s] Level 1:colcon.colcon_core.package_identification:_identify(teensy_firmware/lib/encoders) by extension 'python_setup_py'
[1.238s] Level 1:colcon.colcon_core.package_identification:_identify(teensy_firmware/lib/motor_driver) by extensions ['ignore', 'ignore_ament_install']
[1.238s] Level 1:colcon.colcon_core.package_identification:_identify(teensy_firmware/lib/motor_driver) by extension 'ignore'
[1.238s] Level 1:colcon.colcon_core.package_identification:_identify(teensy_firmware/lib/motor_driver) by extension 'ignore_ament_install'
[1.238s] Level 1:colcon.colcon_core.package_identification:_identify(teensy_firmware/lib/motor_driver) by extensions ['colcon_pkg']
[1.238s] Level 1:colcon.colcon_core.package_identification:_identify(teensy_firmware/lib/motor_driver) by extension 'colcon_pkg'
[1.238s] Level 1:colcon.colcon_core.package_identification:_identify(teensy_firmware/lib/motor_driver) by extensions ['colcon_meta']
[1.238s] Level 1:colcon.colcon_core.package_identification:_identify(teensy_firmware/lib/motor_driver) by extension 'colcon_meta'
[1.238s] Level 1:colcon.colcon_core.package_identification:_identify(teensy_firmware/lib/motor_driver) by extensions ['ros']
[1.238s] Level 1:colcon.colcon_core.package_identification:_identify(teensy_firmware/lib/motor_driver) by extension 'ros'
[1.239s] Level 1:colcon.colcon_core.package_identification:_identify(teensy_firmware/lib/motor_driver) by extensions ['cmake', 'python']
[1.239s] Level 1:colcon.colcon_core.package_identification:_identify(teensy_firmware/lib/motor_driver) by extension 'cmake'
[1.239s] Level 1:colcon.colcon_core.package_identification:_identify(teensy_firmware/lib/motor_driver) by extension 'python'
[1.239s] Level 1:colcon.colcon_core.package_identification:_identify(teensy_firmware/lib/motor_driver) by extensions ['python_setup_py']
[1.239s] Level 1:colcon.colcon_core.package_identification:_identify(teensy_firmware/lib/motor_driver) by extension 'python_setup_py'
[1.239s] Level 1:colcon.colcon_core.package_identification:_identify(teensy_firmware/src) by extensions ['ignore', 'ignore_ament_install']
[1.239s] Level 1:colcon.colcon_core.package_identification:_identify(teensy_firmware/src) by extension 'ignore'
[1.239s] Level 1:colcon.colcon_core.package_identification:_identify(teensy_firmware/src) by extension 'ignore_ament_install'
[1.239s] Level 1:colcon.colcon_core.package_identification:_identify(teensy_firmware/src) by extensions ['colcon_pkg']
[1.239s] Level 1:colcon.colcon_core.package_identification:_identify(teensy_firmware/src) by extension 'colcon_pkg'
[1.239s] Level 1:colcon.colcon_core.package_identification:_identify(teensy_firmware/src) by extensions ['colcon_meta']
[1.239s] Level 1:colcon.colcon_core.package_identification:_identify(teensy_firmware/src) by extension 'colcon_meta'
[1.239s] Level 1:colcon.colcon_core.package_identification:_identify(teensy_firmware/src) by extensions ['ros']
[1.239s] Level 1:colcon.colcon_core.package_identification:_identify(teensy_firmware/src) by extension 'ros'
[1.239s] Level 1:colcon.colcon_core.package_identification:_identify(teensy_firmware/src) by extensions ['cmake', 'python']
[1.239s] Level 1:colcon.colcon_core.package_identification:_identify(teensy_firmware/src) by extension 'cmake'
[1.239s] Level 1:colcon.colcon_core.package_identification:_identify(teensy_firmware/src) by extension 'python'
[1.239s] Level 1:colcon.colcon_core.package_identification:_identify(teensy_firmware/src) by extensions ['python_setup_py']
[1.239s] Level 1:colcon.colcon_core.package_identification:_identify(teensy_firmware/src) by extension 'python_setup_py'
[1.240s] Level 1:colcon.colcon_core.package_identification:_identify(teensy_firmware/test) by extensions ['ignore', 'ignore_ament_install']
[1.240s] Level 1:colcon.colcon_core.package_identification:_identify(teensy_firmware/test) by extension 'ignore'
[1.240s] Level 1:colcon.colcon_core.package_identification:_identify(teensy_firmware/test) by extension 'ignore_ament_install'
[1.240s] Level 1:colcon.colcon_core.package_identification:_identify(teensy_firmware/test) by extensions ['colcon_pkg']
[1.240s] Level 1:colcon.colcon_core.package_identification:_identify(teensy_firmware/test) by extension 'colcon_pkg'
[1.240s] Level 1:colcon.colcon_core.package_identification:_identify(teensy_firmware/test) by extensions ['colcon_meta']
[1.240s] Level 1:colcon.colcon_core.package_identification:_identify(teensy_firmware/test) by extension 'colcon_meta'
[1.240s] Level 1:colcon.colcon_core.package_identification:_identify(teensy_firmware/test) by extensions ['ros']
[1.240s] Level 1:colcon.colcon_core.package_identification:_identify(teensy_firmware/test) by extension 'ros'
[1.240s] Level 1:colcon.colcon_core.package_identification:_identify(teensy_firmware/test) by extensions ['cmake', 'python']
[1.240s] Level 1:colcon.colcon_core.package_identification:_identify(teensy_firmware/test) by extension 'cmake'
[1.240s] Level 1:colcon.colcon_core.package_identification:_identify(teensy_firmware/test) by extension 'python'
[1.240s] Level 1:colcon.colcon_core.package_identification:_identify(teensy_firmware/test) by extensions ['python_setup_py']
[1.240s] Level 1:colcon.colcon_core.package_identification:_identify(teensy_firmware/test) by extension 'python_setup_py'
[1.240s] Level 1:colcon.colcon_core.package_identification:_identify(teensy_firmware2) by extensions ['ignore', 'ignore_ament_install']
[1.240s] Level 1:colcon.colcon_core.package_identification:_identify(teensy_firmware2) by extension 'ignore'
[1.240s] Level 1:colcon.colcon_core.package_identification:_identify(teensy_firmware2) by extension 'ignore_ament_install'
[1.241s] Level 1:colcon.colcon_core.package_identification:_identify(teensy_firmware2) by extensions ['colcon_pkg']
[1.241s] Level 1:colcon.colcon_core.package_identification:_identify(teensy_firmware2) by extension 'colcon_pkg'
[1.241s] Level 1:colcon.colcon_core.package_identification:_identify(teensy_firmware2) by extensions ['colcon_meta']
[1.241s] Level 1:colcon.colcon_core.package_identification:_identify(teensy_firmware2) by extension 'colcon_meta'
[1.241s] Level 1:colcon.colcon_core.package_identification:_identify(teensy_firmware2) by extensions ['ros']
[1.241s] Level 1:colcon.colcon_core.package_identification:_identify(teensy_firmware2) by extension 'ros'
[1.241s] Level 1:colcon.colcon_core.package_identification:_identify(teensy_firmware2) by extensions ['cmake', 'python']
[1.241s] Level 1:colcon.colcon_core.package_identification:_identify(teensy_firmware2) by extension 'cmake'
[1.241s] Level 1:colcon.colcon_core.package_identification:_identify(teensy_firmware2) by extension 'python'
[1.241s] Level 1:colcon.colcon_core.package_identification:_identify(teensy_firmware2) by extensions ['python_setup_py']
[1.241s] Level 1:colcon.colcon_core.package_identification:_identify(teensy_firmware2) by extension 'python_setup_py'
[1.241s] Level 1:colcon.colcon_core.package_identification:_identify(teensy_firmware2/include) by extensions ['ignore', 'ignore_ament_install']
[1.241s] Level 1:colcon.colcon_core.package_identification:_identify(teensy_firmware2/include) by extension 'ignore'
[1.241s] Level 1:colcon.colcon_core.package_identification:_identify(teensy_firmware2/include) by extension 'ignore_ament_install'
[1.241s] Level 1:colcon.colcon_core.package_identification:_identify(teensy_firmware2/include) by extensions ['colcon_pkg']
[1.241s] Level 1:colcon.colcon_core.package_identification:_identify(teensy_firmware2/include) by extension 'colcon_pkg'
[1.241s] Level 1:colcon.colcon_core.package_identification:_identify(teensy_firmware2/include) by extensions ['colcon_meta']
[1.241s] Level 1:colcon.colcon_core.package_identification:_identify(teensy_firmware2/include) by extension 'colcon_meta'
[1.241s] Level 1:colcon.colcon_core.package_identification:_identify(teensy_firmware2/include) by extensions ['ros']
[1.241s] Level 1:colcon.colcon_core.package_identification:_identify(teensy_firmware2/include) by extension 'ros'
[1.241s] Level 1:colcon.colcon_core.package_identification:_identify(teensy_firmware2/include) by extensions ['cmake', 'python']
[1.242s] Level 1:colcon.colcon_core.package_identification:_identify(teensy_firmware2/include) by extension 'cmake'
[1.242s] Level 1:colcon.colcon_core.package_identification:_identify(teensy_firmware2/include) by extension 'python'
[1.242s] Level 1:colcon.colcon_core.package_identification:_identify(teensy_firmware2/include) by extensions ['python_setup_py']
[1.242s] Level 1:colcon.colcon_core.package_identification:_identify(teensy_firmware2/include) by extension 'python_setup_py'
[1.242s] Level 1:colcon.colcon_core.package_identification:_identify(teensy_firmware2/src) by extensions ['ignore', 'ignore_ament_install']
[1.242s] Level 1:colcon.colcon_core.package_identification:_identify(teensy_firmware2/src) by extension 'ignore'
[1.242s] Level 1:colcon.colcon_core.package_identification:_identify(teensy_firmware2/src) by extension 'ignore_ament_install'
[1.242s] Level 1:colcon.colcon_core.package_identification:_identify(teensy_firmware2/src) by extensions ['colcon_pkg']
[1.242s] Level 1:colcon.colcon_core.package_identification:_identify(teensy_firmware2/src) by extension 'colcon_pkg'
[1.242s] Level 1:colcon.colcon_core.package_identification:_identify(teensy_firmware2/src) by extensions ['colcon_meta']
[1.242s] Level 1:colcon.colcon_core.package_identification:_identify(teensy_firmware2/src) by extension 'colcon_meta'
[1.242s] Level 1:colcon.colcon_core.package_identification:_identify(teensy_firmware2/src) by extensions ['ros']
[1.242s] Level 1:colcon.colcon_core.package_identification:_identify(teensy_firmware2/src) by extension 'ros'
[1.242s] Level 1:colcon.colcon_core.package_identification:_identify(teensy_firmware2/src) by extensions ['cmake', 'python']
[1.242s] Level 1:colcon.colcon_core.package_identification:_identify(teensy_firmware2/src) by extension 'cmake'
[1.242s] Level 1:colcon.colcon_core.package_identification:_identify(teensy_firmware2/src) by extension 'python'
[1.242s] Level 1:colcon.colcon_core.package_identification:_identify(teensy_firmware2/src) by extensions ['python_setup_py']
[1.242s] Level 1:colcon.colcon_core.package_identification:_identify(teensy_firmware2/src) by extension 'python_setup_py'
[1.242s] Level 1:colcon.colcon_core.package_identification:_identify(teensy_firmware2/test) by extensions ['ignore', 'ignore_ament_install']
[1.242s] Level 1:colcon.colcon_core.package_identification:_identify(teensy_firmware2/test) by extension 'ignore'
[1.242s] Level 1:colcon.colcon_core.package_identification:_identify(teensy_firmware2/test) by extension 'ignore_ament_install'
[1.243s] Level 1:colcon.colcon_core.package_identification:_identify(teensy_firmware2/test) by extensions ['colcon_pkg']
[1.243s] Level 1:colcon.colcon_core.package_identification:_identify(teensy_firmware2/test) by extension 'colcon_pkg'
[1.243s] Level 1:colcon.colcon_core.package_identification:_identify(teensy_firmware2/test) by extensions ['colcon_meta']
[1.243s] Level 1:colcon.colcon_core.package_identification:_identify(teensy_firmware2/test) by extension 'colcon_meta'
[1.243s] Level 1:colcon.colcon_core.package_identification:_identify(teensy_firmware2/test) by extensions ['ros']
[1.243s] Level 1:colcon.colcon_core.package_identification:_identify(teensy_firmware2/test) by extension 'ros'
[1.243s] Level 1:colcon.colcon_core.package_identification:_identify(teensy_firmware2/test) by extensions ['cmake', 'python']
[1.243s] Level 1:colcon.colcon_core.package_identification:_identify(teensy_firmware2/test) by extension 'cmake'
[1.243s] Level 1:colcon.colcon_core.package_identification:_identify(teensy_firmware2/test) by extension 'python'
[1.243s] Level 1:colcon.colcon_core.package_identification:_identify(teensy_firmware2/test) by extensions ['python_setup_py']
[1.243s] Level 1:colcon.colcon_core.package_identification:_identify(teensy_firmware2/test) by extension 'python_setup_py'
[1.243s] Level 1:colcon.colcon_core.package_identification:_identify(tools) by extensions ['ignore', 'ignore_ament_install']
[1.243s] Level 1:colcon.colcon_core.package_identification:_identify(tools) by extension 'ignore'
[1.243s] Level 1:colcon.colcon_core.package_identification:_identify(tools) by extension 'ignore_ament_install'
[1.243s] Level 1:colcon.colcon_core.package_identification:_identify(tools) by extensions ['colcon_pkg']
[1.243s] Level 1:colcon.colcon_core.package_identification:_identify(tools) by extension 'colcon_pkg'
[1.243s] Level 1:colcon.colcon_core.package_identification:_identify(tools) by extensions ['colcon_meta']
[1.243s] Level 1:colcon.colcon_core.package_identification:_identify(tools) by extension 'colcon_meta'
[1.243s] Level 1:colcon.colcon_core.package_identification:_identify(tools) by extensions ['ros']
[1.243s] Level 1:colcon.colcon_core.package_identification:_identify(tools) by extension 'ros'
[1.243s] Level 1:colcon.colcon_core.package_identification:_identify(tools) by extensions ['cmake', 'python']
[1.243s] Level 1:colcon.colcon_core.package_identification:_identify(tools) by extension 'cmake'
[1.244s] Level 1:colcon.colcon_core.package_identification:_identify(tools) by extension 'python'
[1.244s] Level 1:colcon.colcon_core.package_identification:_identify(tools) by extensions ['python_setup_py']
[1.244s] Level 1:colcon.colcon_core.package_identification:_identify(tools) by extension 'python_setup_py'
[1.244s] Level 1:colcon.colcon_core.package_identification:_identify(tools/calib_images) by extensions ['ignore', 'ignore_ament_install']
[1.244s] Level 1:colcon.colcon_core.package_identification:_identify(tools/calib_images) by extension 'ignore'
[1.244s] Level 1:colcon.colcon_core.package_identification:_identify(tools/calib_images) by extension 'ignore_ament_install'
[1.244s] Level 1:colcon.colcon_core.package_identification:_identify(tools/calib_images) by extensions ['colcon_pkg']
[1.244s] Level 1:colcon.colcon_core.package_identification:_identify(tools/calib_images) by extension 'colcon_pkg'
[1.244s] Level 1:colcon.colcon_core.package_identification:_identify(tools/calib_images) by extensions ['colcon_meta']
[1.244s] Level 1:colcon.colcon_core.package_identification:_identify(tools/calib_images) by extension 'colcon_meta'
[1.244s] Level 1:colcon.colcon_core.package_identification:_identify(tools/calib_images) by extensions ['ros']
[1.244s] Level 1:colcon.colcon_core.package_identification:_identify(tools/calib_images) by extension 'ros'
[1.244s] Level 1:colcon.colcon_core.package_identification:_identify(tools/calib_images) by extensions ['cmake', 'python']
[1.244s] Level 1:colcon.colcon_core.package_identification:_identify(tools/calib_images) by extension 'cmake'
[1.244s] Level 1:colcon.colcon_core.package_identification:_identify(tools/calib_images) by extension 'python'
[1.244s] Level 1:colcon.colcon_core.package_identification:_identify(tools/calib_images) by extensions ['python_setup_py']
[1.244s] Level 1:colcon.colcon_core.package_identification:_identify(tools/calib_images) by extension 'python_setup_py'
[1.244s] Level 1:colcon.colcon_core.package_identification:_identify(tools/calibration) by extensions ['ignore', 'ignore_ament_install']
[1.244s] Level 1:colcon.colcon_core.package_identification:_identify(tools/calibration) by extension 'ignore'
[1.245s] Level 1:colcon.colcon_core.package_identification:_identify(tools/calibration) by extension 'ignore_ament_install'
[1.245s] Level 1:colcon.colcon_core.package_identification:_identify(tools/calibration) by extensions ['colcon_pkg']
[1.245s] Level 1:colcon.colcon_core.package_identification:_identify(tools/calibration) by extension 'colcon_pkg'
[1.245s] Level 1:colcon.colcon_core.package_identification:_identify(tools/calibration) by extensions ['colcon_meta']
[1.245s] Level 1:colcon.colcon_core.package_identification:_identify(tools/calibration) by extension 'colcon_meta'
[1.245s] Level 1:colcon.colcon_core.package_identification:_identify(tools/calibration) by extensions ['ros']
[1.245s] Level 1:colcon.colcon_core.package_identification:_identify(tools/calibration) by extension 'ros'
[1.245s] Level 1:colcon.colcon_core.package_identification:_identify(tools/calibration) by extensions ['cmake', 'python']
[1.245s] Level 1:colcon.colcon_core.package_identification:_identify(tools/calibration) by extension 'cmake'
[1.245s] Level 1:colcon.colcon_core.package_identification:_identify(tools/calibration) by extension 'python'
[1.245s] Level 1:colcon.colcon_core.package_identification:_identify(tools/calibration) by extensions ['python_setup_py']
[1.245s] Level 1:colcon.colcon_core.package_identification:_identify(tools/calibration) by extension 'python_setup_py'
[1.245s] Level 1:colcon.colcon_core.package_identification:_identify(tools/testing) by extensions ['ignore', 'ignore_ament_install']
[1.245s] Level 1:colcon.colcon_core.package_identification:_identify(tools/testing) by extension 'ignore'
[1.245s] Level 1:colcon.colcon_core.package_identification:_identify(tools/testing) by extension 'ignore_ament_install'
[1.245s] Level 1:colcon.colcon_core.package_identification:_identify(tools/testing) by extensions ['colcon_pkg']
[1.245s] Level 1:colcon.colcon_core.package_identification:_identify(tools/testing) by extension 'colcon_pkg'
[1.245s] Level 1:colcon.colcon_core.package_identification:_identify(tools/testing) by extensions ['colcon_meta']
[1.245s] Level 1:colcon.colcon_core.package_identification:_identify(tools/testing) by extension 'colcon_meta'
[1.245s] Level 1:colcon.colcon_core.package_identification:_identify(tools/testing) by extensions ['ros']
[1.245s] Level 1:colcon.colcon_core.package_identification:_identify(tools/testing) by extension 'ros'
[1.245s] Level 1:colcon.colcon_core.package_identification:_identify(tools/testing) by extensions ['cmake', 'python']
[1.245s] Level 1:colcon.colcon_core.package_identification:_identify(tools/testing) by extension 'cmake'
[1.245s] Level 1:colcon.colcon_core.package_identification:_identify(tools/testing) by extension 'python'
[1.246s] Level 1:colcon.colcon_core.package_identification:_identify(tools/testing) by extensions ['python_setup_py']
[1.246s] Level 1:colcon.colcon_core.package_identification:_identify(tools/testing) by extension 'python_setup_py'
[1.246s] Level 1:colcon.colcon_core.package_identification:_identify(tools/visualization) by extensions ['ignore', 'ignore_ament_install']
[1.246s] Level 1:colcon.colcon_core.package_identification:_identify(tools/visualization) by extension 'ignore'
[1.246s] Level 1:colcon.colcon_core.package_identification:_identify(tools/visualization) by extension 'ignore_ament_install'
[1.246s] Level 1:colcon.colcon_core.package_identification:_identify(tools/visualization) by extensions ['colcon_pkg']
[1.246s] Level 1:colcon.colcon_core.package_identification:_identify(tools/visualization) by extension 'colcon_pkg'
[1.246s] Level 1:colcon.colcon_core.package_identification:_identify(tools/visualization) by extensions ['colcon_meta']
[1.246s] Level 1:colcon.colcon_core.package_identification:_identify(tools/visualization) by extension 'colcon_meta'
[1.246s] Level 1:colcon.colcon_core.package_identification:_identify(tools/visualization) by extensions ['ros']
[1.246s] Level 1:colcon.colcon_core.package_identification:_identify(tools/visualization) by extension 'ros'
[1.246s] Level 1:colcon.colcon_core.package_identification:_identify(tools/visualization) by extensions ['cmake', 'python']
[1.246s] Level 1:colcon.colcon_core.package_identification:_identify(tools/visualization) by extension 'cmake'
[1.246s] Level 1:colcon.colcon_core.package_identification:_identify(tools/visualization) by extension 'python'
[1.246s] Level 1:colcon.colcon_core.package_identification:_identify(tools/visualization) by extensions ['python_setup_py']
[1.246s] Level 1:colcon.colcon_core.package_identification:_identify(tools/visualization) by extension 'python_setup_py'
[1.246s] Level 1:colcon.colcon_core.package_discovery:discover_packages(recursive) using defaults
[1.246s] Level 1:colcon.colcon_core.package_discovery:discover_packages(ignore) discover
[1.246s] Level 1:colcon.colcon_core.package_discovery:discover_packages(ignore) using defaults
[1.246s] Level 1:colcon.colcon_core.package_discovery:discover_packages(path) discover
[1.246s] Level 1:colcon.colcon_core.package_discovery:discover_packages(path) using defaults
[1.283s] INFO:colcon.colcon_core.package_selection:Skipping not selected package 'navigation' in 'src/navigation'
[1.283s] INFO:colcon.colcon_core.package_selection:Skipping not selected package 'robot_msgs' in 'src/robot_msgs'
[1.283s] INFO:colcon.colcon_core.package_selection:Skipping not selected package 'strategy' in 'src/strategy'
[1.283s] INFO:colcon.colcon_core.package_selection:Skipping not selected package 'vision' in 'src/vision'
[1.284s] Level 5:colcon.colcon_core.verb:set package 'robot_bringup' build argument 'cmake_args' from command line to 'None'
[1.284s] Level 5:colcon.colcon_core.verb:set package 'robot_bringup' build argument 'cmake_target' from command line to 'None'
[1.284s] Level 5:colcon.colcon_core.verb:set package 'robot_bringup' build argument 'cmake_target_skip_unavailable' from command line to 'False'
[1.284s] Level 5:colcon.colcon_core.verb:set package 'robot_bringup' build argument 'cmake_clean_cache' from command line to 'False'
[1.284s] Level 5:colcon.colcon_core.verb:set package 'robot_bringup' build argument 'cmake_clean_first' from command line to 'False'
[1.284s] Level 5:colcon.colcon_core.verb:set package 'robot_bringup' build argument 'cmake_force_configure' from command line to 'False'
[1.284s] Level 5:colcon.colcon_core.verb:set package 'robot_bringup' build argument 'ament_cmake_args' from command line to 'None'
[1.284s] Level 5:colcon.colcon_core.verb:set package 'robot_bringup' build argument 'catkin_cmake_args' from command line to 'None'
[1.284s] Level 5:colcon.colcon_core.verb:set package 'robot_bringup' build argument 'catkin_skip_building_tests' from command line to 'False'
[1.284s] DEBUG:colcon.colcon_core.verb:Building package 'robot_bringup' with the following arguments: {'ament_cmake_args': None, 'build_base': '/workspace/build/robot_bringup', 'catkin_cmake_args': None, 'catkin_skip_building_tests': False, 'cmake_args': None, 'cmake_clean_cache': False, 'cmake_clean_first': False, 'cmake_force_configure': False, 'cmake_target': None, 'cmake_target_skip_unavailable': False, 'install_base': '/workspace/install/robot_bringup', 'merge_install': False, 'path': '/workspace/src/robot_bringup', 'symlink_install': False, 'test_result_base': None}
[1.285s] INFO:colcon.colcon_core.executor:Executing jobs using 'parallel' executor
[1.286s] DEBUG:colcon.colcon_parallel_executor.executor.parallel:run_until_complete
[1.287s] INFO:colcon.colcon_ros.task.ament_python.build:Building ROS package in '/workspace/src/robot_bringup' with build type 'ament_python'
[1.287s] Level 1:colcon.colcon_core.shell:create_environment_hook('robot_bringup', 'ament_prefix_path')
[1.293s] INFO:colcon.colcon_core.plugin_system:Skipping extension 'colcon_core.shell.bat': Not used on non-Windows systems
[1.294s] INFO:colcon.colcon_core.shell:Creating environment hook '/workspace/install/robot_bringup/share/robot_bringup/hook/ament_prefix_path.ps1'
[1.295s] INFO:colcon.colcon_core.shell:Creating environment descriptor '/workspace/install/robot_bringup/share/robot_bringup/hook/ament_prefix_path.dsv'
[1.296s] INFO:colcon.colcon_core.shell:Creating environment hook '/workspace/install/robot_bringup/share/robot_bringup/hook/ament_prefix_path.sh'
[1.297s] INFO:colcon.colcon_core.shell:Skip shell extension 'powershell' for command environment: Not usable outside of PowerShell
[1.297s] DEBUG:colcon.colcon_core.shell:Skip shell extension 'dsv' for command environment
[1.581s] INFO:colcon.colcon_core.task.python.build:Building Python package in '/workspace/src/robot_bringup'
[1.582s] INFO:colcon.colcon_core.shell:Skip shell extension 'powershell' for command environment: Not usable outside of PowerShell
[1.582s] DEBUG:colcon.colcon_core.shell:Skip shell extension 'dsv' for command environment
[2.161s] DEBUG:colcon.colcon_core.event_handler.log_command:Invoking command in '/workspace/build/robot_bringup': AMENT_PREFIX_PATH=/workspace/install/vision:/workspace/install/navigation:/workspace/install/robot_bringup:/workspace/install/strategy:/app/install/camera_ros:/opt/microros_ws/install/micro_ros_agent:/opt/microros_ws/install/micro_ros_msgs:/opt/ros/humble PATH=/workspace/install/vision/bin:/workspace/install/navigation/bin:/workspace/install/strategy/bin:/opt/ros/humble/bin:/usr/local/sbin:/usr/local/bin:/usr/sbin:/usr/bin:/sbin:/bin PYTHONPATH=/workspace/build/robot_bringup/prefix_override:/usr/lib/python3/dist-packages/colcon_core/task/python/colcon_distutils_commands:/workspace/install/robot_bringup/lib/python3.10/site-packages:/workspace/build/vision:/workspace/install/vision/lib/python3.10/site-packages:/workspace/build/navigation:/workspace/install/navigation/lib/python3.10/site-packages:/workspace/build/robot_bringup:/workspace/install/robot_bringup/lib/python3.10/site-packages:/workspace/build/strategy:/workspace/install/strategy/lib/python3.10/site-packages:/opt/microros_ws/install/micro_ros_msgs/local/lib/python3.10/dist-packages:/opt/ros/humble/lib/python3.10/site-packages:/opt/ros/humble/local/lib/python3.10/dist-packages /usr/bin/python3 -W ignore:setup.py install is deprecated -W ignore:easy_install command is deprecated setup.py develop --uninstall --editable --build-directory /workspace/build/robot_bringup/build
[2.595s] DEBUG:colcon.colcon_core.event_handler.log_command:Invoked command in '/workspace/build/robot_bringup' returned '0': AMENT_PREFIX_PATH=/workspace/install/vision:/workspace/install/navigation:/workspace/install/robot_bringup:/workspace/install/strategy:/app/install/camera_ros:/opt/microros_ws/install/micro_ros_agent:/opt/microros_ws/install/micro_ros_msgs:/opt/ros/humble PATH=/workspace/install/vision/bin:/workspace/install/navigation/bin:/workspace/install/strategy/bin:/opt/ros/humble/bin:/usr/local/sbin:/usr/local/bin:/usr/sbin:/usr/bin:/sbin:/bin PYTHONPATH=/workspace/build/robot_bringup/prefix_override:/usr/lib/python3/dist-packages/colcon_core/task/python/colcon_distutils_commands:/workspace/install/robot_bringup/lib/python3.10/site-packages:/workspace/build/vision:/workspace/install/vision/lib/python3.10/site-packages:/workspace/build/navigation:/workspace/install/navigation/lib/python3.10/site-packages:/workspace/build/robot_bringup:/workspace/install/robot_bringup/lib/python3.10/site-packages:/workspace/build/strategy:/workspace/install/strategy/lib/python3.10/site-packages:/opt/microros_ws/install/micro_ros_msgs/local/lib/python3.10/dist-packages:/opt/ros/humble/lib/python3.10/site-packages:/opt/ros/humble/local/lib/python3.10/dist-packages /usr/bin/python3 -W ignore:setup.py install is deprecated -W ignore:easy_install command is deprecated setup.py develop --uninstall --editable --build-directory /workspace/build/robot_bringup/build
[2.597s] DEBUG:colcon.colcon_core.event_handler.log_command:Invoking command in '/workspace/src/robot_bringup': AMENT_PREFIX_PATH=/workspace/install/vision:/workspace/install/navigation:/workspace/install/robot_bringup:/workspace/install/strategy:/app/install/camera_ros:/opt/microros_ws/install/micro_ros_agent:/opt/microros_ws/install/micro_ros_msgs:/opt/ros/humble PATH=/workspace/install/vision/bin:/workspace/install/navigation/bin:/workspace/install/strategy/bin:/opt/ros/humble/bin:/usr/local/sbin:/usr/local/bin:/usr/sbin:/usr/bin:/sbin:/bin PYTHONPATH=/workspace/build/robot_bringup/prefix_override:/usr/lib/python3/dist-packages/colcon_core/task/python/colcon_distutils_commands:/workspace/install/robot_bringup/lib/python3.10/site-packages:/workspace/build/vision:/workspace/install/vision/lib/python3.10/site-packages:/workspace/build/navigation:/workspace/install/navigation/lib/python3.10/site-packages:/workspace/build/robot_bringup:/workspace/install/robot_bringup/lib/python3.10/site-packages:/workspace/build/strategy:/workspace/install/strategy/lib/python3.10/site-packages:/opt/microros_ws/install/micro_ros_msgs/local/lib/python3.10/dist-packages:/opt/ros/humble/lib/python3.10/site-packages:/opt/ros/humble/local/lib/python3.10/dist-packages /usr/bin/python3 -W ignore:setup.py install is deprecated -W ignore:easy_install command is deprecated setup.py egg_info --egg-base ../../build/robot_bringup build --build-base /workspace/build/robot_bringup/build install --record /workspace/build/robot_bringup/install.log --single-version-externally-managed install_data --force
[2.906s] DEBUG:colcon.colcon_core.event_handler.log_command:Invoked command in '/workspace/src/robot_bringup' returned '0': AMENT_PREFIX_PATH=/workspace/install/vision:/workspace/install/navigation:/workspace/install/robot_bringup:/workspace/install/strategy:/app/install/camera_ros:/opt/microros_ws/install/micro_ros_agent:/opt/microros_ws/install/micro_ros_msgs:/opt/ros/humble PATH=/workspace/install/vision/bin:/workspace/install/navigation/bin:/workspace/install/strategy/bin:/opt/ros/humble/bin:/usr/local/sbin:/usr/local/bin:/usr/sbin:/usr/bin:/sbin:/bin PYTHONPATH=/workspace/build/robot_bringup/prefix_override:/usr/lib/python3/dist-packages/colcon_core/task/python/colcon_distutils_commands:/workspace/install/robot_bringup/lib/python3.10/site-packages:/workspace/build/vision:/workspace/install/vision/lib/python3.10/site-packages:/workspace/build/navigation:/workspace/install/navigation/lib/python3.10/site-packages:/workspace/build/robot_bringup:/workspace/install/robot_bringup/lib/python3.10/site-packages:/workspace/build/strategy:/workspace/install/strategy/lib/python3.10/site-packages:/opt/microros_ws/install/micro_ros_msgs/local/lib/python3.10/dist-packages:/opt/ros/humble/lib/python3.10/site-packages:/opt/ros/humble/local/lib/python3.10/dist-packages /usr/bin/python3 -W ignore:setup.py install is deprecated -W ignore:easy_install command is deprecated setup.py egg_info --egg-base ../../build/robot_bringup build --build-base /workspace/build/robot_bringup/build install --record /workspace/build/robot_bringup/install.log --single-version-externally-managed install_data --force
[2.913s] Level 1:colcon.colcon_core.environment:checking '/workspace/install/robot_bringup' for CMake module files
[2.914s] Level 1:colcon.colcon_core.environment:checking '/workspace/install/robot_bringup' for CMake config files
[2.915s] Level 1:colcon.colcon_core.environment:checking '/workspace/install/robot_bringup/lib'
[2.915s] Level 1:colcon.colcon_core.environment:checking '/workspace/install/robot_bringup/bin'
[2.915s] Level 1:colcon.colcon_core.environment:checking '/workspace/install/robot_bringup/lib/pkgconfig/robot_bringup.pc'
[2.915s] Level 1:colcon.colcon_core.environment:checking '/workspace/install/robot_bringup/lib/python3.10/site-packages'
[2.915s] Level 1:colcon.colcon_core.shell:create_environment_hook('robot_bringup', 'pythonpath')
[2.916s] INFO:colcon.colcon_core.shell:Creating environment hook '/workspace/install/robot_bringup/share/robot_bringup/hook/pythonpath.ps1'
[2.916s] INFO:colcon.colcon_core.shell:Creating environment descriptor '/workspace/install/robot_bringup/share/robot_bringup/hook/pythonpath.dsv'
[2.917s] INFO:colcon.colcon_core.shell:Creating environment hook '/workspace/install/robot_bringup/share/robot_bringup/hook/pythonpath.sh'
[2.918s] Level 1:colcon.colcon_core.environment:checking '/workspace/install/robot_bringup/bin'
[2.918s] Level 1:colcon.colcon_core.environment:create_environment_scripts_only(robot_bringup)
[2.919s] INFO:colcon.colcon_core.shell:Creating package script '/workspace/install/robot_bringup/share/robot_bringup/package.ps1'
[2.920s] INFO:colcon.colcon_core.shell:Creating package descriptor '/workspace/install/robot_bringup/share/robot_bringup/package.dsv'
[2.921s] INFO:colcon.colcon_core.shell:Creating package script '/workspace/install/robot_bringup/share/robot_bringup/package.sh'
[2.922s] INFO:colcon.colcon_core.shell:Creating package script '/workspace/install/robot_bringup/share/robot_bringup/package.bash'
[2.923s] INFO:colcon.colcon_core.shell:Creating package script '/workspace/install/robot_bringup/share/robot_bringup/package.zsh'
[2.925s] Level 1:colcon.colcon_core.environment:create_file_with_runtime_dependencies(/workspace/install/robot_bringup/share/colcon-core/packages/robot_bringup)
[2.925s] DEBUG:colcon.colcon_parallel_executor.executor.parallel:closing loop
[2.925s] DEBUG:colcon.colcon_parallel_executor.executor.parallel:loop closed
[2.926s] DEBUG:colcon.colcon_parallel_executor.executor.parallel:run_until_complete finished with '0'
[2.926s] DEBUG:colcon.colcon_core.event_reactor:joining thread
[2.940s] INFO:colcon.colcon_core.plugin_system:Skipping extension 'colcon_notification.desktop_notification.notify_send': Could not find 'notify-send'
[2.941s] INFO:colcon.colcon_core.plugin_system:Skipping extension 'colcon_notification.desktop_notification.terminal_notifier': Not used on non-Darwin systems
[2.941s] INFO:colcon.colcon_core.plugin_system:Skipping extension 'colcon_notification.desktop_notification.win32': Not used on non-Windows systems
[2.941s] INFO:colcon.colcon_notification.desktop_notification:Sending desktop notification using 'notify2'
[2.947s] DEBUG:colcon.colcon_notification.desktop_notification.notify2:Failed to initialize notify2: org.freedesktop.DBus.Error.Spawn.ExecFailed: /usr/bin/dbus-launch terminated abnormally without any error message
[2.947s] DEBUG:colcon.colcon_core.event_reactor:joined thread
[2.947s] INFO:colcon.colcon_core.shell:Creating prefix script '/workspace/install/local_setup.ps1'
[2.949s] INFO:colcon.colcon_core.shell:Creating prefix util module '/workspace/install/_local_setup_util_ps1.py'
[2.951s] INFO:colcon.colcon_core.shell:Creating prefix chain script '/workspace/install/setup.ps1'
[2.953s] INFO:colcon.colcon_core.shell:Creating prefix script '/workspace/install/local_setup.sh'
[2.954s] INFO:colcon.colcon_core.shell:Creating prefix util module '/workspace/install/_local_setup_util_sh.py'
[2.954s] INFO:colcon.colcon_core.shell:Creating prefix chain script '/workspace/install/setup.sh'
[2.956s] INFO:colcon.colcon_core.shell:Creating prefix script '/workspace/install/local_setup.bash'
[2.957s] INFO:colcon.colcon_core.shell:Creating prefix chain script '/workspace/install/setup.bash'
[2.958s] INFO:colcon.colcon_core.shell:Creating prefix script '/workspace/install/local_setup.zsh'
[2.959s] INFO:colcon.colcon_core.shell:Creating prefix chain script '/workspace/install/setup.zsh'
