[0.157s] DEBUG:colcon:Command line arguments: ['/usr/local/bin/colcon', 'build', '--packages-select', 'robot_bringup', 'navigation', 'vision']
[0.157s] DEBUG:colcon:Parsed command line arguments: Namespace(log_base=None, log_level=None, verb_name='build', build_base='build', install_base='install', merge_install=False, symlink_install=False, test_result_base=None, continue_on_error=False, executor='parallel', parallel_workers=4, event_handlers=None, ignore_user_meta=False, metas=['./colcon.meta'], base_paths=['.'], packages_ignore=None, packages_ignore_regex=None, paths=None, packages_up_to=None, packages_up_to_regex=None, packages_above=None, packages_above_and_dependencies=None, packages_above_depth=None, packages_select_by_dep=None, packages_skip_by_dep=None, packages_skip_up_to=None, packages_select_build_failed=False, packages_skip_build_finished=False, packages_select_test_failures=False, packages_skip_test_passed=False, packages_select=['robot_bringup', 'navigation', 'vision'], packages_skip=None, packages_select_regex=None, packages_skip_regex=None, packages_start=None, packages_end=None, cmake_args=None, cmake_target=None, cmake_target_skip_unavailable=False, cmake_clean_cache=False, cmake_clean_first=False, cmake_force_configure=False, ament_cmake_args=None, catkin_cmake_args=None, catkin_skip_building_tests=False, verb_parser=<colcon_defaults.argument_parser.defaults.DefaultArgumentsDecorator object at 0x7fff5ac24b10>, verb_extension=<colcon_core.verb.build.BuildVerb object at 0x7fff5ae41010>, main=<bound method BuildVerb.main of <colcon_core.verb.build.BuildVerb object at 0x7fff5ae41010>>)
[0.311s] Level 1:colcon.colcon_core.package_discovery:discover_packages(colcon_meta) check parameters
[0.311s] Level 1:colcon.colcon_core.package_discovery:discover_packages(recursive) check parameters
[0.311s] Level 1:colcon.colcon_core.package_discovery:discover_packages(ignore) check parameters
[0.311s] Level 1:colcon.colcon_core.package_discovery:discover_packages(path) check parameters
[0.311s] Level 1:colcon.colcon_core.package_discovery:discover_packages(colcon_meta) discover
[0.311s] Level 1:colcon.colcon_core.package_discovery:discover_packages(recursive) discover
[0.311s] INFO:colcon.colcon_core.package_discovery:Crawling recursively for packages in '/home/elyssa/robot_ws'
[0.312s] Level 1:colcon.colcon_core.package_identification:_identify(.) by extensions ['ignore', 'ignore_ament_install']
[0.312s] Level 1:colcon.colcon_core.package_identification:_identify(.) by extension 'ignore'
[0.312s] Level 1:colcon.colcon_core.package_identification:_identify(.) by extension 'ignore_ament_install'
[0.312s] Level 1:colcon.colcon_core.package_identification:_identify(.) by extensions ['colcon_pkg']
[0.312s] Level 1:colcon.colcon_core.package_identification:_identify(.) by extension 'colcon_pkg'
[0.312s] Level 1:colcon.colcon_core.package_identification:_identify(.) by extensions ['colcon_meta']
[0.312s] Level 1:colcon.colcon_core.package_identification:_identify(.) by extension 'colcon_meta'
[0.312s] Level 1:colcon.colcon_core.package_identification:_identify(.) by extensions ['ros']
[0.312s] Level 1:colcon.colcon_core.package_identification:_identify(.) by extension 'ros'
[0.369s] Level 1:colcon.colcon_core.package_identification:_identify(.) by extensions ['cmake', 'python']
[0.369s] Level 1:colcon.colcon_core.package_identification:_identify(.) by extension 'cmake'
[0.369s] Level 1:colcon.colcon_core.package_identification:_identify(.) by extension 'python'
[0.369s] Level 1:colcon.colcon_core.package_identification:_identify(.) by extensions ['python_setup_py']
[0.369s] Level 1:colcon.colcon_core.package_identification:_identify(.) by extension 'python_setup_py'
[0.369s] Level 1:colcon.colcon_core.package_identification:_identify(build) by extensions ['ignore', 'ignore_ament_install']
[0.369s] Level 1:colcon.colcon_core.package_identification:_identify(build) by extension 'ignore'
[0.370s] Level 1:colcon.colcon_core.package_identification:_identify(build) ignored
[0.370s] Level 1:colcon.colcon_core.package_identification:_identify(docker) by extensions ['ignore', 'ignore_ament_install']
[0.370s] Level 1:colcon.colcon_core.package_identification:_identify(docker) by extension 'ignore'
[0.370s] Level 1:colcon.colcon_core.package_identification:_identify(docker) by extension 'ignore_ament_install'
[0.370s] Level 1:colcon.colcon_core.package_identification:_identify(docker) by extensions ['colcon_pkg']
[0.370s] Level 1:colcon.colcon_core.package_identification:_identify(docker) by extension 'colcon_pkg'
[0.370s] Level 1:colcon.colcon_core.package_identification:_identify(docker) by extensions ['colcon_meta']
[0.370s] Level 1:colcon.colcon_core.package_identification:_identify(docker) by extension 'colcon_meta'
[0.370s] Level 1:colcon.colcon_core.package_identification:_identify(docker) by extensions ['ros']
[0.370s] Level 1:colcon.colcon_core.package_identification:_identify(docker) by extension 'ros'
[0.370s] Level 1:colcon.colcon_core.package_identification:_identify(docker) by extensions ['cmake', 'python']
[0.370s] Level 1:colcon.colcon_core.package_identification:_identify(docker) by extension 'cmake'
[0.370s] Level 1:colcon.colcon_core.package_identification:_identify(docker) by extension 'python'
[0.370s] Level 1:colcon.colcon_core.package_identification:_identify(docker) by extensions ['python_setup_py']
[0.370s] Level 1:colcon.colcon_core.package_identification:_identify(docker) by extension 'python_setup_py'
[0.370s] Level 1:colcon.colcon_core.package_identification:_identify(docs) by extensions ['ignore', 'ignore_ament_install']
[0.370s] Level 1:colcon.colcon_core.package_identification:_identify(docs) by extension 'ignore'
[0.370s] Level 1:colcon.colcon_core.package_identification:_identify(docs) by extension 'ignore_ament_install'
[0.370s] Level 1:colcon.colcon_core.package_identification:_identify(docs) by extensions ['colcon_pkg']
[0.370s] Level 1:colcon.colcon_core.package_identification:_identify(docs) by extension 'colcon_pkg'
[0.370s] Level 1:colcon.colcon_core.package_identification:_identify(docs) by extensions ['colcon_meta']
[0.370s] Level 1:colcon.colcon_core.package_identification:_identify(docs) by extension 'colcon_meta'
[0.370s] Level 1:colcon.colcon_core.package_identification:_identify(docs) by extensions ['ros']
[0.371s] Level 1:colcon.colcon_core.package_identification:_identify(docs) by extension 'ros'
[0.371s] Level 1:colcon.colcon_core.package_identification:_identify(docs) by extensions ['cmake', 'python']
[0.371s] Level 1:colcon.colcon_core.package_identification:_identify(docs) by extension 'cmake'
[0.371s] Level 1:colcon.colcon_core.package_identification:_identify(docs) by extension 'python'
[0.371s] Level 1:colcon.colcon_core.package_identification:_identify(docs) by extensions ['python_setup_py']
[0.371s] Level 1:colcon.colcon_core.package_identification:_identify(docs) by extension 'python_setup_py'
[0.371s] Level 1:colcon.colcon_core.package_identification:_identify(install) by extensions ['ignore', 'ignore_ament_install']
[0.371s] Level 1:colcon.colcon_core.package_identification:_identify(install) by extension 'ignore'
[0.371s] Level 1:colcon.colcon_core.package_identification:_identify(install) ignored
[0.371s] Level 1:colcon.colcon_core.package_identification:_identify(log) by extensions ['ignore', 'ignore_ament_install']
[0.371s] Level 1:colcon.colcon_core.package_identification:_identify(log) by extension 'ignore'
[0.371s] Level 1:colcon.colcon_core.package_identification:_identify(log) ignored
[0.371s] Level 1:colcon.colcon_core.package_identification:_identify(src) by extensions ['ignore', 'ignore_ament_install']
[0.371s] Level 1:colcon.colcon_core.package_identification:_identify(src) by extension 'ignore'
[0.371s] Level 1:colcon.colcon_core.package_identification:_identify(src) by extension 'ignore_ament_install'
[0.371s] Level 1:colcon.colcon_core.package_identification:_identify(src) by extensions ['colcon_pkg']
[0.371s] Level 1:colcon.colcon_core.package_identification:_identify(src) by extension 'colcon_pkg'
[0.371s] Level 1:colcon.colcon_core.package_identification:_identify(src) by extensions ['colcon_meta']
[0.371s] Level 1:colcon.colcon_core.package_identification:_identify(src) by extension 'colcon_meta'
[0.371s] Level 1:colcon.colcon_core.package_identification:_identify(src) by extensions ['ros']
[0.371s] Level 1:colcon.colcon_core.package_identification:_identify(src) by extension 'ros'
[0.371s] Level 1:colcon.colcon_core.package_identification:_identify(src) by extensions ['cmake', 'python']
[0.371s] Level 1:colcon.colcon_core.package_identification:_identify(src) by extension 'cmake'
[0.371s] Level 1:colcon.colcon_core.package_identification:_identify(src) by extension 'python'
[0.372s] Level 1:colcon.colcon_core.package_identification:_identify(src) by extensions ['python_setup_py']
[0.372s] Level 1:colcon.colcon_core.package_identification:_identify(src) by extension 'python_setup_py'
[0.372s] Level 1:colcon.colcon_core.package_identification:_identify(src/communication) by extensions ['ignore', 'ignore_ament_install']
[0.372s] Level 1:colcon.colcon_core.package_identification:_identify(src/communication) by extension 'ignore'
[0.372s] Level 1:colcon.colcon_core.package_identification:_identify(src/communication) by extension 'ignore_ament_install'
[0.372s] Level 1:colcon.colcon_core.package_identification:_identify(src/communication) by extensions ['colcon_pkg']
[0.372s] Level 1:colcon.colcon_core.package_identification:_identify(src/communication) by extension 'colcon_pkg'
[0.372s] Level 1:colcon.colcon_core.package_identification:_identify(src/communication) by extensions ['colcon_meta']
[0.372s] Level 1:colcon.colcon_core.package_identification:_identify(src/communication) by extension 'colcon_meta'
[0.372s] Level 1:colcon.colcon_core.package_identification:_identify(src/communication) by extensions ['ros']
[0.372s] Level 1:colcon.colcon_core.package_identification:_identify(src/communication) by extension 'ros'
[0.374s] DEBUG:colcon.colcon_core.package_identification:Failed to parse potential ROS package manifest in'src/communication': Error(s) in package 'src/communication/package.xml':
The manifest contains invalid XML:
no element found: line 1, column 0
[0.374s] Level 1:colcon.colcon_core.package_identification:_identify(src/communication) by extensions ['cmake', 'python']
[0.374s] Level 1:colcon.colcon_core.package_identification:_identify(src/communication) by extension 'cmake'
[0.374s] Level 1:colcon.colcon_core.package_identification:_identify(src/communication) by extension 'python'
[0.374s] Level 1:colcon.colcon_core.package_identification:_identify(src/communication) by extensions ['python_setup_py']
[0.374s] Level 1:colcon.colcon_core.package_identification:_identify(src/communication) by extension 'python_setup_py'
[0.684s] ERROR:colcon.colcon_core.package_identification:Exception in package identification extension 'python_setup_py' in 'src/communication': Command '['/usr/bin/python3', '-c', 'import sys;from contextlib import suppress;exec("with suppress(ImportError):    from setuptools.extern.packaging.specifiers    import SpecifierSet");exec("with suppress(ImportError):    from packaging.specifiers import SpecifierSet");from distutils.core import run_setup;dist = run_setup(    \'setup.py\', script_args=(\'--dry-run\',), stop_after=\'config\');skip_keys = (\'cmdclass\', \'distclass\', \'ext_modules\', \'metadata\');data = {    key: value for key, value in dist.__dict__.items()     if (        not key.startswith(\'_\') and         not callable(value) and         key not in skip_keys and         key not in dist.display_option_names    )};data[\'metadata\'] = {    k: v for k, v in dist.metadata.__dict__.items()     if k not in (\'license_files\', \'provides_extras\')};sys.stdout.buffer.write(repr(data).encode(\'utf-8\'))']' returned non-zero exit status 1.
Traceback (most recent call last):
  File "/usr/local/lib/python3.11/dist-packages/colcon_core/package_identification/__init__.py", line 144, in _identify
    retval = extension.identify(_reused_descriptor_instance)
             ^^^^^^^^^^^^^^^^^^^^^^^^^^^^^^^^^^^^^^^^^^^^^^^
  File "/usr/local/lib/python3.11/dist-packages/colcon_python_setup_py/package_identification/python_setup_py.py", line 48, in identify
    config = get_setup_information(setup_py)
             ^^^^^^^^^^^^^^^^^^^^^^^^^^^^^^^
  File "/usr/local/lib/python3.11/dist-packages/colcon_python_setup_py/package_identification/python_setup_py.py", line 249, in get_setup_information
    _setup_information_cache[hashable_env] = _get_setup_information(
                                             ^^^^^^^^^^^^^^^^^^^^^^^
  File "/usr/local/lib/python3.11/dist-packages/colcon_python_setup_py/package_identification/python_setup_py.py", line 296, in _get_setup_information
    result = subprocess.run(
             ^^^^^^^^^^^^^^^
  File "/usr/lib/python3.11/subprocess.py", line 571, in run
    raise CalledProcessError(retcode, process.args,
subprocess.CalledProcessError: Command '['/usr/bin/python3', '-c', 'import sys;from contextlib import suppress;exec("with suppress(ImportError):    from setuptools.extern.packaging.specifiers    import SpecifierSet");exec("with suppress(ImportError):    from packaging.specifiers import SpecifierSet");from distutils.core import run_setup;dist = run_setup(    \'setup.py\', script_args=(\'--dry-run\',), stop_after=\'config\');skip_keys = (\'cmdclass\', \'distclass\', \'ext_modules\', \'metadata\');data = {    key: value for key, value in dist.__dict__.items()     if (        not key.startswith(\'_\') and         not callable(value) and         key not in skip_keys and         key not in dist.display_option_names    )};data[\'metadata\'] = {    k: v for k, v in dist.metadata.__dict__.items()     if k not in (\'license_files\', \'provides_extras\')};sys.stdout.buffer.write(repr(data).encode(\'utf-8\'))']' returned non-zero exit status 1.

[0.684s] Level 1:colcon.colcon_core.package_identification:_identify(src/communication/communication) by extensions ['ignore', 'ignore_ament_install']
[0.684s] Level 1:colcon.colcon_core.package_identification:_identify(src/communication/communication) by extension 'ignore'
[0.684s] Level 1:colcon.colcon_core.package_identification:_identify(src/communication/communication) by extension 'ignore_ament_install'
[0.684s] Level 1:colcon.colcon_core.package_identification:_identify(src/communication/communication) by extensions ['colcon_pkg']
[0.684s] Level 1:colcon.colcon_core.package_identification:_identify(src/communication/communication) by extension 'colcon_pkg'
[0.684s] Level 1:colcon.colcon_core.package_identification:_identify(src/communication/communication) by extensions ['colcon_meta']
[0.684s] Level 1:colcon.colcon_core.package_identification:_identify(src/communication/communication) by extension 'colcon_meta'
[0.684s] Level 1:colcon.colcon_core.package_identification:_identify(src/communication/communication) by extensions ['ros']
[0.685s] Level 1:colcon.colcon_core.package_identification:_identify(src/communication/communication) by extension 'ros'
[0.685s] Level 1:colcon.colcon_core.package_identification:_identify(src/communication/communication) by extensions ['cmake', 'python']
[0.685s] Level 1:colcon.colcon_core.package_identification:_identify(src/communication/communication) by extension 'cmake'
[0.685s] Level 1:colcon.colcon_core.package_identification:_identify(src/communication/communication) by extension 'python'
[0.685s] Level 1:colcon.colcon_core.package_identification:_identify(src/communication/communication) by extensions ['python_setup_py']
[0.685s] Level 1:colcon.colcon_core.package_identification:_identify(src/communication/communication) by extension 'python_setup_py'
[0.685s] Level 1:colcon.colcon_core.package_identification:_identify(src/communication/config) by extensions ['ignore', 'ignore_ament_install']
[0.685s] Level 1:colcon.colcon_core.package_identification:_identify(src/communication/config) by extension 'ignore'
[0.685s] Level 1:colcon.colcon_core.package_identification:_identify(src/communication/config) by extension 'ignore_ament_install'
[0.685s] Level 1:colcon.colcon_core.package_identification:_identify(src/communication/config) by extensions ['colcon_pkg']
[0.685s] Level 1:colcon.colcon_core.package_identification:_identify(src/communication/config) by extension 'colcon_pkg'
[0.685s] Level 1:colcon.colcon_core.package_identification:_identify(src/communication/config) by extensions ['colcon_meta']
[0.685s] Level 1:colcon.colcon_core.package_identification:_identify(src/communication/config) by extension 'colcon_meta'
[0.685s] Level 1:colcon.colcon_core.package_identification:_identify(src/communication/config) by extensions ['ros']
[0.685s] Level 1:colcon.colcon_core.package_identification:_identify(src/communication/config) by extension 'ros'
[0.685s] Level 1:colcon.colcon_core.package_identification:_identify(src/communication/config) by extensions ['cmake', 'python']
[0.685s] Level 1:colcon.colcon_core.package_identification:_identify(src/communication/config) by extension 'cmake'
[0.685s] Level 1:colcon.colcon_core.package_identification:_identify(src/communication/config) by extension 'python'
[0.685s] Level 1:colcon.colcon_core.package_identification:_identify(src/communication/config) by extensions ['python_setup_py']
[0.685s] Level 1:colcon.colcon_core.package_identification:_identify(src/communication/config) by extension 'python_setup_py'
[0.685s] Level 1:colcon.colcon_core.package_identification:_identify(src/communication/launch) by extensions ['ignore', 'ignore_ament_install']
[0.685s] Level 1:colcon.colcon_core.package_identification:_identify(src/communication/launch) by extension 'ignore'
[0.685s] Level 1:colcon.colcon_core.package_identification:_identify(src/communication/launch) by extension 'ignore_ament_install'
[0.686s] Level 1:colcon.colcon_core.package_identification:_identify(src/communication/launch) by extensions ['colcon_pkg']
[0.686s] Level 1:colcon.colcon_core.package_identification:_identify(src/communication/launch) by extension 'colcon_pkg'
[0.686s] Level 1:colcon.colcon_core.package_identification:_identify(src/communication/launch) by extensions ['colcon_meta']
[0.686s] Level 1:colcon.colcon_core.package_identification:_identify(src/communication/launch) by extension 'colcon_meta'
[0.686s] Level 1:colcon.colcon_core.package_identification:_identify(src/communication/launch) by extensions ['ros']
[0.686s] Level 1:colcon.colcon_core.package_identification:_identify(src/communication/launch) by extension 'ros'
[0.686s] Level 1:colcon.colcon_core.package_identification:_identify(src/communication/launch) by extensions ['cmake', 'python']
[0.686s] Level 1:colcon.colcon_core.package_identification:_identify(src/communication/launch) by extension 'cmake'
[0.686s] Level 1:colcon.colcon_core.package_identification:_identify(src/communication/launch) by extension 'python'
[0.686s] Level 1:colcon.colcon_core.package_identification:_identify(src/communication/launch) by extensions ['python_setup_py']
[0.686s] Level 1:colcon.colcon_core.package_identification:_identify(src/communication/launch) by extension 'python_setup_py'
[0.686s] Level 1:colcon.colcon_core.package_identification:_identify(src/navigation) by extensions ['ignore', 'ignore_ament_install']
[0.686s] Level 1:colcon.colcon_core.package_identification:_identify(src/navigation) by extension 'ignore'
[0.686s] Level 1:colcon.colcon_core.package_identification:_identify(src/navigation) by extension 'ignore_ament_install'
[0.686s] Level 1:colcon.colcon_core.package_identification:_identify(src/navigation) by extensions ['colcon_pkg']
[0.686s] Level 1:colcon.colcon_core.package_identification:_identify(src/navigation) by extension 'colcon_pkg'
[0.686s] Level 1:colcon.colcon_core.package_identification:_identify(src/navigation) by extensions ['colcon_meta']
[0.686s] Level 1:colcon.colcon_core.package_identification:_identify(src/navigation) by extension 'colcon_meta'
[0.686s] Level 1:colcon.colcon_core.package_identification:_identify(src/navigation) by extensions ['ros']
[0.686s] Level 1:colcon.colcon_core.package_identification:_identify(src/navigation) by extension 'ros'
[0.688s] DEBUG:colcon.colcon_core.package_identification:Package 'src/navigation' with type 'ros.ament_python' and name 'navigation'
[0.688s] Level 1:colcon.colcon_core.package_identification:_identify(src/robot_bringup) by extensions ['ignore', 'ignore_ament_install']
[0.688s] Level 1:colcon.colcon_core.package_identification:_identify(src/robot_bringup) by extension 'ignore'
[0.689s] Level 1:colcon.colcon_core.package_identification:_identify(src/robot_bringup) by extension 'ignore_ament_install'
[0.689s] Level 1:colcon.colcon_core.package_identification:_identify(src/robot_bringup) by extensions ['colcon_pkg']
[0.689s] Level 1:colcon.colcon_core.package_identification:_identify(src/robot_bringup) by extension 'colcon_pkg'
[0.689s] Level 1:colcon.colcon_core.package_identification:_identify(src/robot_bringup) by extensions ['colcon_meta']
[0.689s] Level 1:colcon.colcon_core.package_identification:_identify(src/robot_bringup) by extension 'colcon_meta'
[0.689s] Level 1:colcon.colcon_core.package_identification:_identify(src/robot_bringup) by extensions ['ros']
[0.689s] Level 1:colcon.colcon_core.package_identification:_identify(src/robot_bringup) by extension 'ros'
[0.689s] DEBUG:colcon.colcon_core.package_identification:Failed to parse potential ROS package manifest in'src/robot_bringup': Error(s) in package 'src/robot_bringup/package.xml':
The manifest contains invalid XML:
no element found: line 1, column 0
[0.689s] Level 1:colcon.colcon_core.package_identification:_identify(src/robot_bringup) by extensions ['cmake', 'python']
[0.689s] Level 1:colcon.colcon_core.package_identification:_identify(src/robot_bringup) by extension 'cmake'
[0.689s] Level 1:colcon.colcon_core.package_identification:_identify(src/robot_bringup) by extension 'python'
[0.689s] Level 1:colcon.colcon_core.package_identification:_identify(src/robot_bringup) by extensions ['python_setup_py']
[0.689s] Level 1:colcon.colcon_core.package_identification:_identify(src/robot_bringup) by extension 'python_setup_py'
[1.053s] DEBUG:colcon.colcon_core.package_identification:Package 'src/robot_bringup' with type 'python' and name 'robot_bringup'
[1.053s] Level 1:colcon.colcon_core.package_identification:_identify(src/robot_msgs) by extensions ['ignore', 'ignore_ament_install']
[1.053s] Level 1:colcon.colcon_core.package_identification:_identify(src/robot_msgs) by extension 'ignore'
[1.053s] Level 1:colcon.colcon_core.package_identification:_identify(src/robot_msgs) by extension 'ignore_ament_install'
[1.054s] Level 1:colcon.colcon_core.package_identification:_identify(src/robot_msgs) by extensions ['colcon_pkg']
[1.054s] Level 1:colcon.colcon_core.package_identification:_identify(src/robot_msgs) by extension 'colcon_pkg'
[1.054s] Level 1:colcon.colcon_core.package_identification:_identify(src/robot_msgs) by extensions ['colcon_meta']
[1.054s] Level 1:colcon.colcon_core.package_identification:_identify(src/robot_msgs) by extension 'colcon_meta'
[1.054s] Level 1:colcon.colcon_core.package_identification:_identify(src/robot_msgs) by extensions ['ros']
[1.054s] Level 1:colcon.colcon_core.package_identification:_identify(src/robot_msgs) by extension 'ros'
[1.054s] DEBUG:colcon.colcon_core.package_identification:Failed to parse potential ROS package manifest in'src/robot_msgs': Error(s) in package 'src/robot_msgs/package.xml':
The manifest contains invalid XML:
no element found: line 1, column 0
[1.054s] Level 1:colcon.colcon_core.package_identification:_identify(src/robot_msgs) by extensions ['cmake', 'python']
[1.054s] Level 1:colcon.colcon_core.package_identification:_identify(src/robot_msgs) by extension 'cmake'
[1.055s] Level 1:colcon.colcon_core.package_identification:_identify(src/robot_msgs) by extension 'python'
[1.055s] DEBUG:colcon.colcon_core.package_identification:Package 'src/robot_msgs' with type 'cmake' and name 'robot_msgs'
[1.055s] Level 1:colcon.colcon_core.package_identification:_identify(src/strategy) by extensions ['ignore', 'ignore_ament_install']
[1.055s] Level 1:colcon.colcon_core.package_identification:_identify(src/strategy) by extension 'ignore'
[1.055s] Level 1:colcon.colcon_core.package_identification:_identify(src/strategy) by extension 'ignore_ament_install'
[1.055s] Level 1:colcon.colcon_core.package_identification:_identify(src/strategy) by extensions ['colcon_pkg']
[1.055s] Level 1:colcon.colcon_core.package_identification:_identify(src/strategy) by extension 'colcon_pkg'
[1.055s] Level 1:colcon.colcon_core.package_identification:_identify(src/strategy) by extensions ['colcon_meta']
[1.055s] Level 1:colcon.colcon_core.package_identification:_identify(src/strategy) by extension 'colcon_meta'
[1.056s] Level 1:colcon.colcon_core.package_identification:_identify(src/strategy) by extensions ['ros']
[1.056s] Level 1:colcon.colcon_core.package_identification:_identify(src/strategy) by extension 'ros'
[1.056s] DEBUG:colcon.colcon_core.package_identification:Failed to parse potential ROS package manifest in'src/strategy': Error(s) in package 'src/strategy/package.xml':
The manifest contains invalid XML:
no element found: line 1, column 0
[1.056s] Level 1:colcon.colcon_core.package_identification:_identify(src/strategy) by extensions ['cmake', 'python']
[1.056s] Level 1:colcon.colcon_core.package_identification:_identify(src/strategy) by extension 'cmake'
[1.056s] Level 1:colcon.colcon_core.package_identification:_identify(src/strategy) by extension 'python'
[1.056s] Level 1:colcon.colcon_core.package_identification:_identify(src/strategy) by extensions ['python_setup_py']
[1.056s] Level 1:colcon.colcon_core.package_identification:_identify(src/strategy) by extension 'python_setup_py'
[1.364s] ERROR:colcon.colcon_core.package_identification:Exception in package identification extension 'python_setup_py' in 'src/strategy': Command '['/usr/bin/python3', '-c', 'import sys;from contextlib import suppress;exec("with suppress(ImportError):    from setuptools.extern.packaging.specifiers    import SpecifierSet");exec("with suppress(ImportError):    from packaging.specifiers import SpecifierSet");from distutils.core import run_setup;dist = run_setup(    \'setup.py\', script_args=(\'--dry-run\',), stop_after=\'config\');skip_keys = (\'cmdclass\', \'distclass\', \'ext_modules\', \'metadata\');data = {    key: value for key, value in dist.__dict__.items()     if (        not key.startswith(\'_\') and         not callable(value) and         key not in skip_keys and         key not in dist.display_option_names    )};data[\'metadata\'] = {    k: v for k, v in dist.metadata.__dict__.items()     if k not in (\'license_files\', \'provides_extras\')};sys.stdout.buffer.write(repr(data).encode(\'utf-8\'))']' returned non-zero exit status 1.
Traceback (most recent call last):
  File "/usr/local/lib/python3.11/dist-packages/colcon_core/package_identification/__init__.py", line 144, in _identify
    retval = extension.identify(_reused_descriptor_instance)
             ^^^^^^^^^^^^^^^^^^^^^^^^^^^^^^^^^^^^^^^^^^^^^^^
  File "/usr/local/lib/python3.11/dist-packages/colcon_python_setup_py/package_identification/python_setup_py.py", line 48, in identify
    config = get_setup_information(setup_py)
             ^^^^^^^^^^^^^^^^^^^^^^^^^^^^^^^
  File "/usr/local/lib/python3.11/dist-packages/colcon_python_setup_py/package_identification/python_setup_py.py", line 249, in get_setup_information
    _setup_information_cache[hashable_env] = _get_setup_information(
                                             ^^^^^^^^^^^^^^^^^^^^^^^
  File "/usr/local/lib/python3.11/dist-packages/colcon_python_setup_py/package_identification/python_setup_py.py", line 296, in _get_setup_information
    result = subprocess.run(
             ^^^^^^^^^^^^^^^
  File "/usr/lib/python3.11/subprocess.py", line 571, in run
    raise CalledProcessError(retcode, process.args,
subprocess.CalledProcessError: Command '['/usr/bin/python3', '-c', 'import sys;from contextlib import suppress;exec("with suppress(ImportError):    from setuptools.extern.packaging.specifiers    import SpecifierSet");exec("with suppress(ImportError):    from packaging.specifiers import SpecifierSet");from distutils.core import run_setup;dist = run_setup(    \'setup.py\', script_args=(\'--dry-run\',), stop_after=\'config\');skip_keys = (\'cmdclass\', \'distclass\', \'ext_modules\', \'metadata\');data = {    key: value for key, value in dist.__dict__.items()     if (        not key.startswith(\'_\') and         not callable(value) and         key not in skip_keys and         key not in dist.display_option_names    )};data[\'metadata\'] = {    k: v for k, v in dist.metadata.__dict__.items()     if k not in (\'license_files\', \'provides_extras\')};sys.stdout.buffer.write(repr(data).encode(\'utf-8\'))']' returned non-zero exit status 1.

[1.365s] Level 1:colcon.colcon_core.package_identification:_identify(src/strategy/config) by extensions ['ignore', 'ignore_ament_install']
[1.365s] Level 1:colcon.colcon_core.package_identification:_identify(src/strategy/config) by extension 'ignore'
[1.365s] Level 1:colcon.colcon_core.package_identification:_identify(src/strategy/config) by extension 'ignore_ament_install'
[1.365s] Level 1:colcon.colcon_core.package_identification:_identify(src/strategy/config) by extensions ['colcon_pkg']
[1.365s] Level 1:colcon.colcon_core.package_identification:_identify(src/strategy/config) by extension 'colcon_pkg'
[1.365s] Level 1:colcon.colcon_core.package_identification:_identify(src/strategy/config) by extensions ['colcon_meta']
[1.365s] Level 1:colcon.colcon_core.package_identification:_identify(src/strategy/config) by extension 'colcon_meta'
[1.365s] Level 1:colcon.colcon_core.package_identification:_identify(src/strategy/config) by extensions ['ros']
[1.365s] Level 1:colcon.colcon_core.package_identification:_identify(src/strategy/config) by extension 'ros'
[1.365s] Level 1:colcon.colcon_core.package_identification:_identify(src/strategy/config) by extensions ['cmake', 'python']
[1.365s] Level 1:colcon.colcon_core.package_identification:_identify(src/strategy/config) by extension 'cmake'
[1.365s] Level 1:colcon.colcon_core.package_identification:_identify(src/strategy/config) by extension 'python'
[1.365s] Level 1:colcon.colcon_core.package_identification:_identify(src/strategy/config) by extensions ['python_setup_py']
[1.365s] Level 1:colcon.colcon_core.package_identification:_identify(src/strategy/config) by extension 'python_setup_py'
[1.365s] Level 1:colcon.colcon_core.package_identification:_identify(src/strategy/launch) by extensions ['ignore', 'ignore_ament_install']
[1.365s] Level 1:colcon.colcon_core.package_identification:_identify(src/strategy/launch) by extension 'ignore'
[1.366s] Level 1:colcon.colcon_core.package_identification:_identify(src/strategy/launch) by extension 'ignore_ament_install'
[1.366s] Level 1:colcon.colcon_core.package_identification:_identify(src/strategy/launch) by extensions ['colcon_pkg']
[1.366s] Level 1:colcon.colcon_core.package_identification:_identify(src/strategy/launch) by extension 'colcon_pkg'
[1.366s] Level 1:colcon.colcon_core.package_identification:_identify(src/strategy/launch) by extensions ['colcon_meta']
[1.366s] Level 1:colcon.colcon_core.package_identification:_identify(src/strategy/launch) by extension 'colcon_meta'
[1.366s] Level 1:colcon.colcon_core.package_identification:_identify(src/strategy/launch) by extensions ['ros']
[1.366s] Level 1:colcon.colcon_core.package_identification:_identify(src/strategy/launch) by extension 'ros'
[1.366s] Level 1:colcon.colcon_core.package_identification:_identify(src/strategy/launch) by extensions ['cmake', 'python']
[1.366s] Level 1:colcon.colcon_core.package_identification:_identify(src/strategy/launch) by extension 'cmake'
[1.366s] Level 1:colcon.colcon_core.package_identification:_identify(src/strategy/launch) by extension 'python'
[1.366s] Level 1:colcon.colcon_core.package_identification:_identify(src/strategy/launch) by extensions ['python_setup_py']
[1.366s] Level 1:colcon.colcon_core.package_identification:_identify(src/strategy/launch) by extension 'python_setup_py'
[1.366s] Level 1:colcon.colcon_core.package_identification:_identify(src/strategy/strategy) by extensions ['ignore', 'ignore_ament_install']
[1.366s] Level 1:colcon.colcon_core.package_identification:_identify(src/strategy/strategy) by extension 'ignore'
[1.366s] Level 1:colcon.colcon_core.package_identification:_identify(src/strategy/strategy) by extension 'ignore_ament_install'
[1.366s] Level 1:colcon.colcon_core.package_identification:_identify(src/strategy/strategy) by extensions ['colcon_pkg']
[1.366s] Level 1:colcon.colcon_core.package_identification:_identify(src/strategy/strategy) by extension 'colcon_pkg'
[1.366s] Level 1:colcon.colcon_core.package_identification:_identify(src/strategy/strategy) by extensions ['colcon_meta']
[1.366s] Level 1:colcon.colcon_core.package_identification:_identify(src/strategy/strategy) by extension 'colcon_meta'
[1.366s] Level 1:colcon.colcon_core.package_identification:_identify(src/strategy/strategy) by extensions ['ros']
[1.366s] Level 1:colcon.colcon_core.package_identification:_identify(src/strategy/strategy) by extension 'ros'
[1.366s] Level 1:colcon.colcon_core.package_identification:_identify(src/strategy/strategy) by extensions ['cmake', 'python']
[1.366s] Level 1:colcon.colcon_core.package_identification:_identify(src/strategy/strategy) by extension 'cmake'
[1.366s] Level 1:colcon.colcon_core.package_identification:_identify(src/strategy/strategy) by extension 'python'
[1.366s] Level 1:colcon.colcon_core.package_identification:_identify(src/strategy/strategy) by extensions ['python_setup_py']
[1.366s] Level 1:colcon.colcon_core.package_identification:_identify(src/strategy/strategy) by extension 'python_setup_py'
[1.366s] Level 1:colcon.colcon_core.package_identification:_identify(src/teensy_control) by extensions ['ignore', 'ignore_ament_install']
[1.366s] Level 1:colcon.colcon_core.package_identification:_identify(src/teensy_control) by extension 'ignore'
[1.367s] Level 1:colcon.colcon_core.package_identification:_identify(src/teensy_control) by extension 'ignore_ament_install'
[1.367s] Level 1:colcon.colcon_core.package_identification:_identify(src/teensy_control) by extensions ['colcon_pkg']
[1.367s] Level 1:colcon.colcon_core.package_identification:_identify(src/teensy_control) by extension 'colcon_pkg'
[1.367s] Level 1:colcon.colcon_core.package_identification:_identify(src/teensy_control) by extensions ['colcon_meta']
[1.367s] Level 1:colcon.colcon_core.package_identification:_identify(src/teensy_control) by extension 'colcon_meta'
[1.367s] Level 1:colcon.colcon_core.package_identification:_identify(src/teensy_control) by extensions ['ros']
[1.367s] Level 1:colcon.colcon_core.package_identification:_identify(src/teensy_control) by extension 'ros'
[1.367s] DEBUG:colcon.colcon_core.package_identification:Failed to parse potential ROS package manifest in'src/teensy_control': Error(s) in package 'src/teensy_control/package.xml':
The manifest contains invalid XML:
no element found: line 1, column 0
[1.367s] Level 1:colcon.colcon_core.package_identification:_identify(src/teensy_control) by extensions ['cmake', 'python']
[1.367s] Level 1:colcon.colcon_core.package_identification:_identify(src/teensy_control) by extension 'cmake'
[1.367s] Level 1:colcon.colcon_core.package_identification:_identify(src/teensy_control) by extension 'python'
[1.367s] Level 1:colcon.colcon_core.package_identification:_identify(src/teensy_control) by extensions ['python_setup_py']
[1.367s] Level 1:colcon.colcon_core.package_identification:_identify(src/teensy_control) by extension 'python_setup_py'
[1.672s] ERROR:colcon.colcon_core.package_identification:Exception in package identification extension 'python_setup_py' in 'src/teensy_control': Command '['/usr/bin/python3', '-c', 'import sys;from contextlib import suppress;exec("with suppress(ImportError):    from setuptools.extern.packaging.specifiers    import SpecifierSet");exec("with suppress(ImportError):    from packaging.specifiers import SpecifierSet");from distutils.core import run_setup;dist = run_setup(    \'setup.py\', script_args=(\'--dry-run\',), stop_after=\'config\');skip_keys = (\'cmdclass\', \'distclass\', \'ext_modules\', \'metadata\');data = {    key: value for key, value in dist.__dict__.items()     if (        not key.startswith(\'_\') and         not callable(value) and         key not in skip_keys and         key not in dist.display_option_names    )};data[\'metadata\'] = {    k: v for k, v in dist.metadata.__dict__.items()     if k not in (\'license_files\', \'provides_extras\')};sys.stdout.buffer.write(repr(data).encode(\'utf-8\'))']' returned non-zero exit status 1.
Traceback (most recent call last):
  File "/usr/local/lib/python3.11/dist-packages/colcon_core/package_identification/__init__.py", line 144, in _identify
    retval = extension.identify(_reused_descriptor_instance)
             ^^^^^^^^^^^^^^^^^^^^^^^^^^^^^^^^^^^^^^^^^^^^^^^
  File "/usr/local/lib/python3.11/dist-packages/colcon_python_setup_py/package_identification/python_setup_py.py", line 48, in identify
    config = get_setup_information(setup_py)
             ^^^^^^^^^^^^^^^^^^^^^^^^^^^^^^^
  File "/usr/local/lib/python3.11/dist-packages/colcon_python_setup_py/package_identification/python_setup_py.py", line 249, in get_setup_information
    _setup_information_cache[hashable_env] = _get_setup_information(
                                             ^^^^^^^^^^^^^^^^^^^^^^^
  File "/usr/local/lib/python3.11/dist-packages/colcon_python_setup_py/package_identification/python_setup_py.py", line 296, in _get_setup_information
    result = subprocess.run(
             ^^^^^^^^^^^^^^^
  File "/usr/lib/python3.11/subprocess.py", line 571, in run
    raise CalledProcessError(retcode, process.args,
subprocess.CalledProcessError: Command '['/usr/bin/python3', '-c', 'import sys;from contextlib import suppress;exec("with suppress(ImportError):    from setuptools.extern.packaging.specifiers    import SpecifierSet");exec("with suppress(ImportError):    from packaging.specifiers import SpecifierSet");from distutils.core import run_setup;dist = run_setup(    \'setup.py\', script_args=(\'--dry-run\',), stop_after=\'config\');skip_keys = (\'cmdclass\', \'distclass\', \'ext_modules\', \'metadata\');data = {    key: value for key, value in dist.__dict__.items()     if (        not key.startswith(\'_\') and         not callable(value) and         key not in skip_keys and         key not in dist.display_option_names    )};data[\'metadata\'] = {    k: v for k, v in dist.metadata.__dict__.items()     if k not in (\'license_files\', \'provides_extras\')};sys.stdout.buffer.write(repr(data).encode(\'utf-8\'))']' returned non-zero exit status 1.

[1.673s] Level 1:colcon.colcon_core.package_identification:_identify(src/teensy_control/config) by extensions ['ignore', 'ignore_ament_install']
[1.673s] Level 1:colcon.colcon_core.package_identification:_identify(src/teensy_control/config) by extension 'ignore'
[1.673s] Level 1:colcon.colcon_core.package_identification:_identify(src/teensy_control/config) by extension 'ignore_ament_install'
[1.673s] Level 1:colcon.colcon_core.package_identification:_identify(src/teensy_control/config) by extensions ['colcon_pkg']
[1.673s] Level 1:colcon.colcon_core.package_identification:_identify(src/teensy_control/config) by extension 'colcon_pkg'
[1.673s] Level 1:colcon.colcon_core.package_identification:_identify(src/teensy_control/config) by extensions ['colcon_meta']
[1.673s] Level 1:colcon.colcon_core.package_identification:_identify(src/teensy_control/config) by extension 'colcon_meta'
[1.673s] Level 1:colcon.colcon_core.package_identification:_identify(src/teensy_control/config) by extensions ['ros']
[1.673s] Level 1:colcon.colcon_core.package_identification:_identify(src/teensy_control/config) by extension 'ros'
[1.673s] Level 1:colcon.colcon_core.package_identification:_identify(src/teensy_control/config) by extensions ['cmake', 'python']
[1.673s] Level 1:colcon.colcon_core.package_identification:_identify(src/teensy_control/config) by extension 'cmake'
[1.673s] Level 1:colcon.colcon_core.package_identification:_identify(src/teensy_control/config) by extension 'python'
[1.673s] Level 1:colcon.colcon_core.package_identification:_identify(src/teensy_control/config) by extensions ['python_setup_py']
[1.673s] Level 1:colcon.colcon_core.package_identification:_identify(src/teensy_control/config) by extension 'python_setup_py'
[1.673s] Level 1:colcon.colcon_core.package_identification:_identify(src/teensy_control/firmware) by extensions ['ignore', 'ignore_ament_install']
[1.674s] Level 1:colcon.colcon_core.package_identification:_identify(src/teensy_control/firmware) by extension 'ignore'
[1.674s] Level 1:colcon.colcon_core.package_identification:_identify(src/teensy_control/firmware) by extension 'ignore_ament_install'
[1.674s] Level 1:colcon.colcon_core.package_identification:_identify(src/teensy_control/firmware) by extensions ['colcon_pkg']
[1.674s] Level 1:colcon.colcon_core.package_identification:_identify(src/teensy_control/firmware) by extension 'colcon_pkg'
[1.674s] Level 1:colcon.colcon_core.package_identification:_identify(src/teensy_control/firmware) by extensions ['colcon_meta']
[1.674s] Level 1:colcon.colcon_core.package_identification:_identify(src/teensy_control/firmware) by extension 'colcon_meta'
[1.674s] Level 1:colcon.colcon_core.package_identification:_identify(src/teensy_control/firmware) by extensions ['ros']
[1.674s] Level 1:colcon.colcon_core.package_identification:_identify(src/teensy_control/firmware) by extension 'ros'
[1.674s] Level 1:colcon.colcon_core.package_identification:_identify(src/teensy_control/firmware) by extensions ['cmake', 'python']
[1.674s] Level 1:colcon.colcon_core.package_identification:_identify(src/teensy_control/firmware) by extension 'cmake'
[1.674s] Level 1:colcon.colcon_core.package_identification:_identify(src/teensy_control/firmware) by extension 'python'
[1.674s] Level 1:colcon.colcon_core.package_identification:_identify(src/teensy_control/firmware) by extensions ['python_setup_py']
[1.674s] Level 1:colcon.colcon_core.package_identification:_identify(src/teensy_control/firmware) by extension 'python_setup_py'
[1.674s] Level 1:colcon.colcon_core.package_identification:_identify(src/teensy_control/firmware/gripper_control) by extensions ['ignore', 'ignore_ament_install']
[1.674s] Level 1:colcon.colcon_core.package_identification:_identify(src/teensy_control/firmware/gripper_control) by extension 'ignore'
[1.674s] Level 1:colcon.colcon_core.package_identification:_identify(src/teensy_control/firmware/gripper_control) by extension 'ignore_ament_install'
[1.674s] Level 1:colcon.colcon_core.package_identification:_identify(src/teensy_control/firmware/gripper_control) by extensions ['colcon_pkg']
[1.674s] Level 1:colcon.colcon_core.package_identification:_identify(src/teensy_control/firmware/gripper_control) by extension 'colcon_pkg'
[1.674s] Level 1:colcon.colcon_core.package_identification:_identify(src/teensy_control/firmware/gripper_control) by extensions ['colcon_meta']
[1.674s] Level 1:colcon.colcon_core.package_identification:_identify(src/teensy_control/firmware/gripper_control) by extension 'colcon_meta'
[1.674s] Level 1:colcon.colcon_core.package_identification:_identify(src/teensy_control/firmware/gripper_control) by extensions ['ros']
[1.674s] Level 1:colcon.colcon_core.package_identification:_identify(src/teensy_control/firmware/gripper_control) by extension 'ros'
[1.674s] Level 1:colcon.colcon_core.package_identification:_identify(src/teensy_control/firmware/gripper_control) by extensions ['cmake', 'python']
[1.674s] Level 1:colcon.colcon_core.package_identification:_identify(src/teensy_control/firmware/gripper_control) by extension 'cmake'
[1.674s] Level 1:colcon.colcon_core.package_identification:_identify(src/teensy_control/firmware/gripper_control) by extension 'python'
[1.674s] Level 1:colcon.colcon_core.package_identification:_identify(src/teensy_control/firmware/gripper_control) by extensions ['python_setup_py']
[1.674s] Level 1:colcon.colcon_core.package_identification:_identify(src/teensy_control/firmware/gripper_control) by extension 'python_setup_py'
[1.674s] Level 1:colcon.colcon_core.package_identification:_identify(src/teensy_control/firmware/motor_control) by extensions ['ignore', 'ignore_ament_install']
[1.675s] Level 1:colcon.colcon_core.package_identification:_identify(src/teensy_control/firmware/motor_control) by extension 'ignore'
[1.675s] Level 1:colcon.colcon_core.package_identification:_identify(src/teensy_control/firmware/motor_control) by extension 'ignore_ament_install'
[1.675s] Level 1:colcon.colcon_core.package_identification:_identify(src/teensy_control/firmware/motor_control) by extensions ['colcon_pkg']
[1.675s] Level 1:colcon.colcon_core.package_identification:_identify(src/teensy_control/firmware/motor_control) by extension 'colcon_pkg'
[1.675s] Level 1:colcon.colcon_core.package_identification:_identify(src/teensy_control/firmware/motor_control) by extensions ['colcon_meta']
[1.675s] Level 1:colcon.colcon_core.package_identification:_identify(src/teensy_control/firmware/motor_control) by extension 'colcon_meta'
[1.675s] Level 1:colcon.colcon_core.package_identification:_identify(src/teensy_control/firmware/motor_control) by extensions ['ros']
[1.675s] Level 1:colcon.colcon_core.package_identification:_identify(src/teensy_control/firmware/motor_control) by extension 'ros'
[1.675s] Level 1:colcon.colcon_core.package_identification:_identify(src/teensy_control/firmware/motor_control) by extensions ['cmake', 'python']
[1.675s] Level 1:colcon.colcon_core.package_identification:_identify(src/teensy_control/firmware/motor_control) by extension 'cmake'
[1.675s] Level 1:colcon.colcon_core.package_identification:_identify(src/teensy_control/firmware/motor_control) by extension 'python'
[1.675s] Level 1:colcon.colcon_core.package_identification:_identify(src/teensy_control/firmware/motor_control) by extensions ['python_setup_py']
[1.675s] Level 1:colcon.colcon_core.package_identification:_identify(src/teensy_control/firmware/motor_control) by extension 'python_setup_py'
[1.675s] Level 1:colcon.colcon_core.package_identification:_identify(src/teensy_control/launch) by extensions ['ignore', 'ignore_ament_install']
[1.675s] Level 1:colcon.colcon_core.package_identification:_identify(src/teensy_control/launch) by extension 'ignore'
[1.675s] Level 1:colcon.colcon_core.package_identification:_identify(src/teensy_control/launch) by extension 'ignore_ament_install'
[1.675s] Level 1:colcon.colcon_core.package_identification:_identify(src/teensy_control/launch) by extensions ['colcon_pkg']
[1.675s] Level 1:colcon.colcon_core.package_identification:_identify(src/teensy_control/launch) by extension 'colcon_pkg'
[1.675s] Level 1:colcon.colcon_core.package_identification:_identify(src/teensy_control/launch) by extensions ['colcon_meta']
[1.675s] Level 1:colcon.colcon_core.package_identification:_identify(src/teensy_control/launch) by extension 'colcon_meta'
[1.675s] Level 1:colcon.colcon_core.package_identification:_identify(src/teensy_control/launch) by extensions ['ros']
[1.675s] Level 1:colcon.colcon_core.package_identification:_identify(src/teensy_control/launch) by extension 'ros'
[1.675s] Level 1:colcon.colcon_core.package_identification:_identify(src/teensy_control/launch) by extensions ['cmake', 'python']
[1.675s] Level 1:colcon.colcon_core.package_identification:_identify(src/teensy_control/launch) by extension 'cmake'
[1.675s] Level 1:colcon.colcon_core.package_identification:_identify(src/teensy_control/launch) by extension 'python'
[1.675s] Level 1:colcon.colcon_core.package_identification:_identify(src/teensy_control/launch) by extensions ['python_setup_py']
[1.675s] Level 1:colcon.colcon_core.package_identification:_identify(src/teensy_control/launch) by extension 'python_setup_py'
[1.675s] Level 1:colcon.colcon_core.package_identification:_identify(src/teensy_control/teensy_control) by extensions ['ignore', 'ignore_ament_install']
[1.676s] Level 1:colcon.colcon_core.package_identification:_identify(src/teensy_control/teensy_control) by extension 'ignore'
[1.676s] Level 1:colcon.colcon_core.package_identification:_identify(src/teensy_control/teensy_control) by extension 'ignore_ament_install'
[1.676s] Level 1:colcon.colcon_core.package_identification:_identify(src/teensy_control/teensy_control) by extensions ['colcon_pkg']
[1.676s] Level 1:colcon.colcon_core.package_identification:_identify(src/teensy_control/teensy_control) by extension 'colcon_pkg'
[1.676s] Level 1:colcon.colcon_core.package_identification:_identify(src/teensy_control/teensy_control) by extensions ['colcon_meta']
[1.676s] Level 1:colcon.colcon_core.package_identification:_identify(src/teensy_control/teensy_control) by extension 'colcon_meta'
[1.676s] Level 1:colcon.colcon_core.package_identification:_identify(src/teensy_control/teensy_control) by extensions ['ros']
[1.676s] Level 1:colcon.colcon_core.package_identification:_identify(src/teensy_control/teensy_control) by extension 'ros'
[1.676s] Level 1:colcon.colcon_core.package_identification:_identify(src/teensy_control/teensy_control) by extensions ['cmake', 'python']
[1.676s] Level 1:colcon.colcon_core.package_identification:_identify(src/teensy_control/teensy_control) by extension 'cmake'
[1.676s] Level 1:colcon.colcon_core.package_identification:_identify(src/teensy_control/teensy_control) by extension 'python'
[1.676s] Level 1:colcon.colcon_core.package_identification:_identify(src/teensy_control/teensy_control) by extensions ['python_setup_py']
[1.676s] Level 1:colcon.colcon_core.package_identification:_identify(src/teensy_control/teensy_control) by extension 'python_setup_py'
[1.676s] Level 1:colcon.colcon_core.package_identification:_identify(src/teensy_sensors) by extensions ['ignore', 'ignore_ament_install']
[1.676s] Level 1:colcon.colcon_core.package_identification:_identify(src/teensy_sensors) by extension 'ignore'
[1.676s] Level 1:colcon.colcon_core.package_identification:_identify(src/teensy_sensors) by extension 'ignore_ament_install'
[1.676s] Level 1:colcon.colcon_core.package_identification:_identify(src/teensy_sensors) by extensions ['colcon_pkg']
[1.676s] Level 1:colcon.colcon_core.package_identification:_identify(src/teensy_sensors) by extension 'colcon_pkg'
[1.676s] Level 1:colcon.colcon_core.package_identification:_identify(src/teensy_sensors) by extensions ['colcon_meta']
[1.676s] Level 1:colcon.colcon_core.package_identification:_identify(src/teensy_sensors) by extension 'colcon_meta'
[1.676s] Level 1:colcon.colcon_core.package_identification:_identify(src/teensy_sensors) by extensions ['ros']
[1.676s] Level 1:colcon.colcon_core.package_identification:_identify(src/teensy_sensors) by extension 'ros'
[1.676s] DEBUG:colcon.colcon_core.package_identification:Failed to parse potential ROS package manifest in'src/teensy_sensors': Error(s) in package 'src/teensy_sensors/package.xml':
The manifest contains invalid XML:
no element found: line 1, column 0
[1.676s] Level 1:colcon.colcon_core.package_identification:_identify(src/teensy_sensors) by extensions ['cmake', 'python']
[1.677s] Level 1:colcon.colcon_core.package_identification:_identify(src/teensy_sensors) by extension 'cmake'
[1.677s] Level 1:colcon.colcon_core.package_identification:_identify(src/teensy_sensors) by extension 'python'
[1.677s] Level 1:colcon.colcon_core.package_identification:_identify(src/teensy_sensors) by extensions ['python_setup_py']
[1.677s] Level 1:colcon.colcon_core.package_identification:_identify(src/teensy_sensors) by extension 'python_setup_py'
[1.983s] ERROR:colcon.colcon_core.package_identification:Exception in package identification extension 'python_setup_py' in 'src/teensy_sensors': Command '['/usr/bin/python3', '-c', 'import sys;from contextlib import suppress;exec("with suppress(ImportError):    from setuptools.extern.packaging.specifiers    import SpecifierSet");exec("with suppress(ImportError):    from packaging.specifiers import SpecifierSet");from distutils.core import run_setup;dist = run_setup(    \'setup.py\', script_args=(\'--dry-run\',), stop_after=\'config\');skip_keys = (\'cmdclass\', \'distclass\', \'ext_modules\', \'metadata\');data = {    key: value for key, value in dist.__dict__.items()     if (        not key.startswith(\'_\') and         not callable(value) and         key not in skip_keys and         key not in dist.display_option_names    )};data[\'metadata\'] = {    k: v for k, v in dist.metadata.__dict__.items()     if k not in (\'license_files\', \'provides_extras\')};sys.stdout.buffer.write(repr(data).encode(\'utf-8\'))']' returned non-zero exit status 1.
Traceback (most recent call last):
  File "/usr/local/lib/python3.11/dist-packages/colcon_core/package_identification/__init__.py", line 144, in _identify
    retval = extension.identify(_reused_descriptor_instance)
             ^^^^^^^^^^^^^^^^^^^^^^^^^^^^^^^^^^^^^^^^^^^^^^^
  File "/usr/local/lib/python3.11/dist-packages/colcon_python_setup_py/package_identification/python_setup_py.py", line 48, in identify
    config = get_setup_information(setup_py)
             ^^^^^^^^^^^^^^^^^^^^^^^^^^^^^^^
  File "/usr/local/lib/python3.11/dist-packages/colcon_python_setup_py/package_identification/python_setup_py.py", line 249, in get_setup_information
    _setup_information_cache[hashable_env] = _get_setup_information(
                                             ^^^^^^^^^^^^^^^^^^^^^^^
  File "/usr/local/lib/python3.11/dist-packages/colcon_python_setup_py/package_identification/python_setup_py.py", line 296, in _get_setup_information
    result = subprocess.run(
             ^^^^^^^^^^^^^^^
  File "/usr/lib/python3.11/subprocess.py", line 571, in run
    raise CalledProcessError(retcode, process.args,
subprocess.CalledProcessError: Command '['/usr/bin/python3', '-c', 'import sys;from contextlib import suppress;exec("with suppress(ImportError):    from setuptools.extern.packaging.specifiers    import SpecifierSet");exec("with suppress(ImportError):    from packaging.specifiers import SpecifierSet");from distutils.core import run_setup;dist = run_setup(    \'setup.py\', script_args=(\'--dry-run\',), stop_after=\'config\');skip_keys = (\'cmdclass\', \'distclass\', \'ext_modules\', \'metadata\');data = {    key: value for key, value in dist.__dict__.items()     if (        not key.startswith(\'_\') and         not callable(value) and         key not in skip_keys and         key not in dist.display_option_names    )};data[\'metadata\'] = {    k: v for k, v in dist.metadata.__dict__.items()     if k not in (\'license_files\', \'provides_extras\')};sys.stdout.buffer.write(repr(data).encode(\'utf-8\'))']' returned non-zero exit status 1.

[1.983s] Level 1:colcon.colcon_core.package_identification:_identify(src/teensy_sensors/config) by extensions ['ignore', 'ignore_ament_install']
[1.983s] Level 1:colcon.colcon_core.package_identification:_identify(src/teensy_sensors/config) by extension 'ignore'
[1.983s] Level 1:colcon.colcon_core.package_identification:_identify(src/teensy_sensors/config) by extension 'ignore_ament_install'
[1.983s] Level 1:colcon.colcon_core.package_identification:_identify(src/teensy_sensors/config) by extensions ['colcon_pkg']
[1.983s] Level 1:colcon.colcon_core.package_identification:_identify(src/teensy_sensors/config) by extension 'colcon_pkg'
[1.984s] Level 1:colcon.colcon_core.package_identification:_identify(src/teensy_sensors/config) by extensions ['colcon_meta']
[1.984s] Level 1:colcon.colcon_core.package_identification:_identify(src/teensy_sensors/config) by extension 'colcon_meta'
[1.984s] Level 1:colcon.colcon_core.package_identification:_identify(src/teensy_sensors/config) by extensions ['ros']
[1.984s] Level 1:colcon.colcon_core.package_identification:_identify(src/teensy_sensors/config) by extension 'ros'
[1.984s] Level 1:colcon.colcon_core.package_identification:_identify(src/teensy_sensors/config) by extensions ['cmake', 'python']
[1.984s] Level 1:colcon.colcon_core.package_identification:_identify(src/teensy_sensors/config) by extension 'cmake'
[1.984s] Level 1:colcon.colcon_core.package_identification:_identify(src/teensy_sensors/config) by extension 'python'
[1.984s] Level 1:colcon.colcon_core.package_identification:_identify(src/teensy_sensors/config) by extensions ['python_setup_py']
[1.984s] Level 1:colcon.colcon_core.package_identification:_identify(src/teensy_sensors/config) by extension 'python_setup_py'
[1.984s] Level 1:colcon.colcon_core.package_identification:_identify(src/teensy_sensors/firmware) by extensions ['ignore', 'ignore_ament_install']
[1.984s] Level 1:colcon.colcon_core.package_identification:_identify(src/teensy_sensors/firmware) by extension 'ignore'
[1.984s] Level 1:colcon.colcon_core.package_identification:_identify(src/teensy_sensors/firmware) by extension 'ignore_ament_install'
[1.984s] Level 1:colcon.colcon_core.package_identification:_identify(src/teensy_sensors/firmware) by extensions ['colcon_pkg']
[1.984s] Level 1:colcon.colcon_core.package_identification:_identify(src/teensy_sensors/firmware) by extension 'colcon_pkg'
[1.984s] Level 1:colcon.colcon_core.package_identification:_identify(src/teensy_sensors/firmware) by extensions ['colcon_meta']
[1.984s] Level 1:colcon.colcon_core.package_identification:_identify(src/teensy_sensors/firmware) by extension 'colcon_meta'
[1.985s] Level 1:colcon.colcon_core.package_identification:_identify(src/teensy_sensors/firmware) by extensions ['ros']
[1.985s] Level 1:colcon.colcon_core.package_identification:_identify(src/teensy_sensors/firmware) by extension 'ros'
[1.985s] Level 1:colcon.colcon_core.package_identification:_identify(src/teensy_sensors/firmware) by extensions ['cmake', 'python']
[1.985s] Level 1:colcon.colcon_core.package_identification:_identify(src/teensy_sensors/firmware) by extension 'cmake'
[1.985s] Level 1:colcon.colcon_core.package_identification:_identify(src/teensy_sensors/firmware) by extension 'python'
[1.985s] Level 1:colcon.colcon_core.package_identification:_identify(src/teensy_sensors/firmware) by extensions ['python_setup_py']
[1.985s] Level 1:colcon.colcon_core.package_identification:_identify(src/teensy_sensors/firmware) by extension 'python_setup_py'
[1.985s] Level 1:colcon.colcon_core.package_identification:_identify(src/teensy_sensors/firmware/distance_sensor) by extensions ['ignore', 'ignore_ament_install']
[1.985s] Level 1:colcon.colcon_core.package_identification:_identify(src/teensy_sensors/firmware/distance_sensor) by extension 'ignore'
[1.985s] Level 1:colcon.colcon_core.package_identification:_identify(src/teensy_sensors/firmware/distance_sensor) by extension 'ignore_ament_install'
[1.985s] Level 1:colcon.colcon_core.package_identification:_identify(src/teensy_sensors/firmware/distance_sensor) by extensions ['colcon_pkg']
[1.985s] Level 1:colcon.colcon_core.package_identification:_identify(src/teensy_sensors/firmware/distance_sensor) by extension 'colcon_pkg'
[1.985s] Level 1:colcon.colcon_core.package_identification:_identify(src/teensy_sensors/firmware/distance_sensor) by extensions ['colcon_meta']
[1.985s] Level 1:colcon.colcon_core.package_identification:_identify(src/teensy_sensors/firmware/distance_sensor) by extension 'colcon_meta'
[1.985s] Level 1:colcon.colcon_core.package_identification:_identify(src/teensy_sensors/firmware/distance_sensor) by extensions ['ros']
[1.985s] Level 1:colcon.colcon_core.package_identification:_identify(src/teensy_sensors/firmware/distance_sensor) by extension 'ros'
[1.985s] Level 1:colcon.colcon_core.package_identification:_identify(src/teensy_sensors/firmware/distance_sensor) by extensions ['cmake', 'python']
[1.985s] Level 1:colcon.colcon_core.package_identification:_identify(src/teensy_sensors/firmware/distance_sensor) by extension 'cmake'
[1.985s] Level 1:colcon.colcon_core.package_identification:_identify(src/teensy_sensors/firmware/distance_sensor) by extension 'python'
[1.986s] Level 1:colcon.colcon_core.package_identification:_identify(src/teensy_sensors/firmware/distance_sensor) by extensions ['python_setup_py']
[1.986s] Level 1:colcon.colcon_core.package_identification:_identify(src/teensy_sensors/firmware/distance_sensor) by extension 'python_setup_py'
[1.986s] Level 1:colcon.colcon_core.package_identification:_identify(src/teensy_sensors/firmware/ir_sensors) by extensions ['ignore', 'ignore_ament_install']
[1.986s] Level 1:colcon.colcon_core.package_identification:_identify(src/teensy_sensors/firmware/ir_sensors) by extension 'ignore'
[1.986s] Level 1:colcon.colcon_core.package_identification:_identify(src/teensy_sensors/firmware/ir_sensors) by extension 'ignore_ament_install'
[1.986s] Level 1:colcon.colcon_core.package_identification:_identify(src/teensy_sensors/firmware/ir_sensors) by extensions ['colcon_pkg']
[1.986s] Level 1:colcon.colcon_core.package_identification:_identify(src/teensy_sensors/firmware/ir_sensors) by extension 'colcon_pkg'
[1.986s] Level 1:colcon.colcon_core.package_identification:_identify(src/teensy_sensors/firmware/ir_sensors) by extensions ['colcon_meta']
[1.986s] Level 1:colcon.colcon_core.package_identification:_identify(src/teensy_sensors/firmware/ir_sensors) by extension 'colcon_meta'
[1.986s] Level 1:colcon.colcon_core.package_identification:_identify(src/teensy_sensors/firmware/ir_sensors) by extensions ['ros']
[1.986s] Level 1:colcon.colcon_core.package_identification:_identify(src/teensy_sensors/firmware/ir_sensors) by extension 'ros'
[1.986s] Level 1:colcon.colcon_core.package_identification:_identify(src/teensy_sensors/firmware/ir_sensors) by extensions ['cmake', 'python']
[1.986s] Level 1:colcon.colcon_core.package_identification:_identify(src/teensy_sensors/firmware/ir_sensors) by extension 'cmake'
[1.986s] Level 1:colcon.colcon_core.package_identification:_identify(src/teensy_sensors/firmware/ir_sensors) by extension 'python'
[1.986s] Level 1:colcon.colcon_core.package_identification:_identify(src/teensy_sensors/firmware/ir_sensors) by extensions ['python_setup_py']
[1.986s] Level 1:colcon.colcon_core.package_identification:_identify(src/teensy_sensors/firmware/ir_sensors) by extension 'python_setup_py'
[1.986s] Level 1:colcon.colcon_core.package_identification:_identify(src/teensy_sensors/firmware/supervisor) by extensions ['ignore', 'ignore_ament_install']
[1.987s] Level 1:colcon.colcon_core.package_identification:_identify(src/teensy_sensors/firmware/supervisor) by extension 'ignore'
[1.987s] Level 1:colcon.colcon_core.package_identification:_identify(src/teensy_sensors/firmware/supervisor) by extension 'ignore_ament_install'
[1.987s] Level 1:colcon.colcon_core.package_identification:_identify(src/teensy_sensors/firmware/supervisor) by extensions ['colcon_pkg']
[1.987s] Level 1:colcon.colcon_core.package_identification:_identify(src/teensy_sensors/firmware/supervisor) by extension 'colcon_pkg'
[1.987s] Level 1:colcon.colcon_core.package_identification:_identify(src/teensy_sensors/firmware/supervisor) by extensions ['colcon_meta']
[1.987s] Level 1:colcon.colcon_core.package_identification:_identify(src/teensy_sensors/firmware/supervisor) by extension 'colcon_meta'
[1.987s] Level 1:colcon.colcon_core.package_identification:_identify(src/teensy_sensors/firmware/supervisor) by extensions ['ros']
[1.987s] Level 1:colcon.colcon_core.package_identification:_identify(src/teensy_sensors/firmware/supervisor) by extension 'ros'
[1.987s] Level 1:colcon.colcon_core.package_identification:_identify(src/teensy_sensors/firmware/supervisor) by extensions ['cmake', 'python']
[1.987s] Level 1:colcon.colcon_core.package_identification:_identify(src/teensy_sensors/firmware/supervisor) by extension 'cmake'
[1.987s] Level 1:colcon.colcon_core.package_identification:_identify(src/teensy_sensors/firmware/supervisor) by extension 'python'
[1.987s] Level 1:colcon.colcon_core.package_identification:_identify(src/teensy_sensors/firmware/supervisor) by extensions ['python_setup_py']
[1.987s] Level 1:colcon.colcon_core.package_identification:_identify(src/teensy_sensors/firmware/supervisor) by extension 'python_setup_py'
[1.987s] Level 1:colcon.colcon_core.package_identification:_identify(src/teensy_sensors/firmware/ultrasonic) by extensions ['ignore', 'ignore_ament_install']
[1.987s] Level 1:colcon.colcon_core.package_identification:_identify(src/teensy_sensors/firmware/ultrasonic) by extension 'ignore'
[1.987s] Level 1:colcon.colcon_core.package_identification:_identify(src/teensy_sensors/firmware/ultrasonic) by extension 'ignore_ament_install'
[1.987s] Level 1:colcon.colcon_core.package_identification:_identify(src/teensy_sensors/firmware/ultrasonic) by extensions ['colcon_pkg']
[1.987s] Level 1:colcon.colcon_core.package_identification:_identify(src/teensy_sensors/firmware/ultrasonic) by extension 'colcon_pkg'
[1.988s] Level 1:colcon.colcon_core.package_identification:_identify(src/teensy_sensors/firmware/ultrasonic) by extensions ['colcon_meta']
[1.988s] Level 1:colcon.colcon_core.package_identification:_identify(src/teensy_sensors/firmware/ultrasonic) by extension 'colcon_meta'
[1.988s] Level 1:colcon.colcon_core.package_identification:_identify(src/teensy_sensors/firmware/ultrasonic) by extensions ['ros']
[1.988s] Level 1:colcon.colcon_core.package_identification:_identify(src/teensy_sensors/firmware/ultrasonic) by extension 'ros'
[1.988s] Level 1:colcon.colcon_core.package_identification:_identify(src/teensy_sensors/firmware/ultrasonic) by extensions ['cmake', 'python']
[1.988s] Level 1:colcon.colcon_core.package_identification:_identify(src/teensy_sensors/firmware/ultrasonic) by extension 'cmake'
[1.988s] Level 1:colcon.colcon_core.package_identification:_identify(src/teensy_sensors/firmware/ultrasonic) by extension 'python'
[1.988s] Level 1:colcon.colcon_core.package_identification:_identify(src/teensy_sensors/firmware/ultrasonic) by extensions ['python_setup_py']
[1.988s] Level 1:colcon.colcon_core.package_identification:_identify(src/teensy_sensors/firmware/ultrasonic) by extension 'python_setup_py'
[1.988s] Level 1:colcon.colcon_core.package_identification:_identify(src/teensy_sensors/launch) by extensions ['ignore', 'ignore_ament_install']
[1.988s] Level 1:colcon.colcon_core.package_identification:_identify(src/teensy_sensors/launch) by extension 'ignore'
[1.988s] Level 1:colcon.colcon_core.package_identification:_identify(src/teensy_sensors/launch) by extension 'ignore_ament_install'
[1.988s] Level 1:colcon.colcon_core.package_identification:_identify(src/teensy_sensors/launch) by extensions ['colcon_pkg']
[1.988s] Level 1:colcon.colcon_core.package_identification:_identify(src/teensy_sensors/launch) by extension 'colcon_pkg'
[1.988s] Level 1:colcon.colcon_core.package_identification:_identify(src/teensy_sensors/launch) by extensions ['colcon_meta']
[1.988s] Level 1:colcon.colcon_core.package_identification:_identify(src/teensy_sensors/launch) by extension 'colcon_meta'
[1.989s] Level 1:colcon.colcon_core.package_identification:_identify(src/teensy_sensors/launch) by extensions ['ros']
[1.989s] Level 1:colcon.colcon_core.package_identification:_identify(src/teensy_sensors/launch) by extension 'ros'
[1.989s] Level 1:colcon.colcon_core.package_identification:_identify(src/teensy_sensors/launch) by extensions ['cmake', 'python']
[1.989s] Level 1:colcon.colcon_core.package_identification:_identify(src/teensy_sensors/launch) by extension 'cmake'
[1.989s] Level 1:colcon.colcon_core.package_identification:_identify(src/teensy_sensors/launch) by extension 'python'
[1.989s] Level 1:colcon.colcon_core.package_identification:_identify(src/teensy_sensors/launch) by extensions ['python_setup_py']
[1.989s] Level 1:colcon.colcon_core.package_identification:_identify(src/teensy_sensors/launch) by extension 'python_setup_py'
[1.989s] Level 1:colcon.colcon_core.package_identification:_identify(src/teensy_sensors/teensy_sensors) by extensions ['ignore', 'ignore_ament_install']
[1.989s] Level 1:colcon.colcon_core.package_identification:_identify(src/teensy_sensors/teensy_sensors) by extension 'ignore'
[1.989s] Level 1:colcon.colcon_core.package_identification:_identify(src/teensy_sensors/teensy_sensors) by extension 'ignore_ament_install'
[1.989s] Level 1:colcon.colcon_core.package_identification:_identify(src/teensy_sensors/teensy_sensors) by extensions ['colcon_pkg']
[1.989s] Level 1:colcon.colcon_core.package_identification:_identify(src/teensy_sensors/teensy_sensors) by extension 'colcon_pkg'
[1.989s] Level 1:colcon.colcon_core.package_identification:_identify(src/teensy_sensors/teensy_sensors) by extensions ['colcon_meta']
[1.989s] Level 1:colcon.colcon_core.package_identification:_identify(src/teensy_sensors/teensy_sensors) by extension 'colcon_meta'
[1.989s] Level 1:colcon.colcon_core.package_identification:_identify(src/teensy_sensors/teensy_sensors) by extensions ['ros']
[1.989s] Level 1:colcon.colcon_core.package_identification:_identify(src/teensy_sensors/teensy_sensors) by extension 'ros'
[1.989s] Level 1:colcon.colcon_core.package_identification:_identify(src/teensy_sensors/teensy_sensors) by extensions ['cmake', 'python']
[1.989s] Level 1:colcon.colcon_core.package_identification:_identify(src/teensy_sensors/teensy_sensors) by extension 'cmake'
[1.989s] Level 1:colcon.colcon_core.package_identification:_identify(src/teensy_sensors/teensy_sensors) by extension 'python'
[1.989s] Level 1:colcon.colcon_core.package_identification:_identify(src/teensy_sensors/teensy_sensors) by extensions ['python_setup_py']
[1.989s] Level 1:colcon.colcon_core.package_identification:_identify(src/teensy_sensors/teensy_sensors) by extension 'python_setup_py'
[1.990s] Level 1:colcon.colcon_core.package_identification:_identify(src/vision) by extensions ['ignore', 'ignore_ament_install']
[1.990s] Level 1:colcon.colcon_core.package_identification:_identify(src/vision) by extension 'ignore'
[1.990s] Level 1:colcon.colcon_core.package_identification:_identify(src/vision) by extension 'ignore_ament_install'
[1.990s] Level 1:colcon.colcon_core.package_identification:_identify(src/vision) by extensions ['colcon_pkg']
[1.990s] Level 1:colcon.colcon_core.package_identification:_identify(src/vision) by extension 'colcon_pkg'
[1.990s] Level 1:colcon.colcon_core.package_identification:_identify(src/vision) by extensions ['colcon_meta']
[1.990s] Level 1:colcon.colcon_core.package_identification:_identify(src/vision) by extension 'colcon_meta'
[1.990s] Level 1:colcon.colcon_core.package_identification:_identify(src/vision) by extensions ['ros']
[1.990s] Level 1:colcon.colcon_core.package_identification:_identify(src/vision) by extension 'ros'
[1.991s] DEBUG:colcon.colcon_core.package_identification:Package 'src/vision' with type 'ros.ament_python' and name 'vision'
[1.991s] Level 1:colcon.colcon_core.package_identification:_identify(teensy_firmware) by extensions ['ignore', 'ignore_ament_install']
[1.991s] Level 1:colcon.colcon_core.package_identification:_identify(teensy_firmware) by extension 'ignore'
[1.991s] Level 1:colcon.colcon_core.package_identification:_identify(teensy_firmware) by extension 'ignore_ament_install'
[1.991s] Level 1:colcon.colcon_core.package_identification:_identify(teensy_firmware) by extensions ['colcon_pkg']
[1.991s] Level 1:colcon.colcon_core.package_identification:_identify(teensy_firmware) by extension 'colcon_pkg'
[1.991s] Level 1:colcon.colcon_core.package_identification:_identify(teensy_firmware) by extensions ['colcon_meta']
[1.991s] Level 1:colcon.colcon_core.package_identification:_identify(teensy_firmware) by extension 'colcon_meta'
[1.991s] Level 1:colcon.colcon_core.package_identification:_identify(teensy_firmware) by extensions ['ros']
[1.991s] Level 1:colcon.colcon_core.package_identification:_identify(teensy_firmware) by extension 'ros'
[1.991s] Level 1:colcon.colcon_core.package_identification:_identify(teensy_firmware) by extensions ['cmake', 'python']
[1.991s] Level 1:colcon.colcon_core.package_identification:_identify(teensy_firmware) by extension 'cmake'
[1.991s] Level 1:colcon.colcon_core.package_identification:_identify(teensy_firmware) by extension 'python'
[1.991s] Level 1:colcon.colcon_core.package_identification:_identify(teensy_firmware) by extensions ['python_setup_py']
[1.991s] Level 1:colcon.colcon_core.package_identification:_identify(teensy_firmware) by extension 'python_setup_py'
[1.991s] Level 1:colcon.colcon_core.package_identification:_identify(teensy_firmware/include) by extensions ['ignore', 'ignore_ament_install']
[1.991s] Level 1:colcon.colcon_core.package_identification:_identify(teensy_firmware/include) by extension 'ignore'
[1.992s] Level 1:colcon.colcon_core.package_identification:_identify(teensy_firmware/include) by extension 'ignore_ament_install'
[1.992s] Level 1:colcon.colcon_core.package_identification:_identify(teensy_firmware/include) by extensions ['colcon_pkg']
[1.992s] Level 1:colcon.colcon_core.package_identification:_identify(teensy_firmware/include) by extension 'colcon_pkg'
[1.992s] Level 1:colcon.colcon_core.package_identification:_identify(teensy_firmware/include) by extensions ['colcon_meta']
[1.992s] Level 1:colcon.colcon_core.package_identification:_identify(teensy_firmware/include) by extension 'colcon_meta'
[1.992s] Level 1:colcon.colcon_core.package_identification:_identify(teensy_firmware/include) by extensions ['ros']
[1.992s] Level 1:colcon.colcon_core.package_identification:_identify(teensy_firmware/include) by extension 'ros'
[1.992s] Level 1:colcon.colcon_core.package_identification:_identify(teensy_firmware/include) by extensions ['cmake', 'python']
[1.992s] Level 1:colcon.colcon_core.package_identification:_identify(teensy_firmware/include) by extension 'cmake'
[1.992s] Level 1:colcon.colcon_core.package_identification:_identify(teensy_firmware/include) by extension 'python'
[1.992s] Level 1:colcon.colcon_core.package_identification:_identify(teensy_firmware/include) by extensions ['python_setup_py']
[1.992s] Level 1:colcon.colcon_core.package_identification:_identify(teensy_firmware/include) by extension 'python_setup_py'
[1.992s] Level 1:colcon.colcon_core.package_identification:_identify(teensy_firmware/lib) by extensions ['ignore', 'ignore_ament_install']
[1.992s] Level 1:colcon.colcon_core.package_identification:_identify(teensy_firmware/lib) by extension 'ignore'
[1.992s] Level 1:colcon.colcon_core.package_identification:_identify(teensy_firmware/lib) by extension 'ignore_ament_install'
[1.992s] Level 1:colcon.colcon_core.package_identification:_identify(teensy_firmware/lib) by extensions ['colcon_pkg']
[1.992s] Level 1:colcon.colcon_core.package_identification:_identify(teensy_firmware/lib) by extension 'colcon_pkg'
[1.992s] Level 1:colcon.colcon_core.package_identification:_identify(teensy_firmware/lib) by extensions ['colcon_meta']
[1.992s] Level 1:colcon.colcon_core.package_identification:_identify(teensy_firmware/lib) by extension 'colcon_meta'
[1.992s] Level 1:colcon.colcon_core.package_identification:_identify(teensy_firmware/lib) by extensions ['ros']
[1.992s] Level 1:colcon.colcon_core.package_identification:_identify(teensy_firmware/lib) by extension 'ros'
[1.992s] Level 1:colcon.colcon_core.package_identification:_identify(teensy_firmware/lib) by extensions ['cmake', 'python']
[1.992s] Level 1:colcon.colcon_core.package_identification:_identify(teensy_firmware/lib) by extension 'cmake'
[1.992s] Level 1:colcon.colcon_core.package_identification:_identify(teensy_firmware/lib) by extension 'python'
[1.992s] Level 1:colcon.colcon_core.package_identification:_identify(teensy_firmware/lib) by extensions ['python_setup_py']
[1.992s] Level 1:colcon.colcon_core.package_identification:_identify(teensy_firmware/lib) by extension 'python_setup_py'
[1.992s] Level 1:colcon.colcon_core.package_identification:_identify(teensy_firmware/src) by extensions ['ignore', 'ignore_ament_install']
[1.992s] Level 1:colcon.colcon_core.package_identification:_identify(teensy_firmware/src) by extension 'ignore'
[1.993s] Level 1:colcon.colcon_core.package_identification:_identify(teensy_firmware/src) by extension 'ignore_ament_install'
[1.993s] Level 1:colcon.colcon_core.package_identification:_identify(teensy_firmware/src) by extensions ['colcon_pkg']
[1.993s] Level 1:colcon.colcon_core.package_identification:_identify(teensy_firmware/src) by extension 'colcon_pkg'
[1.993s] Level 1:colcon.colcon_core.package_identification:_identify(teensy_firmware/src) by extensions ['colcon_meta']
[1.993s] Level 1:colcon.colcon_core.package_identification:_identify(teensy_firmware/src) by extension 'colcon_meta'
[1.993s] Level 1:colcon.colcon_core.package_identification:_identify(teensy_firmware/src) by extensions ['ros']
[1.993s] Level 1:colcon.colcon_core.package_identification:_identify(teensy_firmware/src) by extension 'ros'
[1.993s] Level 1:colcon.colcon_core.package_identification:_identify(teensy_firmware/src) by extensions ['cmake', 'python']
[1.993s] Level 1:colcon.colcon_core.package_identification:_identify(teensy_firmware/src) by extension 'cmake'
[1.993s] Level 1:colcon.colcon_core.package_identification:_identify(teensy_firmware/src) by extension 'python'
[1.993s] Level 1:colcon.colcon_core.package_identification:_identify(teensy_firmware/src) by extensions ['python_setup_py']
[1.993s] Level 1:colcon.colcon_core.package_identification:_identify(teensy_firmware/src) by extension 'python_setup_py'
[1.993s] Level 1:colcon.colcon_core.package_identification:_identify(teensy_firmware/test) by extensions ['ignore', 'ignore_ament_install']
[1.993s] Level 1:colcon.colcon_core.package_identification:_identify(teensy_firmware/test) by extension 'ignore'
[1.993s] Level 1:colcon.colcon_core.package_identification:_identify(teensy_firmware/test) by extension 'ignore_ament_install'
[1.993s] Level 1:colcon.colcon_core.package_identification:_identify(teensy_firmware/test) by extensions ['colcon_pkg']
[1.993s] Level 1:colcon.colcon_core.package_identification:_identify(teensy_firmware/test) by extension 'colcon_pkg'
[1.993s] Level 1:colcon.colcon_core.package_identification:_identify(teensy_firmware/test) by extensions ['colcon_meta']
[1.993s] Level 1:colcon.colcon_core.package_identification:_identify(teensy_firmware/test) by extension 'colcon_meta'
[1.993s] Level 1:colcon.colcon_core.package_identification:_identify(teensy_firmware/test) by extensions ['ros']
[1.993s] Level 1:colcon.colcon_core.package_identification:_identify(teensy_firmware/test) by extension 'ros'
[1.993s] Level 1:colcon.colcon_core.package_identification:_identify(teensy_firmware/test) by extensions ['cmake', 'python']
[1.993s] Level 1:colcon.colcon_core.package_identification:_identify(teensy_firmware/test) by extension 'cmake'
[1.993s] Level 1:colcon.colcon_core.package_identification:_identify(teensy_firmware/test) by extension 'python'
[1.993s] Level 1:colcon.colcon_core.package_identification:_identify(teensy_firmware/test) by extensions ['python_setup_py']
[1.993s] Level 1:colcon.colcon_core.package_identification:_identify(teensy_firmware/test) by extension 'python_setup_py'
[1.993s] Level 1:colcon.colcon_core.package_identification:_identify(tools) by extensions ['ignore', 'ignore_ament_install']
[1.993s] Level 1:colcon.colcon_core.package_identification:_identify(tools) by extension 'ignore'
[1.993s] Level 1:colcon.colcon_core.package_identification:_identify(tools) by extension 'ignore_ament_install'
[1.993s] Level 1:colcon.colcon_core.package_identification:_identify(tools) by extensions ['colcon_pkg']
[1.993s] Level 1:colcon.colcon_core.package_identification:_identify(tools) by extension 'colcon_pkg'
[1.994s] Level 1:colcon.colcon_core.package_identification:_identify(tools) by extensions ['colcon_meta']
[1.994s] Level 1:colcon.colcon_core.package_identification:_identify(tools) by extension 'colcon_meta'
[1.994s] Level 1:colcon.colcon_core.package_identification:_identify(tools) by extensions ['ros']
[1.994s] Level 1:colcon.colcon_core.package_identification:_identify(tools) by extension 'ros'
[1.994s] Level 1:colcon.colcon_core.package_identification:_identify(tools) by extensions ['cmake', 'python']
[1.994s] Level 1:colcon.colcon_core.package_identification:_identify(tools) by extension 'cmake'
[1.994s] Level 1:colcon.colcon_core.package_identification:_identify(tools) by extension 'python'
[1.994s] Level 1:colcon.colcon_core.package_identification:_identify(tools) by extensions ['python_setup_py']
[1.994s] Level 1:colcon.colcon_core.package_identification:_identify(tools) by extension 'python_setup_py'
[1.994s] Level 1:colcon.colcon_core.package_identification:_identify(tools/calibration) by extensions ['ignore', 'ignore_ament_install']
[1.994s] Level 1:colcon.colcon_core.package_identification:_identify(tools/calibration) by extension 'ignore'
[1.994s] Level 1:colcon.colcon_core.package_identification:_identify(tools/calibration) by extension 'ignore_ament_install'
[1.994s] Level 1:colcon.colcon_core.package_identification:_identify(tools/calibration) by extensions ['colcon_pkg']
[1.994s] Level 1:colcon.colcon_core.package_identification:_identify(tools/calibration) by extension 'colcon_pkg'
[1.994s] Level 1:colcon.colcon_core.package_identification:_identify(tools/calibration) by extensions ['colcon_meta']
[1.994s] Level 1:colcon.colcon_core.package_identification:_identify(tools/calibration) by extension 'colcon_meta'
[1.994s] Level 1:colcon.colcon_core.package_identification:_identify(tools/calibration) by extensions ['ros']
[1.994s] Level 1:colcon.colcon_core.package_identification:_identify(tools/calibration) by extension 'ros'
[1.994s] Level 1:colcon.colcon_core.package_identification:_identify(tools/calibration) by extensions ['cmake', 'python']
[1.994s] Level 1:colcon.colcon_core.package_identification:_identify(tools/calibration) by extension 'cmake'
[1.994s] Level 1:colcon.colcon_core.package_identification:_identify(tools/calibration) by extension 'python'
[1.994s] Level 1:colcon.colcon_core.package_identification:_identify(tools/calibration) by extensions ['python_setup_py']
[1.994s] Level 1:colcon.colcon_core.package_identification:_identify(tools/calibration) by extension 'python_setup_py'
[1.994s] Level 1:colcon.colcon_core.package_identification:_identify(tools/testing) by extensions ['ignore', 'ignore_ament_install']
[1.994s] Level 1:colcon.colcon_core.package_identification:_identify(tools/testing) by extension 'ignore'
[1.994s] Level 1:colcon.colcon_core.package_identification:_identify(tools/testing) by extension 'ignore_ament_install'
[1.994s] Level 1:colcon.colcon_core.package_identification:_identify(tools/testing) by extensions ['colcon_pkg']
[1.994s] Level 1:colcon.colcon_core.package_identification:_identify(tools/testing) by extension 'colcon_pkg'
[1.994s] Level 1:colcon.colcon_core.package_identification:_identify(tools/testing) by extensions ['colcon_meta']
[1.994s] Level 1:colcon.colcon_core.package_identification:_identify(tools/testing) by extension 'colcon_meta'
[1.994s] Level 1:colcon.colcon_core.package_identification:_identify(tools/testing) by extensions ['ros']
[1.995s] Level 1:colcon.colcon_core.package_identification:_identify(tools/testing) by extension 'ros'
[1.995s] Level 1:colcon.colcon_core.package_identification:_identify(tools/testing) by extensions ['cmake', 'python']
[1.995s] Level 1:colcon.colcon_core.package_identification:_identify(tools/testing) by extension 'cmake'
[1.995s] Level 1:colcon.colcon_core.package_identification:_identify(tools/testing) by extension 'python'
[1.995s] Level 1:colcon.colcon_core.package_identification:_identify(tools/testing) by extensions ['python_setup_py']
[1.995s] Level 1:colcon.colcon_core.package_identification:_identify(tools/testing) by extension 'python_setup_py'
[1.995s] Level 1:colcon.colcon_core.package_identification:_identify(tools/visualization) by extensions ['ignore', 'ignore_ament_install']
[1.995s] Level 1:colcon.colcon_core.package_identification:_identify(tools/visualization) by extension 'ignore'
[1.995s] Level 1:colcon.colcon_core.package_identification:_identify(tools/visualization) by extension 'ignore_ament_install'
[1.995s] Level 1:colcon.colcon_core.package_identification:_identify(tools/visualization) by extensions ['colcon_pkg']
[1.995s] Level 1:colcon.colcon_core.package_identification:_identify(tools/visualization) by extension 'colcon_pkg'
[1.995s] Level 1:colcon.colcon_core.package_identification:_identify(tools/visualization) by extensions ['colcon_meta']
[1.995s] Level 1:colcon.colcon_core.package_identification:_identify(tools/visualization) by extension 'colcon_meta'
[1.995s] Level 1:colcon.colcon_core.package_identification:_identify(tools/visualization) by extensions ['ros']
[1.995s] Level 1:colcon.colcon_core.package_identification:_identify(tools/visualization) by extension 'ros'
[1.995s] Level 1:colcon.colcon_core.package_identification:_identify(tools/visualization) by extensions ['cmake', 'python']
[1.995s] Level 1:colcon.colcon_core.package_identification:_identify(tools/visualization) by extension 'cmake'
[1.995s] Level 1:colcon.colcon_core.package_identification:_identify(tools/visualization) by extension 'python'
[1.995s] Level 1:colcon.colcon_core.package_identification:_identify(tools/visualization) by extensions ['python_setup_py']
[1.995s] Level 1:colcon.colcon_core.package_identification:_identify(tools/visualization) by extension 'python_setup_py'
[1.995s] Level 1:colcon.colcon_core.package_discovery:discover_packages(recursive) using defaults
[1.995s] Level 1:colcon.colcon_core.package_discovery:discover_packages(ignore) discover
[1.995s] Level 1:colcon.colcon_core.package_discovery:discover_packages(ignore) using defaults
[1.995s] Level 1:colcon.colcon_core.package_discovery:discover_packages(path) discover
[1.995s] Level 1:colcon.colcon_core.package_discovery:discover_packages(path) using defaults
[2.015s] INFO:colcon.colcon_core.package_selection:Skipping not selected package 'robot_msgs' in 'src/robot_msgs'
[2.016s] Level 5:colcon.colcon_core.verb:set package 'navigation' build argument 'cmake_args' from command line to 'None'
[2.016s] Level 5:colcon.colcon_core.verb:set package 'navigation' build argument 'cmake_target' from command line to 'None'
[2.016s] Level 5:colcon.colcon_core.verb:set package 'navigation' build argument 'cmake_target_skip_unavailable' from command line to 'False'
[2.016s] Level 5:colcon.colcon_core.verb:set package 'navigation' build argument 'cmake_clean_cache' from command line to 'False'
[2.016s] Level 5:colcon.colcon_core.verb:set package 'navigation' build argument 'cmake_clean_first' from command line to 'False'
[2.016s] Level 5:colcon.colcon_core.verb:set package 'navigation' build argument 'cmake_force_configure' from command line to 'False'
[2.016s] Level 5:colcon.colcon_core.verb:set package 'navigation' build argument 'ament_cmake_args' from command line to 'None'
[2.016s] Level 5:colcon.colcon_core.verb:set package 'navigation' build argument 'catkin_cmake_args' from command line to 'None'
[2.016s] Level 5:colcon.colcon_core.verb:set package 'navigation' build argument 'catkin_skip_building_tests' from command line to 'False'
[2.016s] DEBUG:colcon.colcon_core.verb:Building package 'navigation' with the following arguments: {'ament_cmake_args': None, 'build_base': '/home/elyssa/robot_ws/build/navigation', 'catkin_cmake_args': None, 'catkin_skip_building_tests': False, 'cmake_args': None, 'cmake_clean_cache': False, 'cmake_clean_first': False, 'cmake_force_configure': False, 'cmake_target': None, 'cmake_target_skip_unavailable': False, 'install_base': '/home/elyssa/robot_ws/install/navigation', 'merge_install': False, 'path': '/home/elyssa/robot_ws/src/navigation', 'symlink_install': False, 'test_result_base': None}
[2.016s] Level 5:colcon.colcon_core.verb:set package 'robot_bringup' build argument 'cmake_args' from command line to 'None'
[2.016s] Level 5:colcon.colcon_core.verb:set package 'robot_bringup' build argument 'cmake_target' from command line to 'None'
[2.016s] Level 5:colcon.colcon_core.verb:set package 'robot_bringup' build argument 'cmake_target_skip_unavailable' from command line to 'False'
[2.016s] Level 5:colcon.colcon_core.verb:set package 'robot_bringup' build argument 'cmake_clean_cache' from command line to 'False'
[2.016s] Level 5:colcon.colcon_core.verb:set package 'robot_bringup' build argument 'cmake_clean_first' from command line to 'False'
[2.016s] Level 5:colcon.colcon_core.verb:set package 'robot_bringup' build argument 'cmake_force_configure' from command line to 'False'
[2.016s] Level 5:colcon.colcon_core.verb:set package 'robot_bringup' build argument 'ament_cmake_args' from command line to 'None'
[2.016s] Level 5:colcon.colcon_core.verb:set package 'robot_bringup' build argument 'catkin_cmake_args' from command line to 'None'
[2.016s] Level 5:colcon.colcon_core.verb:set package 'robot_bringup' build argument 'catkin_skip_building_tests' from command line to 'False'
[2.016s] DEBUG:colcon.colcon_core.verb:Building package 'robot_bringup' with the following arguments: {'ament_cmake_args': None, 'build_base': '/home/elyssa/robot_ws/build/robot_bringup', 'catkin_cmake_args': None, 'catkin_skip_building_tests': False, 'cmake_args': None, 'cmake_clean_cache': False, 'cmake_clean_first': False, 'cmake_force_configure': False, 'cmake_target': None, 'cmake_target_skip_unavailable': False, 'install_base': '/home/elyssa/robot_ws/install/robot_bringup', 'merge_install': False, 'path': '/home/elyssa/robot_ws/src/robot_bringup', 'symlink_install': False, 'test_result_base': None}
[2.017s] Level 5:colcon.colcon_core.verb:set package 'vision' build argument 'cmake_args' from command line to 'None'
[2.017s] Level 5:colcon.colcon_core.verb:set package 'vision' build argument 'cmake_target' from command line to 'None'
[2.017s] Level 5:colcon.colcon_core.verb:set package 'vision' build argument 'cmake_target_skip_unavailable' from command line to 'False'
[2.017s] Level 5:colcon.colcon_core.verb:set package 'vision' build argument 'cmake_clean_cache' from command line to 'False'
[2.017s] Level 5:colcon.colcon_core.verb:set package 'vision' build argument 'cmake_clean_first' from command line to 'False'
[2.017s] Level 5:colcon.colcon_core.verb:set package 'vision' build argument 'cmake_force_configure' from command line to 'False'
[2.017s] Level 5:colcon.colcon_core.verb:set package 'vision' build argument 'ament_cmake_args' from command line to 'None'
[2.017s] Level 5:colcon.colcon_core.verb:set package 'vision' build argument 'catkin_cmake_args' from command line to 'None'
[2.017s] Level 5:colcon.colcon_core.verb:set package 'vision' build argument 'catkin_skip_building_tests' from command line to 'False'
[2.017s] DEBUG:colcon.colcon_core.verb:Building package 'vision' with the following arguments: {'ament_cmake_args': None, 'build_base': '/home/elyssa/robot_ws/build/vision', 'catkin_cmake_args': None, 'catkin_skip_building_tests': False, 'cmake_args': None, 'cmake_clean_cache': False, 'cmake_clean_first': False, 'cmake_force_configure': False, 'cmake_target': None, 'cmake_target_skip_unavailable': False, 'install_base': '/home/elyssa/robot_ws/install/vision', 'merge_install': False, 'path': '/home/elyssa/robot_ws/src/vision', 'symlink_install': False, 'test_result_base': None}
[2.017s] INFO:colcon.colcon_core.executor:Executing jobs using 'parallel' executor
[2.018s] DEBUG:colcon.colcon_parallel_executor.executor.parallel:run_until_complete
[2.018s] INFO:colcon.colcon_ros.task.ament_python.build:Building ROS package in '/home/elyssa/robot_ws/src/navigation' with build type 'ament_python'
[2.018s] Level 1:colcon.colcon_core.shell:create_environment_hook('navigation', 'ament_prefix_path')
[2.020s] INFO:colcon.colcon_core.plugin_system:Skipping extension 'colcon_core.shell.bat': Not used on non-Windows systems
[2.020s] INFO:colcon.colcon_core.shell:Creating environment hook '/home/elyssa/robot_ws/install/navigation/share/navigation/hook/ament_prefix_path.ps1'
[2.021s] INFO:colcon.colcon_core.shell:Creating environment descriptor '/home/elyssa/robot_ws/install/navigation/share/navigation/hook/ament_prefix_path.dsv'
[2.022s] INFO:colcon.colcon_core.shell:Creating environment hook '/home/elyssa/robot_ws/install/navigation/share/navigation/hook/ament_prefix_path.sh'
[2.022s] INFO:colcon.colcon_core.shell:Skip shell extension 'powershell' for command environment: Not usable outside of PowerShell
[2.022s] DEBUG:colcon.colcon_core.shell:Skip shell extension 'dsv' for command environment
[2.027s] INFO:colcon.colcon_core.task.python.build:Building Python package in '/home/elyssa/robot_ws/src/robot_bringup'
[2.027s] INFO:colcon.colcon_core.shell:Skip shell extension 'powershell' for command environment: Not usable outside of PowerShell
[2.027s] DEBUG:colcon.colcon_core.shell:Skip shell extension 'dsv' for command environment
[2.029s] INFO:colcon.colcon_ros.task.ament_python.build:Building ROS package in '/home/elyssa/robot_ws/src/vision' with build type 'ament_python'
[2.029s] Level 1:colcon.colcon_core.shell:create_environment_hook('vision', 'ament_prefix_path')
[2.029s] INFO:colcon.colcon_core.shell:Creating environment hook '/home/elyssa/robot_ws/install/vision/share/vision/hook/ament_prefix_path.ps1'
[2.030s] INFO:colcon.colcon_core.shell:Creating environment descriptor '/home/elyssa/robot_ws/install/vision/share/vision/hook/ament_prefix_path.dsv'
[2.030s] INFO:colcon.colcon_core.shell:Creating environment hook '/home/elyssa/robot_ws/install/vision/share/vision/hook/ament_prefix_path.sh'
[2.031s] INFO:colcon.colcon_core.shell:Skip shell extension 'powershell' for command environment: Not usable outside of PowerShell
[2.031s] DEBUG:colcon.colcon_core.shell:Skip shell extension 'dsv' for command environment
[2.396s] INFO:colcon.colcon_core.task.python.build:Building Python package in '/home/elyssa/robot_ws/src/navigation'
[2.397s] INFO:colcon.colcon_core.shell:Skip shell extension 'powershell' for command environment: Not usable outside of PowerShell
[2.397s] DEBUG:colcon.colcon_core.shell:Skip shell extension 'dsv' for command environment
[3.164s] INFO:colcon.colcon_core.task.python.build:Building Python package in '/home/elyssa/robot_ws/src/vision'
[3.164s] INFO:colcon.colcon_core.shell:Skip shell extension 'powershell' for command environment: Not usable outside of PowerShell
[3.164s] DEBUG:colcon.colcon_core.shell:Skip shell extension 'dsv' for command environment
[3.468s] DEBUG:colcon.colcon_core.event_handler.log_command:Invoking command in '/home/elyssa/robot_ws/src/robot_bringup': PYTHONPATH=/home/elyssa/robot_ws/build/robot_bringup/prefix_override:/usr/local/lib/python3.11/dist-packages/colcon_core/task/python/colcon_distutils_commands:/home/elyssa/robot_ws/install/robot_bringup/lib/python3.11/site-packages:${PYTHONPATH} /usr/bin/python3 -W ignore:setup.py install is deprecated -W ignore:easy_install command is deprecated setup.py egg_info --egg-base ../../build/robot_bringup build --build-base /home/elyssa/robot_ws/build/robot_bringup/build install --record /home/elyssa/robot_ws/build/robot_bringup/install.log --single-version-externally-managed install_data
[3.921s] DEBUG:colcon.colcon_core.event_handler.log_command:Invoking command in '/home/elyssa/robot_ws/src/vision': PYTHONPATH=/home/elyssa/robot_ws/build/vision/prefix_override:/usr/local/lib/python3.11/dist-packages/colcon_core/task/python/colcon_distutils_commands:/home/elyssa/robot_ws/install/vision/lib/python3.11/site-packages:${PYTHONPATH} /usr/bin/python3 -W ignore:setup.py install is deprecated -W ignore:easy_install command is deprecated setup.py egg_info --egg-base ../../build/vision build --build-base /home/elyssa/robot_ws/build/vision/build install --record /home/elyssa/robot_ws/build/vision/install.log --single-version-externally-managed install_data
[3.970s] DEBUG:colcon.colcon_core.event_handler.log_command:Invoking command in '/home/elyssa/robot_ws/src/navigation': PYTHONPATH=/home/elyssa/robot_ws/build/navigation/prefix_override:/usr/local/lib/python3.11/dist-packages/colcon_core/task/python/colcon_distutils_commands:/home/elyssa/robot_ws/install/navigation/lib/python3.11/site-packages:${PYTHONPATH} /usr/bin/python3 -W ignore:setup.py install is deprecated -W ignore:easy_install command is deprecated setup.py egg_info --egg-base ../../build/navigation build --build-base /home/elyssa/robot_ws/build/navigation/build install --record /home/elyssa/robot_ws/build/navigation/install.log --single-version-externally-managed install_data
[3.996s] DEBUG:colcon.colcon_core.event_handler.log_command:Invoked command in '/home/elyssa/robot_ws/src/robot_bringup' returned '1': PYTHONPATH=/home/elyssa/robot_ws/build/robot_bringup/prefix_override:/usr/local/lib/python3.11/dist-packages/colcon_core/task/python/colcon_distutils_commands:/home/elyssa/robot_ws/install/robot_bringup/lib/python3.11/site-packages:${PYTHONPATH} /usr/bin/python3 -W ignore:setup.py install is deprecated -W ignore:easy_install command is deprecated setup.py egg_info --egg-base ../../build/robot_bringup build --build-base /home/elyssa/robot_ws/build/robot_bringup/build install --record /home/elyssa/robot_ws/build/robot_bringup/install.log --single-version-externally-managed install_data
[4.552s] DEBUG:colcon.colcon_parallel_executor.executor.parallel:closing loop
[4.552s] DEBUG:colcon.colcon_parallel_executor.executor.parallel:loop closed
[4.552s] DEBUG:colcon.colcon_parallel_executor.executor.parallel:run_until_complete finished with '1'
[4.552s] DEBUG:colcon.colcon_core.event_reactor:joining thread
[4.558s] INFO:colcon.colcon_core.plugin_system:Skipping extension 'colcon_notification.desktop_notification.notify_send': Could not find 'notify-send'
[4.558s] INFO:colcon.colcon_core.plugin_system:Skipping extension 'colcon_notification.desktop_notification.terminal_notifier': Not used on non-Darwin systems
[4.558s] INFO:colcon.colcon_core.plugin_system:Skipping extension 'colcon_notification.desktop_notification.win32': Not used on non-Windows systems
[4.558s] INFO:colcon.colcon_notification.desktop_notification:Sending desktop notification using 'notify2'
[4.558s] DEBUG:colcon.colcon_notification.desktop_notification.notify2:Failed to initialize notify2: org.freedesktop.DBus.Error.NotSupported: Unable to autolaunch a dbus-daemon without a $DISPLAY for X11
[4.558s] DEBUG:colcon.colcon_core.event_reactor:joined thread
[4.559s] INFO:colcon.colcon_core.shell:Creating prefix script '/home/elyssa/robot_ws/install/local_setup.ps1'
[4.559s] INFO:colcon.colcon_core.shell:Creating prefix util module '/home/elyssa/robot_ws/install/_local_setup_util_ps1.py'
[4.561s] INFO:colcon.colcon_core.shell:Creating prefix chain script '/home/elyssa/robot_ws/install/setup.ps1'
[4.562s] INFO:colcon.colcon_core.shell:Creating prefix script '/home/elyssa/robot_ws/install/local_setup.sh'
[4.562s] INFO:colcon.colcon_core.shell:Creating prefix util module '/home/elyssa/robot_ws/install/_local_setup_util_sh.py'
[4.563s] INFO:colcon.colcon_core.shell:Creating prefix chain script '/home/elyssa/robot_ws/install/setup.sh'
[4.564s] INFO:colcon.colcon_core.shell:Creating prefix script '/home/elyssa/robot_ws/install/local_setup.bash'
[4.564s] INFO:colcon.colcon_core.shell:Creating prefix chain script '/home/elyssa/robot_ws/install/setup.bash'
[4.565s] INFO:colcon.colcon_core.shell:Creating prefix script '/home/elyssa/robot_ws/install/local_setup.zsh'
[4.566s] INFO:colcon.colcon_core.shell:Creating prefix chain script '/home/elyssa/robot_ws/install/setup.zsh'
