[0.193s] DEBUG:colcon:Command line arguments: ['/usr/bin/colcon', 'build', '--symlink-install']
[0.193s] DEBUG:colcon:Parsed command line arguments: Namespace(log_base=None, log_level=None, verb_name='build', build_base='build', install_base='install', merge_install=False, symlink_install=True, test_result_base=None, continue_on_error=False, executor='parallel', parallel_workers=4, event_handlers=None, ignore_user_meta=False, metas=['./colcon.meta'], base_paths=['.'], packages_ignore=None, packages_ignore_regex=None, paths=None, packages_up_to=None, packages_up_to_regex=None, packages_above=None, packages_above_and_dependencies=None, packages_above_depth=None, packages_select_by_dep=None, packages_skip_by_dep=None, packages_skip_up_to=None, packages_select_build_failed=False, packages_skip_build_finished=False, packages_select_test_failures=False, packages_skip_test_passed=False, packages_select=None, packages_skip=None, packages_select_regex=None, packages_skip_regex=None, packages_start=None, packages_end=None, cmake_args=None, cmake_target=None, cmake_target_skip_unavailable=False, cmake_clean_cache=False, cmake_clean_first=False, cmake_force_configure=False, ament_cmake_args=None, catkin_cmake_args=None, catkin_skip_building_tests=False, mixin_files=None, mixin=None, verb_parser=<colcon_mixin.mixin.mixin_argument.MixinArgumentDecorator object at 0x7fff5a8d8220>, verb_extension=<colcon_core.verb.build.BuildVerb object at 0x7fff5aabd1b0>, main=<bound method BuildVerb.main of <colcon_core.verb.build.BuildVerb object at 0x7fff5aabd1b0>>, mixin_verb=('build',))
[0.417s] Level 1:colcon.colcon_core.package_discovery:discover_packages(colcon_meta) check parameters
[0.417s] Level 1:colcon.colcon_core.package_discovery:discover_packages(recursive) check parameters
[0.417s] Level 1:colcon.colcon_core.package_discovery:discover_packages(ignore) check parameters
[0.417s] Level 1:colcon.colcon_core.package_discovery:discover_packages(path) check parameters
[0.417s] Level 1:colcon.colcon_core.package_discovery:discover_packages(colcon_meta) discover
[0.417s] Level 1:colcon.colcon_core.package_discovery:discover_packages(recursive) discover
[0.418s] INFO:colcon.colcon_core.package_discovery:Crawling recursively for packages in '/workspace'
[0.418s] Level 1:colcon.colcon_core.package_identification:_identify(.) by extensions ['ignore', 'ignore_ament_install']
[0.418s] Level 1:colcon.colcon_core.package_identification:_identify(.) by extension 'ignore'
[0.418s] Level 1:colcon.colcon_core.package_identification:_identify(.) by extension 'ignore_ament_install'
[0.418s] Level 1:colcon.colcon_core.package_identification:_identify(.) by extensions ['colcon_pkg']
[0.418s] Level 1:colcon.colcon_core.package_identification:_identify(.) by extension 'colcon_pkg'
[0.418s] Level 1:colcon.colcon_core.package_identification:_identify(.) by extensions ['colcon_meta']
[0.418s] Level 1:colcon.colcon_core.package_identification:_identify(.) by extension 'colcon_meta'
[0.418s] Level 1:colcon.colcon_core.package_identification:_identify(.) by extensions ['ros']
[0.418s] Level 1:colcon.colcon_core.package_identification:_identify(.) by extension 'ros'
[0.442s] Level 1:colcon.colcon_core.package_identification:_identify(.) by extensions ['cmake', 'python']
[0.442s] Level 1:colcon.colcon_core.package_identification:_identify(.) by extension 'cmake'
[0.442s] Level 1:colcon.colcon_core.package_identification:_identify(.) by extension 'python'
[0.442s] Level 1:colcon.colcon_core.package_identification:_identify(.) by extensions ['python_setup_py']
[0.443s] Level 1:colcon.colcon_core.package_identification:_identify(.) by extension 'python_setup_py'
[0.443s] Level 1:colcon.colcon_core.package_identification:_identify(build) by extensions ['ignore', 'ignore_ament_install']
[0.443s] Level 1:colcon.colcon_core.package_identification:_identify(build) by extension 'ignore'
[0.443s] Level 1:colcon.colcon_core.package_identification:_identify(build) ignored
[0.443s] Level 1:colcon.colcon_core.package_identification:_identify(docker) by extensions ['ignore', 'ignore_ament_install']
[0.443s] Level 1:colcon.colcon_core.package_identification:_identify(docker) by extension 'ignore'
[0.443s] Level 1:colcon.colcon_core.package_identification:_identify(docker) by extension 'ignore_ament_install'
[0.443s] Level 1:colcon.colcon_core.package_identification:_identify(docker) by extensions ['colcon_pkg']
[0.443s] Level 1:colcon.colcon_core.package_identification:_identify(docker) by extension 'colcon_pkg'
[0.443s] Level 1:colcon.colcon_core.package_identification:_identify(docker) by extensions ['colcon_meta']
[0.443s] Level 1:colcon.colcon_core.package_identification:_identify(docker) by extension 'colcon_meta'
[0.443s] Level 1:colcon.colcon_core.package_identification:_identify(docker) by extensions ['ros']
[0.443s] Level 1:colcon.colcon_core.package_identification:_identify(docker) by extension 'ros'
[0.443s] Level 1:colcon.colcon_core.package_identification:_identify(docker) by extensions ['cmake', 'python']
[0.444s] Level 1:colcon.colcon_core.package_identification:_identify(docker) by extension 'cmake'
[0.444s] Level 1:colcon.colcon_core.package_identification:_identify(docker) by extension 'python'
[0.444s] Level 1:colcon.colcon_core.package_identification:_identify(docker) by extensions ['python_setup_py']
[0.444s] Level 1:colcon.colcon_core.package_identification:_identify(docker) by extension 'python_setup_py'
[0.444s] Level 1:colcon.colcon_core.package_identification:_identify(docs) by extensions ['ignore', 'ignore_ament_install']
[0.444s] Level 1:colcon.colcon_core.package_identification:_identify(docs) by extension 'ignore'
[0.444s] Level 1:colcon.colcon_core.package_identification:_identify(docs) by extension 'ignore_ament_install'
[0.444s] Level 1:colcon.colcon_core.package_identification:_identify(docs) by extensions ['colcon_pkg']
[0.444s] Level 1:colcon.colcon_core.package_identification:_identify(docs) by extension 'colcon_pkg'
[0.444s] Level 1:colcon.colcon_core.package_identification:_identify(docs) by extensions ['colcon_meta']
[0.444s] Level 1:colcon.colcon_core.package_identification:_identify(docs) by extension 'colcon_meta'
[0.444s] Level 1:colcon.colcon_core.package_identification:_identify(docs) by extensions ['ros']
[0.444s] Level 1:colcon.colcon_core.package_identification:_identify(docs) by extension 'ros'
[0.444s] Level 1:colcon.colcon_core.package_identification:_identify(docs) by extensions ['cmake', 'python']
[0.444s] Level 1:colcon.colcon_core.package_identification:_identify(docs) by extension 'cmake'
[0.444s] Level 1:colcon.colcon_core.package_identification:_identify(docs) by extension 'python'
[0.444s] Level 1:colcon.colcon_core.package_identification:_identify(docs) by extensions ['python_setup_py']
[0.444s] Level 1:colcon.colcon_core.package_identification:_identify(docs) by extension 'python_setup_py'
[0.444s] Level 1:colcon.colcon_core.package_identification:_identify(install) by extensions ['ignore', 'ignore_ament_install']
[0.444s] Level 1:colcon.colcon_core.package_identification:_identify(install) by extension 'ignore'
[0.444s] Level 1:colcon.colcon_core.package_identification:_identify(install) ignored
[0.445s] Level 1:colcon.colcon_core.package_identification:_identify(log) by extensions ['ignore', 'ignore_ament_install']
[0.445s] Level 1:colcon.colcon_core.package_identification:_identify(log) by extension 'ignore'
[0.445s] Level 1:colcon.colcon_core.package_identification:_identify(log) ignored
[0.445s] Level 1:colcon.colcon_core.package_identification:_identify(src) by extensions ['ignore', 'ignore_ament_install']
[0.445s] Level 1:colcon.colcon_core.package_identification:_identify(src) by extension 'ignore'
[0.445s] Level 1:colcon.colcon_core.package_identification:_identify(src) by extension 'ignore_ament_install'
[0.445s] Level 1:colcon.colcon_core.package_identification:_identify(src) by extensions ['colcon_pkg']
[0.445s] Level 1:colcon.colcon_core.package_identification:_identify(src) by extension 'colcon_pkg'
[0.445s] Level 1:colcon.colcon_core.package_identification:_identify(src) by extensions ['colcon_meta']
[0.445s] Level 1:colcon.colcon_core.package_identification:_identify(src) by extension 'colcon_meta'
[0.445s] Level 1:colcon.colcon_core.package_identification:_identify(src) by extensions ['ros']
[0.445s] Level 1:colcon.colcon_core.package_identification:_identify(src) by extension 'ros'
[0.445s] Level 1:colcon.colcon_core.package_identification:_identify(src) by extensions ['cmake', 'python']
[0.445s] Level 1:colcon.colcon_core.package_identification:_identify(src) by extension 'cmake'
[0.445s] Level 1:colcon.colcon_core.package_identification:_identify(src) by extension 'python'
[0.445s] Level 1:colcon.colcon_core.package_identification:_identify(src) by extensions ['python_setup_py']
[0.445s] Level 1:colcon.colcon_core.package_identification:_identify(src) by extension 'python_setup_py'
[0.445s] Level 1:colcon.colcon_core.package_identification:_identify(src/communication) by extensions ['ignore', 'ignore_ament_install']
[0.446s] Level 1:colcon.colcon_core.package_identification:_identify(src/communication) by extension 'ignore'
[0.446s] Level 1:colcon.colcon_core.package_identification:_identify(src/communication) by extension 'ignore_ament_install'
[0.446s] Level 1:colcon.colcon_core.package_identification:_identify(src/communication) by extensions ['colcon_pkg']
[0.446s] Level 1:colcon.colcon_core.package_identification:_identify(src/communication) by extension 'colcon_pkg'
[0.446s] Level 1:colcon.colcon_core.package_identification:_identify(src/communication) by extensions ['colcon_meta']
[0.446s] Level 1:colcon.colcon_core.package_identification:_identify(src/communication) by extension 'colcon_meta'
[0.446s] Level 1:colcon.colcon_core.package_identification:_identify(src/communication) by extensions ['ros']
[0.446s] Level 1:colcon.colcon_core.package_identification:_identify(src/communication) by extension 'ros'
[0.448s] DEBUG:colcon.colcon_core.package_identification:Failed to parse potential ROS package manifest in'src/communication': Error(s) in package 'src/communication/package.xml':
The manifest contains invalid XML:
no element found: line 1, column 0
[0.448s] Level 1:colcon.colcon_core.package_identification:_identify(src/communication) by extensions ['cmake', 'python']
[0.448s] Level 1:colcon.colcon_core.package_identification:_identify(src/communication) by extension 'cmake'
[0.448s] Level 1:colcon.colcon_core.package_identification:_identify(src/communication) by extension 'python'
[0.448s] Level 1:colcon.colcon_core.package_identification:_identify(src/communication) by extensions ['python_setup_py']
[0.448s] Level 1:colcon.colcon_core.package_identification:_identify(src/communication) by extension 'python_setup_py'
[0.686s] ERROR:colcon.colcon_core.package_identification:Exception in package identification extension 'python_setup_py' in 'src/communication': Command '['/usr/bin/python3', '-c', 'import sys;from contextlib import suppress;exec("with suppress(ImportError):    from setuptools.extern.packaging.specifiers    import SpecifierSet");exec("with suppress(ImportError):    from packaging.specifiers import SpecifierSet");from distutils.core import run_setup;dist = run_setup(    \'setup.py\', script_args=(\'--dry-run\',), stop_after=\'config\');skip_keys = (\'cmdclass\', \'distclass\', \'ext_modules\', \'metadata\');data = {    key: value for key, value in dist.__dict__.items()     if (        not key.startswith(\'_\') and         not callable(value) and         key not in skip_keys and         key not in dist.display_option_names    )};data[\'metadata\'] = {    k: v for k, v in dist.metadata.__dict__.items()     if k not in (\'license_files\', \'provides_extras\')};sys.stdout.buffer.write(repr(data).encode(\'utf-8\'))']' returned non-zero exit status 1.
Traceback (most recent call last):
  File "/usr/lib/python3/dist-packages/colcon_core/package_identification/__init__.py", line 144, in _identify
    retval = extension.identify(_reused_descriptor_instance)
  File "/usr/lib/python3/dist-packages/colcon_python_setup_py/package_identification/python_setup_py.py", line 48, in identify
    config = get_setup_information(setup_py)
  File "/usr/lib/python3/dist-packages/colcon_python_setup_py/package_identification/python_setup_py.py", line 249, in get_setup_information
    _setup_information_cache[hashable_env] = _get_setup_information(
  File "/usr/lib/python3/dist-packages/colcon_python_setup_py/package_identification/python_setup_py.py", line 296, in _get_setup_information
    result = subprocess.run(
  File "/usr/lib/python3.10/subprocess.py", line 526, in run
    raise CalledProcessError(retcode, process.args,
subprocess.CalledProcessError: Command '['/usr/bin/python3', '-c', 'import sys;from contextlib import suppress;exec("with suppress(ImportError):    from setuptools.extern.packaging.specifiers    import SpecifierSet");exec("with suppress(ImportError):    from packaging.specifiers import SpecifierSet");from distutils.core import run_setup;dist = run_setup(    \'setup.py\', script_args=(\'--dry-run\',), stop_after=\'config\');skip_keys = (\'cmdclass\', \'distclass\', \'ext_modules\', \'metadata\');data = {    key: value for key, value in dist.__dict__.items()     if (        not key.startswith(\'_\') and         not callable(value) and         key not in skip_keys and         key not in dist.display_option_names    )};data[\'metadata\'] = {    k: v for k, v in dist.metadata.__dict__.items()     if k not in (\'license_files\', \'provides_extras\')};sys.stdout.buffer.write(repr(data).encode(\'utf-8\'))']' returned non-zero exit status 1.

[0.686s] Level 1:colcon.colcon_core.package_identification:_identify(src/communication/communication) by extensions ['ignore', 'ignore_ament_install']
[0.686s] Level 1:colcon.colcon_core.package_identification:_identify(src/communication/communication) by extension 'ignore'
[0.687s] Level 1:colcon.colcon_core.package_identification:_identify(src/communication/communication) by extension 'ignore_ament_install'
[0.687s] Level 1:colcon.colcon_core.package_identification:_identify(src/communication/communication) by extensions ['colcon_pkg']
[0.687s] Level 1:colcon.colcon_core.package_identification:_identify(src/communication/communication) by extension 'colcon_pkg'
[0.687s] Level 1:colcon.colcon_core.package_identification:_identify(src/communication/communication) by extensions ['colcon_meta']
[0.687s] Level 1:colcon.colcon_core.package_identification:_identify(src/communication/communication) by extension 'colcon_meta'
[0.687s] Level 1:colcon.colcon_core.package_identification:_identify(src/communication/communication) by extensions ['ros']
[0.687s] Level 1:colcon.colcon_core.package_identification:_identify(src/communication/communication) by extension 'ros'
[0.687s] Level 1:colcon.colcon_core.package_identification:_identify(src/communication/communication) by extensions ['cmake', 'python']
[0.687s] Level 1:colcon.colcon_core.package_identification:_identify(src/communication/communication) by extension 'cmake'
[0.687s] Level 1:colcon.colcon_core.package_identification:_identify(src/communication/communication) by extension 'python'
[0.687s] Level 1:colcon.colcon_core.package_identification:_identify(src/communication/communication) by extensions ['python_setup_py']
[0.687s] Level 1:colcon.colcon_core.package_identification:_identify(src/communication/communication) by extension 'python_setup_py'
[0.687s] Level 1:colcon.colcon_core.package_identification:_identify(src/communication/config) by extensions ['ignore', 'ignore_ament_install']
[0.687s] Level 1:colcon.colcon_core.package_identification:_identify(src/communication/config) by extension 'ignore'
[0.687s] Level 1:colcon.colcon_core.package_identification:_identify(src/communication/config) by extension 'ignore_ament_install'
[0.687s] Level 1:colcon.colcon_core.package_identification:_identify(src/communication/config) by extensions ['colcon_pkg']
[0.687s] Level 1:colcon.colcon_core.package_identification:_identify(src/communication/config) by extension 'colcon_pkg'
[0.687s] Level 1:colcon.colcon_core.package_identification:_identify(src/communication/config) by extensions ['colcon_meta']
[0.688s] Level 1:colcon.colcon_core.package_identification:_identify(src/communication/config) by extension 'colcon_meta'
[0.688s] Level 1:colcon.colcon_core.package_identification:_identify(src/communication/config) by extensions ['ros']
[0.688s] Level 1:colcon.colcon_core.package_identification:_identify(src/communication/config) by extension 'ros'
[0.688s] Level 1:colcon.colcon_core.package_identification:_identify(src/communication/config) by extensions ['cmake', 'python']
[0.688s] Level 1:colcon.colcon_core.package_identification:_identify(src/communication/config) by extension 'cmake'
[0.688s] Level 1:colcon.colcon_core.package_identification:_identify(src/communication/config) by extension 'python'
[0.688s] Level 1:colcon.colcon_core.package_identification:_identify(src/communication/config) by extensions ['python_setup_py']
[0.688s] Level 1:colcon.colcon_core.package_identification:_identify(src/communication/config) by extension 'python_setup_py'
[0.688s] Level 1:colcon.colcon_core.package_identification:_identify(src/communication/launch) by extensions ['ignore', 'ignore_ament_install']
[0.688s] Level 1:colcon.colcon_core.package_identification:_identify(src/communication/launch) by extension 'ignore'
[0.688s] Level 1:colcon.colcon_core.package_identification:_identify(src/communication/launch) by extension 'ignore_ament_install'
[0.688s] Level 1:colcon.colcon_core.package_identification:_identify(src/communication/launch) by extensions ['colcon_pkg']
[0.688s] Level 1:colcon.colcon_core.package_identification:_identify(src/communication/launch) by extension 'colcon_pkg'
[0.688s] Level 1:colcon.colcon_core.package_identification:_identify(src/communication/launch) by extensions ['colcon_meta']
[0.688s] Level 1:colcon.colcon_core.package_identification:_identify(src/communication/launch) by extension 'colcon_meta'
[0.688s] Level 1:colcon.colcon_core.package_identification:_identify(src/communication/launch) by extensions ['ros']
[0.688s] Level 1:colcon.colcon_core.package_identification:_identify(src/communication/launch) by extension 'ros'
[0.688s] Level 1:colcon.colcon_core.package_identification:_identify(src/communication/launch) by extensions ['cmake', 'python']
[0.688s] Level 1:colcon.colcon_core.package_identification:_identify(src/communication/launch) by extension 'cmake'
[0.688s] Level 1:colcon.colcon_core.package_identification:_identify(src/communication/launch) by extension 'python'
[0.688s] Level 1:colcon.colcon_core.package_identification:_identify(src/communication/launch) by extensions ['python_setup_py']
[0.689s] Level 1:colcon.colcon_core.package_identification:_identify(src/communication/launch) by extension 'python_setup_py'
[0.689s] Level 1:colcon.colcon_core.package_identification:_identify(src/navigation) by extensions ['ignore', 'ignore_ament_install']
[0.689s] Level 1:colcon.colcon_core.package_identification:_identify(src/navigation) by extension 'ignore'
[0.689s] Level 1:colcon.colcon_core.package_identification:_identify(src/navigation) by extension 'ignore_ament_install'
[0.689s] Level 1:colcon.colcon_core.package_identification:_identify(src/navigation) by extensions ['colcon_pkg']
[0.689s] Level 1:colcon.colcon_core.package_identification:_identify(src/navigation) by extension 'colcon_pkg'
[0.689s] Level 1:colcon.colcon_core.package_identification:_identify(src/navigation) by extensions ['colcon_meta']
[0.689s] Level 1:colcon.colcon_core.package_identification:_identify(src/navigation) by extension 'colcon_meta'
[0.689s] Level 1:colcon.colcon_core.package_identification:_identify(src/navigation) by extensions ['ros']
[0.689s] Level 1:colcon.colcon_core.package_identification:_identify(src/navigation) by extension 'ros'
[0.692s] DEBUG:colcon.colcon_core.package_identification:Package 'src/navigation' with type 'ros.ament_python' and name 'navigation'
[0.693s] Level 1:colcon.colcon_core.package_identification:_identify(src/robot_bringup) by extensions ['ignore', 'ignore_ament_install']
[0.693s] Level 1:colcon.colcon_core.package_identification:_identify(src/robot_bringup) by extension 'ignore'
[0.693s] Level 1:colcon.colcon_core.package_identification:_identify(src/robot_bringup) by extension 'ignore_ament_install'
[0.693s] Level 1:colcon.colcon_core.package_identification:_identify(src/robot_bringup) by extensions ['colcon_pkg']
[0.693s] Level 1:colcon.colcon_core.package_identification:_identify(src/robot_bringup) by extension 'colcon_pkg'
[0.693s] Level 1:colcon.colcon_core.package_identification:_identify(src/robot_bringup) by extensions ['colcon_meta']
[0.693s] Level 1:colcon.colcon_core.package_identification:_identify(src/robot_bringup) by extension 'colcon_meta'
[0.693s] Level 1:colcon.colcon_core.package_identification:_identify(src/robot_bringup) by extensions ['ros']
[0.693s] Level 1:colcon.colcon_core.package_identification:_identify(src/robot_bringup) by extension 'ros'
[0.694s] DEBUG:colcon.colcon_core.package_identification:Package 'src/robot_bringup' with type 'ros.ament_python' and name 'robot_bringup'
[0.694s] Level 1:colcon.colcon_core.package_identification:_identify(src/robot_msgs) by extensions ['ignore', 'ignore_ament_install']
[0.694s] Level 1:colcon.colcon_core.package_identification:_identify(src/robot_msgs) by extension 'ignore'
[0.694s] Level 1:colcon.colcon_core.package_identification:_identify(src/robot_msgs) by extension 'ignore_ament_install'
[0.694s] Level 1:colcon.colcon_core.package_identification:_identify(src/robot_msgs) by extensions ['colcon_pkg']
[0.694s] Level 1:colcon.colcon_core.package_identification:_identify(src/robot_msgs) by extension 'colcon_pkg'
[0.695s] Level 1:colcon.colcon_core.package_identification:_identify(src/robot_msgs) by extensions ['colcon_meta']
[0.695s] Level 1:colcon.colcon_core.package_identification:_identify(src/robot_msgs) by extension 'colcon_meta'
[0.695s] Level 1:colcon.colcon_core.package_identification:_identify(src/robot_msgs) by extensions ['ros']
[0.695s] Level 1:colcon.colcon_core.package_identification:_identify(src/robot_msgs) by extension 'ros'
[0.695s] DEBUG:colcon.colcon_core.package_identification:Failed to parse potential ROS package manifest in'src/robot_msgs': Error(s) in package 'src/robot_msgs/package.xml':
The manifest contains invalid XML:
no element found: line 1, column 0
[0.695s] Level 1:colcon.colcon_core.package_identification:_identify(src/robot_msgs) by extensions ['cmake', 'python']
[0.695s] Level 1:colcon.colcon_core.package_identification:_identify(src/robot_msgs) by extension 'cmake'
[0.696s] Level 1:colcon.colcon_core.package_identification:_identify(src/robot_msgs) by extension 'python'
[0.697s] DEBUG:colcon.colcon_core.package_identification:Package 'src/robot_msgs' with type 'cmake' and name 'robot_msgs'
[0.697s] Level 1:colcon.colcon_core.package_identification:_identify(src/strategy) by extensions ['ignore', 'ignore_ament_install']
[0.697s] Level 1:colcon.colcon_core.package_identification:_identify(src/strategy) by extension 'ignore'
[0.697s] Level 1:colcon.colcon_core.package_identification:_identify(src/strategy) by extension 'ignore_ament_install'
[0.697s] Level 1:colcon.colcon_core.package_identification:_identify(src/strategy) by extensions ['colcon_pkg']
[0.697s] Level 1:colcon.colcon_core.package_identification:_identify(src/strategy) by extension 'colcon_pkg'
[0.697s] Level 1:colcon.colcon_core.package_identification:_identify(src/strategy) by extensions ['colcon_meta']
[0.697s] Level 1:colcon.colcon_core.package_identification:_identify(src/strategy) by extension 'colcon_meta'
[0.697s] Level 1:colcon.colcon_core.package_identification:_identify(src/strategy) by extensions ['ros']
[0.697s] Level 1:colcon.colcon_core.package_identification:_identify(src/strategy) by extension 'ros'
[0.698s] DEBUG:colcon.colcon_core.package_identification:Package 'src/strategy' with type 'ros.ament_python' and name 'strategy'
[0.698s] Level 1:colcon.colcon_core.package_identification:_identify(src/teensy_control) by extensions ['ignore', 'ignore_ament_install']
[0.698s] Level 1:colcon.colcon_core.package_identification:_identify(src/teensy_control) by extension 'ignore'
[0.698s] Level 1:colcon.colcon_core.package_identification:_identify(src/teensy_control) by extension 'ignore_ament_install'
[0.698s] Level 1:colcon.colcon_core.package_identification:_identify(src/teensy_control) by extensions ['colcon_pkg']
[0.698s] Level 1:colcon.colcon_core.package_identification:_identify(src/teensy_control) by extension 'colcon_pkg'
[0.698s] Level 1:colcon.colcon_core.package_identification:_identify(src/teensy_control) by extensions ['colcon_meta']
[0.698s] Level 1:colcon.colcon_core.package_identification:_identify(src/teensy_control) by extension 'colcon_meta'
[0.698s] Level 1:colcon.colcon_core.package_identification:_identify(src/teensy_control) by extensions ['ros']
[0.698s] Level 1:colcon.colcon_core.package_identification:_identify(src/teensy_control) by extension 'ros'
[0.699s] DEBUG:colcon.colcon_core.package_identification:Failed to parse potential ROS package manifest in'src/teensy_control': Error(s) in package 'src/teensy_control/package.xml':
The manifest contains invalid XML:
no element found: line 1, column 0
[0.699s] Level 1:colcon.colcon_core.package_identification:_identify(src/teensy_control) by extensions ['cmake', 'python']
[0.699s] Level 1:colcon.colcon_core.package_identification:_identify(src/teensy_control) by extension 'cmake'
[0.699s] Level 1:colcon.colcon_core.package_identification:_identify(src/teensy_control) by extension 'python'
[0.699s] Level 1:colcon.colcon_core.package_identification:_identify(src/teensy_control) by extensions ['python_setup_py']
[0.699s] Level 1:colcon.colcon_core.package_identification:_identify(src/teensy_control) by extension 'python_setup_py'
[0.935s] ERROR:colcon.colcon_core.package_identification:Exception in package identification extension 'python_setup_py' in 'src/teensy_control': Command '['/usr/bin/python3', '-c', 'import sys;from contextlib import suppress;exec("with suppress(ImportError):    from setuptools.extern.packaging.specifiers    import SpecifierSet");exec("with suppress(ImportError):    from packaging.specifiers import SpecifierSet");from distutils.core import run_setup;dist = run_setup(    \'setup.py\', script_args=(\'--dry-run\',), stop_after=\'config\');skip_keys = (\'cmdclass\', \'distclass\', \'ext_modules\', \'metadata\');data = {    key: value for key, value in dist.__dict__.items()     if (        not key.startswith(\'_\') and         not callable(value) and         key not in skip_keys and         key not in dist.display_option_names    )};data[\'metadata\'] = {    k: v for k, v in dist.metadata.__dict__.items()     if k not in (\'license_files\', \'provides_extras\')};sys.stdout.buffer.write(repr(data).encode(\'utf-8\'))']' returned non-zero exit status 1.
Traceback (most recent call last):
  File "/usr/lib/python3/dist-packages/colcon_core/package_identification/__init__.py", line 144, in _identify
    retval = extension.identify(_reused_descriptor_instance)
  File "/usr/lib/python3/dist-packages/colcon_python_setup_py/package_identification/python_setup_py.py", line 48, in identify
    config = get_setup_information(setup_py)
  File "/usr/lib/python3/dist-packages/colcon_python_setup_py/package_identification/python_setup_py.py", line 249, in get_setup_information
    _setup_information_cache[hashable_env] = _get_setup_information(
  File "/usr/lib/python3/dist-packages/colcon_python_setup_py/package_identification/python_setup_py.py", line 296, in _get_setup_information
    result = subprocess.run(
  File "/usr/lib/python3.10/subprocess.py", line 526, in run
    raise CalledProcessError(retcode, process.args,
subprocess.CalledProcessError: Command '['/usr/bin/python3', '-c', 'import sys;from contextlib import suppress;exec("with suppress(ImportError):    from setuptools.extern.packaging.specifiers    import SpecifierSet");exec("with suppress(ImportError):    from packaging.specifiers import SpecifierSet");from distutils.core import run_setup;dist = run_setup(    \'setup.py\', script_args=(\'--dry-run\',), stop_after=\'config\');skip_keys = (\'cmdclass\', \'distclass\', \'ext_modules\', \'metadata\');data = {    key: value for key, value in dist.__dict__.items()     if (        not key.startswith(\'_\') and         not callable(value) and         key not in skip_keys and         key not in dist.display_option_names    )};data[\'metadata\'] = {    k: v for k, v in dist.metadata.__dict__.items()     if k not in (\'license_files\', \'provides_extras\')};sys.stdout.buffer.write(repr(data).encode(\'utf-8\'))']' returned non-zero exit status 1.

[0.936s] Level 1:colcon.colcon_core.package_identification:_identify(src/teensy_control/config) by extensions ['ignore', 'ignore_ament_install']
[0.936s] Level 1:colcon.colcon_core.package_identification:_identify(src/teensy_control/config) by extension 'ignore'
[0.936s] Level 1:colcon.colcon_core.package_identification:_identify(src/teensy_control/config) by extension 'ignore_ament_install'
[0.936s] Level 1:colcon.colcon_core.package_identification:_identify(src/teensy_control/config) by extensions ['colcon_pkg']
[0.936s] Level 1:colcon.colcon_core.package_identification:_identify(src/teensy_control/config) by extension 'colcon_pkg'
[0.936s] Level 1:colcon.colcon_core.package_identification:_identify(src/teensy_control/config) by extensions ['colcon_meta']
[0.936s] Level 1:colcon.colcon_core.package_identification:_identify(src/teensy_control/config) by extension 'colcon_meta'
[0.936s] Level 1:colcon.colcon_core.package_identification:_identify(src/teensy_control/config) by extensions ['ros']
[0.936s] Level 1:colcon.colcon_core.package_identification:_identify(src/teensy_control/config) by extension 'ros'
[0.937s] Level 1:colcon.colcon_core.package_identification:_identify(src/teensy_control/config) by extensions ['cmake', 'python']
[0.937s] Level 1:colcon.colcon_core.package_identification:_identify(src/teensy_control/config) by extension 'cmake'
[0.937s] Level 1:colcon.colcon_core.package_identification:_identify(src/teensy_control/config) by extension 'python'
[0.937s] Level 1:colcon.colcon_core.package_identification:_identify(src/teensy_control/config) by extensions ['python_setup_py']
[0.937s] Level 1:colcon.colcon_core.package_identification:_identify(src/teensy_control/config) by extension 'python_setup_py'
[0.937s] Level 1:colcon.colcon_core.package_identification:_identify(src/teensy_control/firmware) by extensions ['ignore', 'ignore_ament_install']
[0.937s] Level 1:colcon.colcon_core.package_identification:_identify(src/teensy_control/firmware) by extension 'ignore'
[0.937s] Level 1:colcon.colcon_core.package_identification:_identify(src/teensy_control/firmware) by extension 'ignore_ament_install'
[0.937s] Level 1:colcon.colcon_core.package_identification:_identify(src/teensy_control/firmware) by extensions ['colcon_pkg']
[0.937s] Level 1:colcon.colcon_core.package_identification:_identify(src/teensy_control/firmware) by extension 'colcon_pkg'
[0.937s] Level 1:colcon.colcon_core.package_identification:_identify(src/teensy_control/firmware) by extensions ['colcon_meta']
[0.937s] Level 1:colcon.colcon_core.package_identification:_identify(src/teensy_control/firmware) by extension 'colcon_meta'
[0.937s] Level 1:colcon.colcon_core.package_identification:_identify(src/teensy_control/firmware) by extensions ['ros']
[0.937s] Level 1:colcon.colcon_core.package_identification:_identify(src/teensy_control/firmware) by extension 'ros'
[0.937s] Level 1:colcon.colcon_core.package_identification:_identify(src/teensy_control/firmware) by extensions ['cmake', 'python']
[0.937s] Level 1:colcon.colcon_core.package_identification:_identify(src/teensy_control/firmware) by extension 'cmake'
[0.937s] Level 1:colcon.colcon_core.package_identification:_identify(src/teensy_control/firmware) by extension 'python'
[0.937s] Level 1:colcon.colcon_core.package_identification:_identify(src/teensy_control/firmware) by extensions ['python_setup_py']
[0.937s] Level 1:colcon.colcon_core.package_identification:_identify(src/teensy_control/firmware) by extension 'python_setup_py'
[0.938s] Level 1:colcon.colcon_core.package_identification:_identify(src/teensy_control/firmware/gripper_control) by extensions ['ignore', 'ignore_ament_install']
[0.938s] Level 1:colcon.colcon_core.package_identification:_identify(src/teensy_control/firmware/gripper_control) by extension 'ignore'
[0.938s] Level 1:colcon.colcon_core.package_identification:_identify(src/teensy_control/firmware/gripper_control) by extension 'ignore_ament_install'
[0.938s] Level 1:colcon.colcon_core.package_identification:_identify(src/teensy_control/firmware/gripper_control) by extensions ['colcon_pkg']
[0.938s] Level 1:colcon.colcon_core.package_identification:_identify(src/teensy_control/firmware/gripper_control) by extension 'colcon_pkg'
[0.938s] Level 1:colcon.colcon_core.package_identification:_identify(src/teensy_control/firmware/gripper_control) by extensions ['colcon_meta']
[0.938s] Level 1:colcon.colcon_core.package_identification:_identify(src/teensy_control/firmware/gripper_control) by extension 'colcon_meta'
[0.938s] Level 1:colcon.colcon_core.package_identification:_identify(src/teensy_control/firmware/gripper_control) by extensions ['ros']
[0.938s] Level 1:colcon.colcon_core.package_identification:_identify(src/teensy_control/firmware/gripper_control) by extension 'ros'
[0.938s] Level 1:colcon.colcon_core.package_identification:_identify(src/teensy_control/firmware/gripper_control) by extensions ['cmake', 'python']
[0.938s] Level 1:colcon.colcon_core.package_identification:_identify(src/teensy_control/firmware/gripper_control) by extension 'cmake'
[0.938s] Level 1:colcon.colcon_core.package_identification:_identify(src/teensy_control/firmware/gripper_control) by extension 'python'
[0.938s] Level 1:colcon.colcon_core.package_identification:_identify(src/teensy_control/firmware/gripper_control) by extensions ['python_setup_py']
[0.938s] Level 1:colcon.colcon_core.package_identification:_identify(src/teensy_control/firmware/gripper_control) by extension 'python_setup_py'
[0.938s] Level 1:colcon.colcon_core.package_identification:_identify(src/teensy_control/firmware/motor_control) by extensions ['ignore', 'ignore_ament_install']
[0.938s] Level 1:colcon.colcon_core.package_identification:_identify(src/teensy_control/firmware/motor_control) by extension 'ignore'
[0.938s] Level 1:colcon.colcon_core.package_identification:_identify(src/teensy_control/firmware/motor_control) by extension 'ignore_ament_install'
[0.938s] Level 1:colcon.colcon_core.package_identification:_identify(src/teensy_control/firmware/motor_control) by extensions ['colcon_pkg']
[0.938s] Level 1:colcon.colcon_core.package_identification:_identify(src/teensy_control/firmware/motor_control) by extension 'colcon_pkg'
[0.939s] Level 1:colcon.colcon_core.package_identification:_identify(src/teensy_control/firmware/motor_control) by extensions ['colcon_meta']
[0.939s] Level 1:colcon.colcon_core.package_identification:_identify(src/teensy_control/firmware/motor_control) by extension 'colcon_meta'
[0.939s] Level 1:colcon.colcon_core.package_identification:_identify(src/teensy_control/firmware/motor_control) by extensions ['ros']
[0.939s] Level 1:colcon.colcon_core.package_identification:_identify(src/teensy_control/firmware/motor_control) by extension 'ros'
[0.939s] Level 1:colcon.colcon_core.package_identification:_identify(src/teensy_control/firmware/motor_control) by extensions ['cmake', 'python']
[0.939s] Level 1:colcon.colcon_core.package_identification:_identify(src/teensy_control/firmware/motor_control) by extension 'cmake'
[0.939s] Level 1:colcon.colcon_core.package_identification:_identify(src/teensy_control/firmware/motor_control) by extension 'python'
[0.939s] Level 1:colcon.colcon_core.package_identification:_identify(src/teensy_control/firmware/motor_control) by extensions ['python_setup_py']
[0.939s] Level 1:colcon.colcon_core.package_identification:_identify(src/teensy_control/firmware/motor_control) by extension 'python_setup_py'
[0.939s] Level 1:colcon.colcon_core.package_identification:_identify(src/teensy_control/launch) by extensions ['ignore', 'ignore_ament_install']
[0.939s] Level 1:colcon.colcon_core.package_identification:_identify(src/teensy_control/launch) by extension 'ignore'
[0.939s] Level 1:colcon.colcon_core.package_identification:_identify(src/teensy_control/launch) by extension 'ignore_ament_install'
[0.939s] Level 1:colcon.colcon_core.package_identification:_identify(src/teensy_control/launch) by extensions ['colcon_pkg']
[0.939s] Level 1:colcon.colcon_core.package_identification:_identify(src/teensy_control/launch) by extension 'colcon_pkg'
[0.939s] Level 1:colcon.colcon_core.package_identification:_identify(src/teensy_control/launch) by extensions ['colcon_meta']
[0.939s] Level 1:colcon.colcon_core.package_identification:_identify(src/teensy_control/launch) by extension 'colcon_meta'
[0.939s] Level 1:colcon.colcon_core.package_identification:_identify(src/teensy_control/launch) by extensions ['ros']
[0.939s] Level 1:colcon.colcon_core.package_identification:_identify(src/teensy_control/launch) by extension 'ros'
[0.939s] Level 1:colcon.colcon_core.package_identification:_identify(src/teensy_control/launch) by extensions ['cmake', 'python']
[0.939s] Level 1:colcon.colcon_core.package_identification:_identify(src/teensy_control/launch) by extension 'cmake'
[0.940s] Level 1:colcon.colcon_core.package_identification:_identify(src/teensy_control/launch) by extension 'python'
[0.940s] Level 1:colcon.colcon_core.package_identification:_identify(src/teensy_control/launch) by extensions ['python_setup_py']
[0.940s] Level 1:colcon.colcon_core.package_identification:_identify(src/teensy_control/launch) by extension 'python_setup_py'
[0.940s] Level 1:colcon.colcon_core.package_identification:_identify(src/teensy_control/teensy_control) by extensions ['ignore', 'ignore_ament_install']
[0.940s] Level 1:colcon.colcon_core.package_identification:_identify(src/teensy_control/teensy_control) by extension 'ignore'
[0.940s] Level 1:colcon.colcon_core.package_identification:_identify(src/teensy_control/teensy_control) by extension 'ignore_ament_install'
[0.940s] Level 1:colcon.colcon_core.package_identification:_identify(src/teensy_control/teensy_control) by extensions ['colcon_pkg']
[0.940s] Level 1:colcon.colcon_core.package_identification:_identify(src/teensy_control/teensy_control) by extension 'colcon_pkg'
[0.940s] Level 1:colcon.colcon_core.package_identification:_identify(src/teensy_control/teensy_control) by extensions ['colcon_meta']
[0.940s] Level 1:colcon.colcon_core.package_identification:_identify(src/teensy_control/teensy_control) by extension 'colcon_meta'
[0.940s] Level 1:colcon.colcon_core.package_identification:_identify(src/teensy_control/teensy_control) by extensions ['ros']
[0.940s] Level 1:colcon.colcon_core.package_identification:_identify(src/teensy_control/teensy_control) by extension 'ros'
[0.940s] Level 1:colcon.colcon_core.package_identification:_identify(src/teensy_control/teensy_control) by extensions ['cmake', 'python']
[0.940s] Level 1:colcon.colcon_core.package_identification:_identify(src/teensy_control/teensy_control) by extension 'cmake'
[0.940s] Level 1:colcon.colcon_core.package_identification:_identify(src/teensy_control/teensy_control) by extension 'python'
[0.940s] Level 1:colcon.colcon_core.package_identification:_identify(src/teensy_control/teensy_control) by extensions ['python_setup_py']
[0.940s] Level 1:colcon.colcon_core.package_identification:_identify(src/teensy_control/teensy_control) by extension 'python_setup_py'
[0.940s] Level 1:colcon.colcon_core.package_identification:_identify(src/teensy_sensors) by extensions ['ignore', 'ignore_ament_install']
[0.940s] Level 1:colcon.colcon_core.package_identification:_identify(src/teensy_sensors) by extension 'ignore'
[0.940s] Level 1:colcon.colcon_core.package_identification:_identify(src/teensy_sensors) by extension 'ignore_ament_install'
[0.941s] Level 1:colcon.colcon_core.package_identification:_identify(src/teensy_sensors) by extensions ['colcon_pkg']
[0.941s] Level 1:colcon.colcon_core.package_identification:_identify(src/teensy_sensors) by extension 'colcon_pkg'
[0.941s] Level 1:colcon.colcon_core.package_identification:_identify(src/teensy_sensors) by extensions ['colcon_meta']
[0.941s] Level 1:colcon.colcon_core.package_identification:_identify(src/teensy_sensors) by extension 'colcon_meta'
[0.941s] Level 1:colcon.colcon_core.package_identification:_identify(src/teensy_sensors) by extensions ['ros']
[0.941s] Level 1:colcon.colcon_core.package_identification:_identify(src/teensy_sensors) by extension 'ros'
[0.941s] DEBUG:colcon.colcon_core.package_identification:Failed to parse potential ROS package manifest in'src/teensy_sensors': Error(s) in package 'src/teensy_sensors/package.xml':
The manifest contains invalid XML:
no element found: line 1, column 0
[0.941s] Level 1:colcon.colcon_core.package_identification:_identify(src/teensy_sensors) by extensions ['cmake', 'python']
[0.941s] Level 1:colcon.colcon_core.package_identification:_identify(src/teensy_sensors) by extension 'cmake'
[0.941s] Level 1:colcon.colcon_core.package_identification:_identify(src/teensy_sensors) by extension 'python'
[0.941s] Level 1:colcon.colcon_core.package_identification:_identify(src/teensy_sensors) by extensions ['python_setup_py']
[0.941s] Level 1:colcon.colcon_core.package_identification:_identify(src/teensy_sensors) by extension 'python_setup_py'
[1.189s] ERROR:colcon.colcon_core.package_identification:Exception in package identification extension 'python_setup_py' in 'src/teensy_sensors': Command '['/usr/bin/python3', '-c', 'import sys;from contextlib import suppress;exec("with suppress(ImportError):    from setuptools.extern.packaging.specifiers    import SpecifierSet");exec("with suppress(ImportError):    from packaging.specifiers import SpecifierSet");from distutils.core import run_setup;dist = run_setup(    \'setup.py\', script_args=(\'--dry-run\',), stop_after=\'config\');skip_keys = (\'cmdclass\', \'distclass\', \'ext_modules\', \'metadata\');data = {    key: value for key, value in dist.__dict__.items()     if (        not key.startswith(\'_\') and         not callable(value) and         key not in skip_keys and         key not in dist.display_option_names    )};data[\'metadata\'] = {    k: v for k, v in dist.metadata.__dict__.items()     if k not in (\'license_files\', \'provides_extras\')};sys.stdout.buffer.write(repr(data).encode(\'utf-8\'))']' returned non-zero exit status 1.
Traceback (most recent call last):
  File "/usr/lib/python3/dist-packages/colcon_core/package_identification/__init__.py", line 144, in _identify
    retval = extension.identify(_reused_descriptor_instance)
  File "/usr/lib/python3/dist-packages/colcon_python_setup_py/package_identification/python_setup_py.py", line 48, in identify
    config = get_setup_information(setup_py)
  File "/usr/lib/python3/dist-packages/colcon_python_setup_py/package_identification/python_setup_py.py", line 249, in get_setup_information
    _setup_information_cache[hashable_env] = _get_setup_information(
  File "/usr/lib/python3/dist-packages/colcon_python_setup_py/package_identification/python_setup_py.py", line 296, in _get_setup_information
    result = subprocess.run(
  File "/usr/lib/python3.10/subprocess.py", line 526, in run
    raise CalledProcessError(retcode, process.args,
subprocess.CalledProcessError: Command '['/usr/bin/python3', '-c', 'import sys;from contextlib import suppress;exec("with suppress(ImportError):    from setuptools.extern.packaging.specifiers    import SpecifierSet");exec("with suppress(ImportError):    from packaging.specifiers import SpecifierSet");from distutils.core import run_setup;dist = run_setup(    \'setup.py\', script_args=(\'--dry-run\',), stop_after=\'config\');skip_keys = (\'cmdclass\', \'distclass\', \'ext_modules\', \'metadata\');data = {    key: value for key, value in dist.__dict__.items()     if (        not key.startswith(\'_\') and         not callable(value) and         key not in skip_keys and         key not in dist.display_option_names    )};data[\'metadata\'] = {    k: v for k, v in dist.metadata.__dict__.items()     if k not in (\'license_files\', \'provides_extras\')};sys.stdout.buffer.write(repr(data).encode(\'utf-8\'))']' returned non-zero exit status 1.

[1.189s] Level 1:colcon.colcon_core.package_identification:_identify(src/teensy_sensors/config) by extensions ['ignore', 'ignore_ament_install']
[1.189s] Level 1:colcon.colcon_core.package_identification:_identify(src/teensy_sensors/config) by extension 'ignore'
[1.190s] Level 1:colcon.colcon_core.package_identification:_identify(src/teensy_sensors/config) by extension 'ignore_ament_install'
[1.190s] Level 1:colcon.colcon_core.package_identification:_identify(src/teensy_sensors/config) by extensions ['colcon_pkg']
[1.190s] Level 1:colcon.colcon_core.package_identification:_identify(src/teensy_sensors/config) by extension 'colcon_pkg'
[1.190s] Level 1:colcon.colcon_core.package_identification:_identify(src/teensy_sensors/config) by extensions ['colcon_meta']
[1.190s] Level 1:colcon.colcon_core.package_identification:_identify(src/teensy_sensors/config) by extension 'colcon_meta'
[1.190s] Level 1:colcon.colcon_core.package_identification:_identify(src/teensy_sensors/config) by extensions ['ros']
[1.190s] Level 1:colcon.colcon_core.package_identification:_identify(src/teensy_sensors/config) by extension 'ros'
[1.190s] Level 1:colcon.colcon_core.package_identification:_identify(src/teensy_sensors/config) by extensions ['cmake', 'python']
[1.190s] Level 1:colcon.colcon_core.package_identification:_identify(src/teensy_sensors/config) by extension 'cmake'
[1.190s] Level 1:colcon.colcon_core.package_identification:_identify(src/teensy_sensors/config) by extension 'python'
[1.190s] Level 1:colcon.colcon_core.package_identification:_identify(src/teensy_sensors/config) by extensions ['python_setup_py']
[1.190s] Level 1:colcon.colcon_core.package_identification:_identify(src/teensy_sensors/config) by extension 'python_setup_py'
[1.190s] Level 1:colcon.colcon_core.package_identification:_identify(src/teensy_sensors/firmware) by extensions ['ignore', 'ignore_ament_install']
[1.190s] Level 1:colcon.colcon_core.package_identification:_identify(src/teensy_sensors/firmware) by extension 'ignore'
[1.190s] Level 1:colcon.colcon_core.package_identification:_identify(src/teensy_sensors/firmware) by extension 'ignore_ament_install'
[1.190s] Level 1:colcon.colcon_core.package_identification:_identify(src/teensy_sensors/firmware) by extensions ['colcon_pkg']
[1.190s] Level 1:colcon.colcon_core.package_identification:_identify(src/teensy_sensors/firmware) by extension 'colcon_pkg'
[1.190s] Level 1:colcon.colcon_core.package_identification:_identify(src/teensy_sensors/firmware) by extensions ['colcon_meta']
[1.191s] Level 1:colcon.colcon_core.package_identification:_identify(src/teensy_sensors/firmware) by extension 'colcon_meta'
[1.191s] Level 1:colcon.colcon_core.package_identification:_identify(src/teensy_sensors/firmware) by extensions ['ros']
[1.191s] Level 1:colcon.colcon_core.package_identification:_identify(src/teensy_sensors/firmware) by extension 'ros'
[1.191s] Level 1:colcon.colcon_core.package_identification:_identify(src/teensy_sensors/firmware) by extensions ['cmake', 'python']
[1.191s] Level 1:colcon.colcon_core.package_identification:_identify(src/teensy_sensors/firmware) by extension 'cmake'
[1.191s] Level 1:colcon.colcon_core.package_identification:_identify(src/teensy_sensors/firmware) by extension 'python'
[1.191s] Level 1:colcon.colcon_core.package_identification:_identify(src/teensy_sensors/firmware) by extensions ['python_setup_py']
[1.191s] Level 1:colcon.colcon_core.package_identification:_identify(src/teensy_sensors/firmware) by extension 'python_setup_py'
[1.191s] Level 1:colcon.colcon_core.package_identification:_identify(src/teensy_sensors/firmware/distance_sensor) by extensions ['ignore', 'ignore_ament_install']
[1.191s] Level 1:colcon.colcon_core.package_identification:_identify(src/teensy_sensors/firmware/distance_sensor) by extension 'ignore'
[1.191s] Level 1:colcon.colcon_core.package_identification:_identify(src/teensy_sensors/firmware/distance_sensor) by extension 'ignore_ament_install'
[1.191s] Level 1:colcon.colcon_core.package_identification:_identify(src/teensy_sensors/firmware/distance_sensor) by extensions ['colcon_pkg']
[1.191s] Level 1:colcon.colcon_core.package_identification:_identify(src/teensy_sensors/firmware/distance_sensor) by extension 'colcon_pkg'
[1.191s] Level 1:colcon.colcon_core.package_identification:_identify(src/teensy_sensors/firmware/distance_sensor) by extensions ['colcon_meta']
[1.191s] Level 1:colcon.colcon_core.package_identification:_identify(src/teensy_sensors/firmware/distance_sensor) by extension 'colcon_meta'
[1.191s] Level 1:colcon.colcon_core.package_identification:_identify(src/teensy_sensors/firmware/distance_sensor) by extensions ['ros']
[1.191s] Level 1:colcon.colcon_core.package_identification:_identify(src/teensy_sensors/firmware/distance_sensor) by extension 'ros'
[1.191s] Level 1:colcon.colcon_core.package_identification:_identify(src/teensy_sensors/firmware/distance_sensor) by extensions ['cmake', 'python']
[1.191s] Level 1:colcon.colcon_core.package_identification:_identify(src/teensy_sensors/firmware/distance_sensor) by extension 'cmake'
[1.191s] Level 1:colcon.colcon_core.package_identification:_identify(src/teensy_sensors/firmware/distance_sensor) by extension 'python'
[1.191s] Level 1:colcon.colcon_core.package_identification:_identify(src/teensy_sensors/firmware/distance_sensor) by extensions ['python_setup_py']
[1.192s] Level 1:colcon.colcon_core.package_identification:_identify(src/teensy_sensors/firmware/distance_sensor) by extension 'python_setup_py'
[1.192s] Level 1:colcon.colcon_core.package_identification:_identify(src/teensy_sensors/firmware/ir_sensors) by extensions ['ignore', 'ignore_ament_install']
[1.192s] Level 1:colcon.colcon_core.package_identification:_identify(src/teensy_sensors/firmware/ir_sensors) by extension 'ignore'
[1.192s] Level 1:colcon.colcon_core.package_identification:_identify(src/teensy_sensors/firmware/ir_sensors) by extension 'ignore_ament_install'
[1.192s] Level 1:colcon.colcon_core.package_identification:_identify(src/teensy_sensors/firmware/ir_sensors) by extensions ['colcon_pkg']
[1.192s] Level 1:colcon.colcon_core.package_identification:_identify(src/teensy_sensors/firmware/ir_sensors) by extension 'colcon_pkg'
[1.192s] Level 1:colcon.colcon_core.package_identification:_identify(src/teensy_sensors/firmware/ir_sensors) by extensions ['colcon_meta']
[1.192s] Level 1:colcon.colcon_core.package_identification:_identify(src/teensy_sensors/firmware/ir_sensors) by extension 'colcon_meta'
[1.192s] Level 1:colcon.colcon_core.package_identification:_identify(src/teensy_sensors/firmware/ir_sensors) by extensions ['ros']
[1.192s] Level 1:colcon.colcon_core.package_identification:_identify(src/teensy_sensors/firmware/ir_sensors) by extension 'ros'
[1.192s] Level 1:colcon.colcon_core.package_identification:_identify(src/teensy_sensors/firmware/ir_sensors) by extensions ['cmake', 'python']
[1.192s] Level 1:colcon.colcon_core.package_identification:_identify(src/teensy_sensors/firmware/ir_sensors) by extension 'cmake'
[1.192s] Level 1:colcon.colcon_core.package_identification:_identify(src/teensy_sensors/firmware/ir_sensors) by extension 'python'
[1.192s] Level 1:colcon.colcon_core.package_identification:_identify(src/teensy_sensors/firmware/ir_sensors) by extensions ['python_setup_py']
[1.192s] Level 1:colcon.colcon_core.package_identification:_identify(src/teensy_sensors/firmware/ir_sensors) by extension 'python_setup_py'
[1.192s] Level 1:colcon.colcon_core.package_identification:_identify(src/teensy_sensors/firmware/supervisor) by extensions ['ignore', 'ignore_ament_install']
[1.192s] Level 1:colcon.colcon_core.package_identification:_identify(src/teensy_sensors/firmware/supervisor) by extension 'ignore'
[1.192s] Level 1:colcon.colcon_core.package_identification:_identify(src/teensy_sensors/firmware/supervisor) by extension 'ignore_ament_install'
[1.192s] Level 1:colcon.colcon_core.package_identification:_identify(src/teensy_sensors/firmware/supervisor) by extensions ['colcon_pkg']
[1.192s] Level 1:colcon.colcon_core.package_identification:_identify(src/teensy_sensors/firmware/supervisor) by extension 'colcon_pkg'
[1.193s] Level 1:colcon.colcon_core.package_identification:_identify(src/teensy_sensors/firmware/supervisor) by extensions ['colcon_meta']
[1.193s] Level 1:colcon.colcon_core.package_identification:_identify(src/teensy_sensors/firmware/supervisor) by extension 'colcon_meta'
[1.193s] Level 1:colcon.colcon_core.package_identification:_identify(src/teensy_sensors/firmware/supervisor) by extensions ['ros']
[1.193s] Level 1:colcon.colcon_core.package_identification:_identify(src/teensy_sensors/firmware/supervisor) by extension 'ros'
[1.193s] Level 1:colcon.colcon_core.package_identification:_identify(src/teensy_sensors/firmware/supervisor) by extensions ['cmake', 'python']
[1.193s] Level 1:colcon.colcon_core.package_identification:_identify(src/teensy_sensors/firmware/supervisor) by extension 'cmake'
[1.193s] Level 1:colcon.colcon_core.package_identification:_identify(src/teensy_sensors/firmware/supervisor) by extension 'python'
[1.193s] Level 1:colcon.colcon_core.package_identification:_identify(src/teensy_sensors/firmware/supervisor) by extensions ['python_setup_py']
[1.193s] Level 1:colcon.colcon_core.package_identification:_identify(src/teensy_sensors/firmware/supervisor) by extension 'python_setup_py'
[1.193s] Level 1:colcon.colcon_core.package_identification:_identify(src/teensy_sensors/firmware/ultrasonic) by extensions ['ignore', 'ignore_ament_install']
[1.193s] Level 1:colcon.colcon_core.package_identification:_identify(src/teensy_sensors/firmware/ultrasonic) by extension 'ignore'
[1.193s] Level 1:colcon.colcon_core.package_identification:_identify(src/teensy_sensors/firmware/ultrasonic) by extension 'ignore_ament_install'
[1.193s] Level 1:colcon.colcon_core.package_identification:_identify(src/teensy_sensors/firmware/ultrasonic) by extensions ['colcon_pkg']
[1.193s] Level 1:colcon.colcon_core.package_identification:_identify(src/teensy_sensors/firmware/ultrasonic) by extension 'colcon_pkg'
[1.193s] Level 1:colcon.colcon_core.package_identification:_identify(src/teensy_sensors/firmware/ultrasonic) by extensions ['colcon_meta']
[1.193s] Level 1:colcon.colcon_core.package_identification:_identify(src/teensy_sensors/firmware/ultrasonic) by extension 'colcon_meta'
[1.193s] Level 1:colcon.colcon_core.package_identification:_identify(src/teensy_sensors/firmware/ultrasonic) by extensions ['ros']
[1.193s] Level 1:colcon.colcon_core.package_identification:_identify(src/teensy_sensors/firmware/ultrasonic) by extension 'ros'
[1.193s] Level 1:colcon.colcon_core.package_identification:_identify(src/teensy_sensors/firmware/ultrasonic) by extensions ['cmake', 'python']
[1.193s] Level 1:colcon.colcon_core.package_identification:_identify(src/teensy_sensors/firmware/ultrasonic) by extension 'cmake'
[1.193s] Level 1:colcon.colcon_core.package_identification:_identify(src/teensy_sensors/firmware/ultrasonic) by extension 'python'
[1.193s] Level 1:colcon.colcon_core.package_identification:_identify(src/teensy_sensors/firmware/ultrasonic) by extensions ['python_setup_py']
[1.193s] Level 1:colcon.colcon_core.package_identification:_identify(src/teensy_sensors/firmware/ultrasonic) by extension 'python_setup_py'
[1.194s] Level 1:colcon.colcon_core.package_identification:_identify(src/teensy_sensors/launch) by extensions ['ignore', 'ignore_ament_install']
[1.194s] Level 1:colcon.colcon_core.package_identification:_identify(src/teensy_sensors/launch) by extension 'ignore'
[1.194s] Level 1:colcon.colcon_core.package_identification:_identify(src/teensy_sensors/launch) by extension 'ignore_ament_install'
[1.194s] Level 1:colcon.colcon_core.package_identification:_identify(src/teensy_sensors/launch) by extensions ['colcon_pkg']
[1.194s] Level 1:colcon.colcon_core.package_identification:_identify(src/teensy_sensors/launch) by extension 'colcon_pkg'
[1.194s] Level 1:colcon.colcon_core.package_identification:_identify(src/teensy_sensors/launch) by extensions ['colcon_meta']
[1.194s] Level 1:colcon.colcon_core.package_identification:_identify(src/teensy_sensors/launch) by extension 'colcon_meta'
[1.194s] Level 1:colcon.colcon_core.package_identification:_identify(src/teensy_sensors/launch) by extensions ['ros']
[1.194s] Level 1:colcon.colcon_core.package_identification:_identify(src/teensy_sensors/launch) by extension 'ros'
[1.194s] Level 1:colcon.colcon_core.package_identification:_identify(src/teensy_sensors/launch) by extensions ['cmake', 'python']
[1.194s] Level 1:colcon.colcon_core.package_identification:_identify(src/teensy_sensors/launch) by extension 'cmake'
[1.194s] Level 1:colcon.colcon_core.package_identification:_identify(src/teensy_sensors/launch) by extension 'python'
[1.194s] Level 1:colcon.colcon_core.package_identification:_identify(src/teensy_sensors/launch) by extensions ['python_setup_py']
[1.194s] Level 1:colcon.colcon_core.package_identification:_identify(src/teensy_sensors/launch) by extension 'python_setup_py'
[1.194s] Level 1:colcon.colcon_core.package_identification:_identify(src/teensy_sensors/teensy_sensors) by extensions ['ignore', 'ignore_ament_install']
[1.194s] Level 1:colcon.colcon_core.package_identification:_identify(src/teensy_sensors/teensy_sensors) by extension 'ignore'
[1.194s] Level 1:colcon.colcon_core.package_identification:_identify(src/teensy_sensors/teensy_sensors) by extension 'ignore_ament_install'
[1.194s] Level 1:colcon.colcon_core.package_identification:_identify(src/teensy_sensors/teensy_sensors) by extensions ['colcon_pkg']
[1.194s] Level 1:colcon.colcon_core.package_identification:_identify(src/teensy_sensors/teensy_sensors) by extension 'colcon_pkg'
[1.194s] Level 1:colcon.colcon_core.package_identification:_identify(src/teensy_sensors/teensy_sensors) by extensions ['colcon_meta']
[1.194s] Level 1:colcon.colcon_core.package_identification:_identify(src/teensy_sensors/teensy_sensors) by extension 'colcon_meta'
[1.194s] Level 1:colcon.colcon_core.package_identification:_identify(src/teensy_sensors/teensy_sensors) by extensions ['ros']
[1.195s] Level 1:colcon.colcon_core.package_identification:_identify(src/teensy_sensors/teensy_sensors) by extension 'ros'
[1.195s] Level 1:colcon.colcon_core.package_identification:_identify(src/teensy_sensors/teensy_sensors) by extensions ['cmake', 'python']
[1.195s] Level 1:colcon.colcon_core.package_identification:_identify(src/teensy_sensors/teensy_sensors) by extension 'cmake'
[1.195s] Level 1:colcon.colcon_core.package_identification:_identify(src/teensy_sensors/teensy_sensors) by extension 'python'
[1.195s] Level 1:colcon.colcon_core.package_identification:_identify(src/teensy_sensors/teensy_sensors) by extensions ['python_setup_py']
[1.195s] Level 1:colcon.colcon_core.package_identification:_identify(src/teensy_sensors/teensy_sensors) by extension 'python_setup_py'
[1.195s] Level 1:colcon.colcon_core.package_identification:_identify(src/vision) by extensions ['ignore', 'ignore_ament_install']
[1.195s] Level 1:colcon.colcon_core.package_identification:_identify(src/vision) by extension 'ignore'
[1.195s] Level 1:colcon.colcon_core.package_identification:_identify(src/vision) by extension 'ignore_ament_install'
[1.195s] Level 1:colcon.colcon_core.package_identification:_identify(src/vision) by extensions ['colcon_pkg']
[1.195s] Level 1:colcon.colcon_core.package_identification:_identify(src/vision) by extension 'colcon_pkg'
[1.195s] Level 1:colcon.colcon_core.package_identification:_identify(src/vision) by extensions ['colcon_meta']
[1.195s] Level 1:colcon.colcon_core.package_identification:_identify(src/vision) by extension 'colcon_meta'
[1.195s] Level 1:colcon.colcon_core.package_identification:_identify(src/vision) by extensions ['ros']
[1.195s] Level 1:colcon.colcon_core.package_identification:_identify(src/vision) by extension 'ros'
[1.200s] DEBUG:colcon.colcon_core.package_identification:Package 'src/vision' with type 'ros.ament_python' and name 'vision'
[1.200s] Level 1:colcon.colcon_core.package_identification:_identify(teensy_firmware) by extensions ['ignore', 'ignore_ament_install']
[1.200s] Level 1:colcon.colcon_core.package_identification:_identify(teensy_firmware) by extension 'ignore'
[1.200s] Level 1:colcon.colcon_core.package_identification:_identify(teensy_firmware) by extension 'ignore_ament_install'
[1.200s] Level 1:colcon.colcon_core.package_identification:_identify(teensy_firmware) by extensions ['colcon_pkg']
[1.200s] Level 1:colcon.colcon_core.package_identification:_identify(teensy_firmware) by extension 'colcon_pkg'
[1.200s] Level 1:colcon.colcon_core.package_identification:_identify(teensy_firmware) by extensions ['colcon_meta']
[1.200s] Level 1:colcon.colcon_core.package_identification:_identify(teensy_firmware) by extension 'colcon_meta'
[1.200s] Level 1:colcon.colcon_core.package_identification:_identify(teensy_firmware) by extensions ['ros']
[1.200s] Level 1:colcon.colcon_core.package_identification:_identify(teensy_firmware) by extension 'ros'
[1.200s] Level 1:colcon.colcon_core.package_identification:_identify(teensy_firmware) by extensions ['cmake', 'python']
[1.200s] Level 1:colcon.colcon_core.package_identification:_identify(teensy_firmware) by extension 'cmake'
[1.200s] Level 1:colcon.colcon_core.package_identification:_identify(teensy_firmware) by extension 'python'
[1.200s] Level 1:colcon.colcon_core.package_identification:_identify(teensy_firmware) by extensions ['python_setup_py']
[1.200s] Level 1:colcon.colcon_core.package_identification:_identify(teensy_firmware) by extension 'python_setup_py'
[1.200s] Level 1:colcon.colcon_core.package_identification:_identify(teensy_firmware/include) by extensions ['ignore', 'ignore_ament_install']
[1.201s] Level 1:colcon.colcon_core.package_identification:_identify(teensy_firmware/include) by extension 'ignore'
[1.201s] Level 1:colcon.colcon_core.package_identification:_identify(teensy_firmware/include) by extension 'ignore_ament_install'
[1.201s] Level 1:colcon.colcon_core.package_identification:_identify(teensy_firmware/include) by extensions ['colcon_pkg']
[1.201s] Level 1:colcon.colcon_core.package_identification:_identify(teensy_firmware/include) by extension 'colcon_pkg'
[1.201s] Level 1:colcon.colcon_core.package_identification:_identify(teensy_firmware/include) by extensions ['colcon_meta']
[1.201s] Level 1:colcon.colcon_core.package_identification:_identify(teensy_firmware/include) by extension 'colcon_meta'
[1.201s] Level 1:colcon.colcon_core.package_identification:_identify(teensy_firmware/include) by extensions ['ros']
[1.201s] Level 1:colcon.colcon_core.package_identification:_identify(teensy_firmware/include) by extension 'ros'
[1.201s] Level 1:colcon.colcon_core.package_identification:_identify(teensy_firmware/include) by extensions ['cmake', 'python']
[1.201s] Level 1:colcon.colcon_core.package_identification:_identify(teensy_firmware/include) by extension 'cmake'
[1.201s] Level 1:colcon.colcon_core.package_identification:_identify(teensy_firmware/include) by extension 'python'
[1.201s] Level 1:colcon.colcon_core.package_identification:_identify(teensy_firmware/include) by extensions ['python_setup_py']
[1.201s] Level 1:colcon.colcon_core.package_identification:_identify(teensy_firmware/include) by extension 'python_setup_py'
[1.201s] Level 1:colcon.colcon_core.package_identification:_identify(teensy_firmware/lib) by extensions ['ignore', 'ignore_ament_install']
[1.201s] Level 1:colcon.colcon_core.package_identification:_identify(teensy_firmware/lib) by extension 'ignore'
[1.201s] Level 1:colcon.colcon_core.package_identification:_identify(teensy_firmware/lib) by extension 'ignore_ament_install'
[1.201s] Level 1:colcon.colcon_core.package_identification:_identify(teensy_firmware/lib) by extensions ['colcon_pkg']
[1.201s] Level 1:colcon.colcon_core.package_identification:_identify(teensy_firmware/lib) by extension 'colcon_pkg'
[1.201s] Level 1:colcon.colcon_core.package_identification:_identify(teensy_firmware/lib) by extensions ['colcon_meta']
[1.201s] Level 1:colcon.colcon_core.package_identification:_identify(teensy_firmware/lib) by extension 'colcon_meta'
[1.201s] Level 1:colcon.colcon_core.package_identification:_identify(teensy_firmware/lib) by extensions ['ros']
[1.201s] Level 1:colcon.colcon_core.package_identification:_identify(teensy_firmware/lib) by extension 'ros'
[1.201s] Level 1:colcon.colcon_core.package_identification:_identify(teensy_firmware/lib) by extensions ['cmake', 'python']
[1.202s] Level 1:colcon.colcon_core.package_identification:_identify(teensy_firmware/lib) by extension 'cmake'
[1.202s] Level 1:colcon.colcon_core.package_identification:_identify(teensy_firmware/lib) by extension 'python'
[1.202s] Level 1:colcon.colcon_core.package_identification:_identify(teensy_firmware/lib) by extensions ['python_setup_py']
[1.202s] Level 1:colcon.colcon_core.package_identification:_identify(teensy_firmware/lib) by extension 'python_setup_py'
[1.202s] Level 1:colcon.colcon_core.package_identification:_identify(teensy_firmware/lib/encoders) by extensions ['ignore', 'ignore_ament_install']
[1.202s] Level 1:colcon.colcon_core.package_identification:_identify(teensy_firmware/lib/encoders) by extension 'ignore'
[1.202s] Level 1:colcon.colcon_core.package_identification:_identify(teensy_firmware/lib/encoders) by extension 'ignore_ament_install'
[1.202s] Level 1:colcon.colcon_core.package_identification:_identify(teensy_firmware/lib/encoders) by extensions ['colcon_pkg']
[1.202s] Level 1:colcon.colcon_core.package_identification:_identify(teensy_firmware/lib/encoders) by extension 'colcon_pkg'
[1.202s] Level 1:colcon.colcon_core.package_identification:_identify(teensy_firmware/lib/encoders) by extensions ['colcon_meta']
[1.202s] Level 1:colcon.colcon_core.package_identification:_identify(teensy_firmware/lib/encoders) by extension 'colcon_meta'
[1.202s] Level 1:colcon.colcon_core.package_identification:_identify(teensy_firmware/lib/encoders) by extensions ['ros']
[1.202s] Level 1:colcon.colcon_core.package_identification:_identify(teensy_firmware/lib/encoders) by extension 'ros'
[1.202s] Level 1:colcon.colcon_core.package_identification:_identify(teensy_firmware/lib/encoders) by extensions ['cmake', 'python']
[1.202s] Level 1:colcon.colcon_core.package_identification:_identify(teensy_firmware/lib/encoders) by extension 'cmake'
[1.202s] Level 1:colcon.colcon_core.package_identification:_identify(teensy_firmware/lib/encoders) by extension 'python'
[1.202s] Level 1:colcon.colcon_core.package_identification:_identify(teensy_firmware/lib/encoders) by extensions ['python_setup_py']
[1.202s] Level 1:colcon.colcon_core.package_identification:_identify(teensy_firmware/lib/encoders) by extension 'python_setup_py'
[1.202s] Level 1:colcon.colcon_core.package_identification:_identify(teensy_firmware/lib/motor_driver) by extensions ['ignore', 'ignore_ament_install']
[1.202s] Level 1:colcon.colcon_core.package_identification:_identify(teensy_firmware/lib/motor_driver) by extension 'ignore'
[1.202s] Level 1:colcon.colcon_core.package_identification:_identify(teensy_firmware/lib/motor_driver) by extension 'ignore_ament_install'
[1.203s] Level 1:colcon.colcon_core.package_identification:_identify(teensy_firmware/lib/motor_driver) by extensions ['colcon_pkg']
[1.203s] Level 1:colcon.colcon_core.package_identification:_identify(teensy_firmware/lib/motor_driver) by extension 'colcon_pkg'
[1.203s] Level 1:colcon.colcon_core.package_identification:_identify(teensy_firmware/lib/motor_driver) by extensions ['colcon_meta']
[1.203s] Level 1:colcon.colcon_core.package_identification:_identify(teensy_firmware/lib/motor_driver) by extension 'colcon_meta'
[1.203s] Level 1:colcon.colcon_core.package_identification:_identify(teensy_firmware/lib/motor_driver) by extensions ['ros']
[1.203s] Level 1:colcon.colcon_core.package_identification:_identify(teensy_firmware/lib/motor_driver) by extension 'ros'
[1.203s] Level 1:colcon.colcon_core.package_identification:_identify(teensy_firmware/lib/motor_driver) by extensions ['cmake', 'python']
[1.203s] Level 1:colcon.colcon_core.package_identification:_identify(teensy_firmware/lib/motor_driver) by extension 'cmake'
[1.203s] Level 1:colcon.colcon_core.package_identification:_identify(teensy_firmware/lib/motor_driver) by extension 'python'
[1.203s] Level 1:colcon.colcon_core.package_identification:_identify(teensy_firmware/lib/motor_driver) by extensions ['python_setup_py']
[1.203s] Level 1:colcon.colcon_core.package_identification:_identify(teensy_firmware/lib/motor_driver) by extension 'python_setup_py'
[1.203s] Level 1:colcon.colcon_core.package_identification:_identify(teensy_firmware/src) by extensions ['ignore', 'ignore_ament_install']
[1.203s] Level 1:colcon.colcon_core.package_identification:_identify(teensy_firmware/src) by extension 'ignore'
[1.203s] Level 1:colcon.colcon_core.package_identification:_identify(teensy_firmware/src) by extension 'ignore_ament_install'
[1.203s] Level 1:colcon.colcon_core.package_identification:_identify(teensy_firmware/src) by extensions ['colcon_pkg']
[1.203s] Level 1:colcon.colcon_core.package_identification:_identify(teensy_firmware/src) by extension 'colcon_pkg'
[1.203s] Level 1:colcon.colcon_core.package_identification:_identify(teensy_firmware/src) by extensions ['colcon_meta']
[1.203s] Level 1:colcon.colcon_core.package_identification:_identify(teensy_firmware/src) by extension 'colcon_meta'
[1.203s] Level 1:colcon.colcon_core.package_identification:_identify(teensy_firmware/src) by extensions ['ros']
[1.203s] Level 1:colcon.colcon_core.package_identification:_identify(teensy_firmware/src) by extension 'ros'
[1.203s] Level 1:colcon.colcon_core.package_identification:_identify(teensy_firmware/src) by extensions ['cmake', 'python']
[1.203s] Level 1:colcon.colcon_core.package_identification:_identify(teensy_firmware/src) by extension 'cmake'
[1.203s] Level 1:colcon.colcon_core.package_identification:_identify(teensy_firmware/src) by extension 'python'
[1.204s] Level 1:colcon.colcon_core.package_identification:_identify(teensy_firmware/src) by extensions ['python_setup_py']
[1.204s] Level 1:colcon.colcon_core.package_identification:_identify(teensy_firmware/src) by extension 'python_setup_py'
[1.204s] Level 1:colcon.colcon_core.package_identification:_identify(teensy_firmware/test) by extensions ['ignore', 'ignore_ament_install']
[1.204s] Level 1:colcon.colcon_core.package_identification:_identify(teensy_firmware/test) by extension 'ignore'
[1.204s] Level 1:colcon.colcon_core.package_identification:_identify(teensy_firmware/test) by extension 'ignore_ament_install'
[1.204s] Level 1:colcon.colcon_core.package_identification:_identify(teensy_firmware/test) by extensions ['colcon_pkg']
[1.204s] Level 1:colcon.colcon_core.package_identification:_identify(teensy_firmware/test) by extension 'colcon_pkg'
[1.204s] Level 1:colcon.colcon_core.package_identification:_identify(teensy_firmware/test) by extensions ['colcon_meta']
[1.204s] Level 1:colcon.colcon_core.package_identification:_identify(teensy_firmware/test) by extension 'colcon_meta'
[1.204s] Level 1:colcon.colcon_core.package_identification:_identify(teensy_firmware/test) by extensions ['ros']
[1.204s] Level 1:colcon.colcon_core.package_identification:_identify(teensy_firmware/test) by extension 'ros'
[1.204s] Level 1:colcon.colcon_core.package_identification:_identify(teensy_firmware/test) by extensions ['cmake', 'python']
[1.204s] Level 1:colcon.colcon_core.package_identification:_identify(teensy_firmware/test) by extension 'cmake'
[1.204s] Level 1:colcon.colcon_core.package_identification:_identify(teensy_firmware/test) by extension 'python'
[1.204s] Level 1:colcon.colcon_core.package_identification:_identify(teensy_firmware/test) by extensions ['python_setup_py']
[1.204s] Level 1:colcon.colcon_core.package_identification:_identify(teensy_firmware/test) by extension 'python_setup_py'
[1.204s] Level 1:colcon.colcon_core.package_identification:_identify(teensy_firmware2) by extensions ['ignore', 'ignore_ament_install']
[1.204s] Level 1:colcon.colcon_core.package_identification:_identify(teensy_firmware2) by extension 'ignore'
[1.204s] Level 1:colcon.colcon_core.package_identification:_identify(teensy_firmware2) by extension 'ignore_ament_install'
[1.204s] Level 1:colcon.colcon_core.package_identification:_identify(teensy_firmware2) by extensions ['colcon_pkg']
[1.204s] Level 1:colcon.colcon_core.package_identification:_identify(teensy_firmware2) by extension 'colcon_pkg'
[1.204s] Level 1:colcon.colcon_core.package_identification:_identify(teensy_firmware2) by extensions ['colcon_meta']
[1.205s] Level 1:colcon.colcon_core.package_identification:_identify(teensy_firmware2) by extension 'colcon_meta'
[1.205s] Level 1:colcon.colcon_core.package_identification:_identify(teensy_firmware2) by extensions ['ros']
[1.205s] Level 1:colcon.colcon_core.package_identification:_identify(teensy_firmware2) by extension 'ros'
[1.205s] Level 1:colcon.colcon_core.package_identification:_identify(teensy_firmware2) by extensions ['cmake', 'python']
[1.205s] Level 1:colcon.colcon_core.package_identification:_identify(teensy_firmware2) by extension 'cmake'
[1.205s] Level 1:colcon.colcon_core.package_identification:_identify(teensy_firmware2) by extension 'python'
[1.205s] Level 1:colcon.colcon_core.package_identification:_identify(teensy_firmware2) by extensions ['python_setup_py']
[1.205s] Level 1:colcon.colcon_core.package_identification:_identify(teensy_firmware2) by extension 'python_setup_py'
[1.205s] Level 1:colcon.colcon_core.package_identification:_identify(teensy_firmware2/include) by extensions ['ignore', 'ignore_ament_install']
[1.205s] Level 1:colcon.colcon_core.package_identification:_identify(teensy_firmware2/include) by extension 'ignore'
[1.205s] Level 1:colcon.colcon_core.package_identification:_identify(teensy_firmware2/include) by extension 'ignore_ament_install'
[1.205s] Level 1:colcon.colcon_core.package_identification:_identify(teensy_firmware2/include) by extensions ['colcon_pkg']
[1.205s] Level 1:colcon.colcon_core.package_identification:_identify(teensy_firmware2/include) by extension 'colcon_pkg'
[1.205s] Level 1:colcon.colcon_core.package_identification:_identify(teensy_firmware2/include) by extensions ['colcon_meta']
[1.205s] Level 1:colcon.colcon_core.package_identification:_identify(teensy_firmware2/include) by extension 'colcon_meta'
[1.205s] Level 1:colcon.colcon_core.package_identification:_identify(teensy_firmware2/include) by extensions ['ros']
[1.205s] Level 1:colcon.colcon_core.package_identification:_identify(teensy_firmware2/include) by extension 'ros'
[1.205s] Level 1:colcon.colcon_core.package_identification:_identify(teensy_firmware2/include) by extensions ['cmake', 'python']
[1.205s] Level 1:colcon.colcon_core.package_identification:_identify(teensy_firmware2/include) by extension 'cmake'
[1.205s] Level 1:colcon.colcon_core.package_identification:_identify(teensy_firmware2/include) by extension 'python'
[1.205s] Level 1:colcon.colcon_core.package_identification:_identify(teensy_firmware2/include) by extensions ['python_setup_py']
[1.205s] Level 1:colcon.colcon_core.package_identification:_identify(teensy_firmware2/include) by extension 'python_setup_py'
[1.205s] Level 1:colcon.colcon_core.package_identification:_identify(teensy_firmware2/src) by extensions ['ignore', 'ignore_ament_install']
[1.206s] Level 1:colcon.colcon_core.package_identification:_identify(teensy_firmware2/src) by extension 'ignore'
[1.206s] Level 1:colcon.colcon_core.package_identification:_identify(teensy_firmware2/src) by extension 'ignore_ament_install'
[1.206s] Level 1:colcon.colcon_core.package_identification:_identify(teensy_firmware2/src) by extensions ['colcon_pkg']
[1.206s] Level 1:colcon.colcon_core.package_identification:_identify(teensy_firmware2/src) by extension 'colcon_pkg'
[1.206s] Level 1:colcon.colcon_core.package_identification:_identify(teensy_firmware2/src) by extensions ['colcon_meta']
[1.206s] Level 1:colcon.colcon_core.package_identification:_identify(teensy_firmware2/src) by extension 'colcon_meta'
[1.206s] Level 1:colcon.colcon_core.package_identification:_identify(teensy_firmware2/src) by extensions ['ros']
[1.206s] Level 1:colcon.colcon_core.package_identification:_identify(teensy_firmware2/src) by extension 'ros'
[1.206s] Level 1:colcon.colcon_core.package_identification:_identify(teensy_firmware2/src) by extensions ['cmake', 'python']
[1.206s] Level 1:colcon.colcon_core.package_identification:_identify(teensy_firmware2/src) by extension 'cmake'
[1.206s] Level 1:colcon.colcon_core.package_identification:_identify(teensy_firmware2/src) by extension 'python'
[1.206s] Level 1:colcon.colcon_core.package_identification:_identify(teensy_firmware2/src) by extensions ['python_setup_py']
[1.206s] Level 1:colcon.colcon_core.package_identification:_identify(teensy_firmware2/src) by extension 'python_setup_py'
[1.206s] Level 1:colcon.colcon_core.package_identification:_identify(teensy_firmware2/test) by extensions ['ignore', 'ignore_ament_install']
[1.206s] Level 1:colcon.colcon_core.package_identification:_identify(teensy_firmware2/test) by extension 'ignore'
[1.206s] Level 1:colcon.colcon_core.package_identification:_identify(teensy_firmware2/test) by extension 'ignore_ament_install'
[1.206s] Level 1:colcon.colcon_core.package_identification:_identify(teensy_firmware2/test) by extensions ['colcon_pkg']
[1.206s] Level 1:colcon.colcon_core.package_identification:_identify(teensy_firmware2/test) by extension 'colcon_pkg'
[1.206s] Level 1:colcon.colcon_core.package_identification:_identify(teensy_firmware2/test) by extensions ['colcon_meta']
[1.206s] Level 1:colcon.colcon_core.package_identification:_identify(teensy_firmware2/test) by extension 'colcon_meta'
[1.206s] Level 1:colcon.colcon_core.package_identification:_identify(teensy_firmware2/test) by extensions ['ros']
[1.206s] Level 1:colcon.colcon_core.package_identification:_identify(teensy_firmware2/test) by extension 'ros'
[1.206s] Level 1:colcon.colcon_core.package_identification:_identify(teensy_firmware2/test) by extensions ['cmake', 'python']
[1.207s] Level 1:colcon.colcon_core.package_identification:_identify(teensy_firmware2/test) by extension 'cmake'
[1.207s] Level 1:colcon.colcon_core.package_identification:_identify(teensy_firmware2/test) by extension 'python'
[1.207s] Level 1:colcon.colcon_core.package_identification:_identify(teensy_firmware2/test) by extensions ['python_setup_py']
[1.207s] Level 1:colcon.colcon_core.package_identification:_identify(teensy_firmware2/test) by extension 'python_setup_py'
[1.207s] Level 1:colcon.colcon_core.package_identification:_identify(tools) by extensions ['ignore', 'ignore_ament_install']
[1.207s] Level 1:colcon.colcon_core.package_identification:_identify(tools) by extension 'ignore'
[1.207s] Level 1:colcon.colcon_core.package_identification:_identify(tools) by extension 'ignore_ament_install'
[1.207s] Level 1:colcon.colcon_core.package_identification:_identify(tools) by extensions ['colcon_pkg']
[1.207s] Level 1:colcon.colcon_core.package_identification:_identify(tools) by extension 'colcon_pkg'
[1.207s] Level 1:colcon.colcon_core.package_identification:_identify(tools) by extensions ['colcon_meta']
[1.207s] Level 1:colcon.colcon_core.package_identification:_identify(tools) by extension 'colcon_meta'
[1.207s] Level 1:colcon.colcon_core.package_identification:_identify(tools) by extensions ['ros']
[1.207s] Level 1:colcon.colcon_core.package_identification:_identify(tools) by extension 'ros'
[1.207s] Level 1:colcon.colcon_core.package_identification:_identify(tools) by extensions ['cmake', 'python']
[1.207s] Level 1:colcon.colcon_core.package_identification:_identify(tools) by extension 'cmake'
[1.207s] Level 1:colcon.colcon_core.package_identification:_identify(tools) by extension 'python'
[1.207s] Level 1:colcon.colcon_core.package_identification:_identify(tools) by extensions ['python_setup_py']
[1.207s] Level 1:colcon.colcon_core.package_identification:_identify(tools) by extension 'python_setup_py'
[1.207s] Level 1:colcon.colcon_core.package_identification:_identify(tools/calib_images) by extensions ['ignore', 'ignore_ament_install']
[1.207s] Level 1:colcon.colcon_core.package_identification:_identify(tools/calib_images) by extension 'ignore'
[1.207s] Level 1:colcon.colcon_core.package_identification:_identify(tools/calib_images) by extension 'ignore_ament_install'
[1.208s] Level 1:colcon.colcon_core.package_identification:_identify(tools/calib_images) by extensions ['colcon_pkg']
[1.208s] Level 1:colcon.colcon_core.package_identification:_identify(tools/calib_images) by extension 'colcon_pkg'
[1.208s] Level 1:colcon.colcon_core.package_identification:_identify(tools/calib_images) by extensions ['colcon_meta']
[1.208s] Level 1:colcon.colcon_core.package_identification:_identify(tools/calib_images) by extension 'colcon_meta'
[1.208s] Level 1:colcon.colcon_core.package_identification:_identify(tools/calib_images) by extensions ['ros']
[1.208s] Level 1:colcon.colcon_core.package_identification:_identify(tools/calib_images) by extension 'ros'
[1.208s] Level 1:colcon.colcon_core.package_identification:_identify(tools/calib_images) by extensions ['cmake', 'python']
[1.208s] Level 1:colcon.colcon_core.package_identification:_identify(tools/calib_images) by extension 'cmake'
[1.208s] Level 1:colcon.colcon_core.package_identification:_identify(tools/calib_images) by extension 'python'
[1.208s] Level 1:colcon.colcon_core.package_identification:_identify(tools/calib_images) by extensions ['python_setup_py']
[1.208s] Level 1:colcon.colcon_core.package_identification:_identify(tools/calib_images) by extension 'python_setup_py'
[1.208s] Level 1:colcon.colcon_core.package_identification:_identify(tools/calibration) by extensions ['ignore', 'ignore_ament_install']
[1.208s] Level 1:colcon.colcon_core.package_identification:_identify(tools/calibration) by extension 'ignore'
[1.208s] Level 1:colcon.colcon_core.package_identification:_identify(tools/calibration) by extension 'ignore_ament_install'
[1.208s] Level 1:colcon.colcon_core.package_identification:_identify(tools/calibration) by extensions ['colcon_pkg']
[1.208s] Level 1:colcon.colcon_core.package_identification:_identify(tools/calibration) by extension 'colcon_pkg'
[1.208s] Level 1:colcon.colcon_core.package_identification:_identify(tools/calibration) by extensions ['colcon_meta']
[1.208s] Level 1:colcon.colcon_core.package_identification:_identify(tools/calibration) by extension 'colcon_meta'
[1.208s] Level 1:colcon.colcon_core.package_identification:_identify(tools/calibration) by extensions ['ros']
[1.208s] Level 1:colcon.colcon_core.package_identification:_identify(tools/calibration) by extension 'ros'
[1.208s] Level 1:colcon.colcon_core.package_identification:_identify(tools/calibration) by extensions ['cmake', 'python']
[1.208s] Level 1:colcon.colcon_core.package_identification:_identify(tools/calibration) by extension 'cmake'
[1.208s] Level 1:colcon.colcon_core.package_identification:_identify(tools/calibration) by extension 'python'
[1.208s] Level 1:colcon.colcon_core.package_identification:_identify(tools/calibration) by extensions ['python_setup_py']
[1.209s] Level 1:colcon.colcon_core.package_identification:_identify(tools/calibration) by extension 'python_setup_py'
[1.209s] Level 1:colcon.colcon_core.package_identification:_identify(tools/testing) by extensions ['ignore', 'ignore_ament_install']
[1.209s] Level 1:colcon.colcon_core.package_identification:_identify(tools/testing) by extension 'ignore'
[1.209s] Level 1:colcon.colcon_core.package_identification:_identify(tools/testing) by extension 'ignore_ament_install'
[1.209s] Level 1:colcon.colcon_core.package_identification:_identify(tools/testing) by extensions ['colcon_pkg']
[1.209s] Level 1:colcon.colcon_core.package_identification:_identify(tools/testing) by extension 'colcon_pkg'
[1.209s] Level 1:colcon.colcon_core.package_identification:_identify(tools/testing) by extensions ['colcon_meta']
[1.209s] Level 1:colcon.colcon_core.package_identification:_identify(tools/testing) by extension 'colcon_meta'
[1.209s] Level 1:colcon.colcon_core.package_identification:_identify(tools/testing) by extensions ['ros']
[1.209s] Level 1:colcon.colcon_core.package_identification:_identify(tools/testing) by extension 'ros'
[1.209s] Level 1:colcon.colcon_core.package_identification:_identify(tools/testing) by extensions ['cmake', 'python']
[1.209s] Level 1:colcon.colcon_core.package_identification:_identify(tools/testing) by extension 'cmake'
[1.209s] Level 1:colcon.colcon_core.package_identification:_identify(tools/testing) by extension 'python'
[1.209s] Level 1:colcon.colcon_core.package_identification:_identify(tools/testing) by extensions ['python_setup_py']
[1.209s] Level 1:colcon.colcon_core.package_identification:_identify(tools/testing) by extension 'python_setup_py'
[1.209s] Level 1:colcon.colcon_core.package_identification:_identify(tools/visualization) by extensions ['ignore', 'ignore_ament_install']
[1.209s] Level 1:colcon.colcon_core.package_identification:_identify(tools/visualization) by extension 'ignore'
[1.209s] Level 1:colcon.colcon_core.package_identification:_identify(tools/visualization) by extension 'ignore_ament_install'
[1.209s] Level 1:colcon.colcon_core.package_identification:_identify(tools/visualization) by extensions ['colcon_pkg']
[1.209s] Level 1:colcon.colcon_core.package_identification:_identify(tools/visualization) by extension 'colcon_pkg'
[1.209s] Level 1:colcon.colcon_core.package_identification:_identify(tools/visualization) by extensions ['colcon_meta']
[1.209s] Level 1:colcon.colcon_core.package_identification:_identify(tools/visualization) by extension 'colcon_meta'
[1.210s] Level 1:colcon.colcon_core.package_identification:_identify(tools/visualization) by extensions ['ros']
[1.210s] Level 1:colcon.colcon_core.package_identification:_identify(tools/visualization) by extension 'ros'
[1.210s] Level 1:colcon.colcon_core.package_identification:_identify(tools/visualization) by extensions ['cmake', 'python']
[1.210s] Level 1:colcon.colcon_core.package_identification:_identify(tools/visualization) by extension 'cmake'
[1.210s] Level 1:colcon.colcon_core.package_identification:_identify(tools/visualization) by extension 'python'
[1.210s] Level 1:colcon.colcon_core.package_identification:_identify(tools/visualization) by extensions ['python_setup_py']
[1.210s] Level 1:colcon.colcon_core.package_identification:_identify(tools/visualization) by extension 'python_setup_py'
[1.210s] Level 1:colcon.colcon_core.package_discovery:discover_packages(recursive) using defaults
[1.210s] Level 1:colcon.colcon_core.package_discovery:discover_packages(ignore) discover
[1.210s] Level 1:colcon.colcon_core.package_discovery:discover_packages(ignore) using defaults
[1.210s] Level 1:colcon.colcon_core.package_discovery:discover_packages(path) discover
[1.210s] Level 1:colcon.colcon_core.package_discovery:discover_packages(path) using defaults
[1.280s] Level 5:colcon.colcon_core.verb:set package 'navigation' build argument 'cmake_args' from command line to 'None'
[1.280s] Level 5:colcon.colcon_core.verb:set package 'navigation' build argument 'cmake_target' from command line to 'None'
[1.280s] Level 5:colcon.colcon_core.verb:set package 'navigation' build argument 'cmake_target_skip_unavailable' from command line to 'False'
[1.280s] Level 5:colcon.colcon_core.verb:set package 'navigation' build argument 'cmake_clean_cache' from command line to 'False'
[1.280s] Level 5:colcon.colcon_core.verb:set package 'navigation' build argument 'cmake_clean_first' from command line to 'False'
[1.280s] Level 5:colcon.colcon_core.verb:set package 'navigation' build argument 'cmake_force_configure' from command line to 'False'
[1.280s] Level 5:colcon.colcon_core.verb:set package 'navigation' build argument 'ament_cmake_args' from command line to 'None'
[1.280s] Level 5:colcon.colcon_core.verb:set package 'navigation' build argument 'catkin_cmake_args' from command line to 'None'
[1.280s] Level 5:colcon.colcon_core.verb:set package 'navigation' build argument 'catkin_skip_building_tests' from command line to 'False'
[1.280s] DEBUG:colcon.colcon_core.verb:Building package 'navigation' with the following arguments: {'ament_cmake_args': None, 'build_base': '/workspace/build/navigation', 'catkin_cmake_args': None, 'catkin_skip_building_tests': False, 'cmake_args': None, 'cmake_clean_cache': False, 'cmake_clean_first': False, 'cmake_force_configure': False, 'cmake_target': None, 'cmake_target_skip_unavailable': False, 'install_base': '/workspace/install/navigation', 'merge_install': False, 'path': '/workspace/src/navigation', 'symlink_install': True, 'test_result_base': None}
[1.281s] Level 5:colcon.colcon_core.verb:set package 'robot_msgs' build argument 'cmake_args' from command line to 'None'
[1.281s] Level 5:colcon.colcon_core.verb:set package 'robot_msgs' build argument 'cmake_target' from command line to 'None'
[1.281s] Level 5:colcon.colcon_core.verb:set package 'robot_msgs' build argument 'cmake_target_skip_unavailable' from command line to 'False'
[1.281s] Level 5:colcon.colcon_core.verb:set package 'robot_msgs' build argument 'cmake_clean_cache' from command line to 'False'
[1.281s] Level 5:colcon.colcon_core.verb:set package 'robot_msgs' build argument 'cmake_clean_first' from command line to 'False'
[1.281s] Level 5:colcon.colcon_core.verb:set package 'robot_msgs' build argument 'cmake_force_configure' from command line to 'False'
[1.281s] Level 5:colcon.colcon_core.verb:set package 'robot_msgs' build argument 'ament_cmake_args' from command line to 'None'
[1.281s] Level 5:colcon.colcon_core.verb:set package 'robot_msgs' build argument 'catkin_cmake_args' from command line to 'None'
[1.281s] Level 5:colcon.colcon_core.verb:set package 'robot_msgs' build argument 'catkin_skip_building_tests' from command line to 'False'
[1.281s] DEBUG:colcon.colcon_core.verb:Building package 'robot_msgs' with the following arguments: {'ament_cmake_args': None, 'build_base': '/workspace/build/robot_msgs', 'catkin_cmake_args': None, 'catkin_skip_building_tests': False, 'cmake_args': None, 'cmake_clean_cache': False, 'cmake_clean_first': False, 'cmake_force_configure': False, 'cmake_target': None, 'cmake_target_skip_unavailable': False, 'install_base': '/workspace/install/robot_msgs', 'merge_install': False, 'path': '/workspace/src/robot_msgs', 'symlink_install': True, 'test_result_base': None}
[1.281s] Level 5:colcon.colcon_core.verb:set package 'strategy' build argument 'cmake_args' from command line to 'None'
[1.281s] Level 5:colcon.colcon_core.verb:set package 'strategy' build argument 'cmake_target' from command line to 'None'
[1.281s] Level 5:colcon.colcon_core.verb:set package 'strategy' build argument 'cmake_target_skip_unavailable' from command line to 'False'
[1.281s] Level 5:colcon.colcon_core.verb:set package 'strategy' build argument 'cmake_clean_cache' from command line to 'False'
[1.282s] Level 5:colcon.colcon_core.verb:set package 'strategy' build argument 'cmake_clean_first' from command line to 'False'
[1.282s] Level 5:colcon.colcon_core.verb:set package 'strategy' build argument 'cmake_force_configure' from command line to 'False'
[1.282s] Level 5:colcon.colcon_core.verb:set package 'strategy' build argument 'ament_cmake_args' from command line to 'None'
[1.282s] Level 5:colcon.colcon_core.verb:set package 'strategy' build argument 'catkin_cmake_args' from command line to 'None'
[1.282s] Level 5:colcon.colcon_core.verb:set package 'strategy' build argument 'catkin_skip_building_tests' from command line to 'False'
[1.282s] DEBUG:colcon.colcon_core.verb:Building package 'strategy' with the following arguments: {'ament_cmake_args': None, 'build_base': '/workspace/build/strategy', 'catkin_cmake_args': None, 'catkin_skip_building_tests': False, 'cmake_args': None, 'cmake_clean_cache': False, 'cmake_clean_first': False, 'cmake_force_configure': False, 'cmake_target': None, 'cmake_target_skip_unavailable': False, 'install_base': '/workspace/install/strategy', 'merge_install': False, 'path': '/workspace/src/strategy', 'symlink_install': True, 'test_result_base': None}
[1.282s] Level 5:colcon.colcon_core.verb:set package 'vision' build argument 'cmake_args' from command line to 'None'
[1.282s] Level 5:colcon.colcon_core.verb:set package 'vision' build argument 'cmake_target' from command line to 'None'
[1.282s] Level 5:colcon.colcon_core.verb:set package 'vision' build argument 'cmake_target_skip_unavailable' from command line to 'False'
[1.282s] Level 5:colcon.colcon_core.verb:set package 'vision' build argument 'cmake_clean_cache' from command line to 'False'
[1.282s] Level 5:colcon.colcon_core.verb:set package 'vision' build argument 'cmake_clean_first' from command line to 'False'
[1.282s] Level 5:colcon.colcon_core.verb:set package 'vision' build argument 'cmake_force_configure' from command line to 'False'
[1.282s] Level 5:colcon.colcon_core.verb:set package 'vision' build argument 'ament_cmake_args' from command line to 'None'
[1.282s] Level 5:colcon.colcon_core.verb:set package 'vision' build argument 'catkin_cmake_args' from command line to 'None'
[1.282s] Level 5:colcon.colcon_core.verb:set package 'vision' build argument 'catkin_skip_building_tests' from command line to 'False'
[1.282s] DEBUG:colcon.colcon_core.verb:Building package 'vision' with the following arguments: {'ament_cmake_args': None, 'build_base': '/workspace/build/vision', 'catkin_cmake_args': None, 'catkin_skip_building_tests': False, 'cmake_args': None, 'cmake_clean_cache': False, 'cmake_clean_first': False, 'cmake_force_configure': False, 'cmake_target': None, 'cmake_target_skip_unavailable': False, 'install_base': '/workspace/install/vision', 'merge_install': False, 'path': '/workspace/src/vision', 'symlink_install': True, 'test_result_base': None}
[1.283s] Level 5:colcon.colcon_core.verb:set package 'robot_bringup' build argument 'cmake_args' from command line to 'None'
[1.283s] Level 5:colcon.colcon_core.verb:set package 'robot_bringup' build argument 'cmake_target' from command line to 'None'
[1.283s] Level 5:colcon.colcon_core.verb:set package 'robot_bringup' build argument 'cmake_target_skip_unavailable' from command line to 'False'
[1.283s] Level 5:colcon.colcon_core.verb:set package 'robot_bringup' build argument 'cmake_clean_cache' from command line to 'False'
[1.283s] Level 5:colcon.colcon_core.verb:set package 'robot_bringup' build argument 'cmake_clean_first' from command line to 'False'
[1.283s] Level 5:colcon.colcon_core.verb:set package 'robot_bringup' build argument 'cmake_force_configure' from command line to 'False'
[1.283s] Level 5:colcon.colcon_core.verb:set package 'robot_bringup' build argument 'ament_cmake_args' from command line to 'None'
[1.283s] Level 5:colcon.colcon_core.verb:set package 'robot_bringup' build argument 'catkin_cmake_args' from command line to 'None'
[1.283s] Level 5:colcon.colcon_core.verb:set package 'robot_bringup' build argument 'catkin_skip_building_tests' from command line to 'False'
[1.283s] DEBUG:colcon.colcon_core.verb:Building package 'robot_bringup' with the following arguments: {'ament_cmake_args': None, 'build_base': '/workspace/build/robot_bringup', 'catkin_cmake_args': None, 'catkin_skip_building_tests': False, 'cmake_args': None, 'cmake_clean_cache': False, 'cmake_clean_first': False, 'cmake_force_configure': False, 'cmake_target': None, 'cmake_target_skip_unavailable': False, 'install_base': '/workspace/install/robot_bringup', 'merge_install': False, 'path': '/workspace/src/robot_bringup', 'symlink_install': True, 'test_result_base': None}
[1.283s] INFO:colcon.colcon_core.executor:Executing jobs using 'parallel' executor
[1.284s] DEBUG:colcon.colcon_parallel_executor.executor.parallel:run_until_complete
[1.285s] INFO:colcon.colcon_ros.task.ament_python.build:Building ROS package in '/workspace/src/navigation' with build type 'ament_python'
[1.285s] Level 1:colcon.colcon_core.shell:create_environment_hook('navigation', 'ament_prefix_path')
[1.291s] INFO:colcon.colcon_core.plugin_system:Skipping extension 'colcon_core.shell.bat': Not used on non-Windows systems
[1.292s] INFO:colcon.colcon_core.shell:Creating environment hook '/workspace/install/navigation/share/navigation/hook/ament_prefix_path.ps1'
[1.293s] INFO:colcon.colcon_core.shell:Creating environment descriptor '/workspace/install/navigation/share/navigation/hook/ament_prefix_path.dsv'
[1.294s] INFO:colcon.colcon_core.shell:Creating environment hook '/workspace/install/navigation/share/navigation/hook/ament_prefix_path.sh'
[1.295s] INFO:colcon.colcon_core.shell:Skip shell extension 'powershell' for command environment: Not usable outside of PowerShell
[1.295s] DEBUG:colcon.colcon_core.shell:Skip shell extension 'dsv' for command environment
[1.303s] INFO:colcon.colcon_ros.task.ament_python.build:Building ROS package in '/workspace/src/vision' with build type 'ament_python'
[1.303s] Level 1:colcon.colcon_core.shell:create_environment_hook('vision', 'ament_prefix_path')
[1.304s] INFO:colcon.colcon_core.shell:Creating environment hook '/workspace/install/vision/share/vision/hook/ament_prefix_path.ps1'
[1.305s] INFO:colcon.colcon_core.shell:Creating environment descriptor '/workspace/install/vision/share/vision/hook/ament_prefix_path.dsv'
[1.305s] INFO:colcon.colcon_core.shell:Creating environment hook '/workspace/install/vision/share/vision/hook/ament_prefix_path.sh'
[1.306s] INFO:colcon.colcon_core.shell:Skip shell extension 'powershell' for command environment: Not usable outside of PowerShell
[1.306s] DEBUG:colcon.colcon_core.shell:Skip shell extension 'dsv' for command environment
[1.310s] INFO:colcon.colcon_cmake.task.cmake.build:Building CMake package in '/workspace/src/robot_msgs'
[1.311s] INFO:colcon.colcon_core.shell:Skip shell extension 'powershell' for command environment: Not usable outside of PowerShell
[1.311s] DEBUG:colcon.colcon_core.shell:Skip shell extension 'dsv' for command environment
[1.315s] INFO:colcon.colcon_ros.task.ament_python.build:Building ROS package in '/workspace/src/strategy' with build type 'ament_python'
[1.315s] Level 1:colcon.colcon_core.shell:create_environment_hook('strategy', 'ament_prefix_path')
[1.316s] INFO:colcon.colcon_core.shell:Creating environment hook '/workspace/install/strategy/share/strategy/hook/ament_prefix_path.ps1'
[1.316s] INFO:colcon.colcon_core.shell:Creating environment descriptor '/workspace/install/strategy/share/strategy/hook/ament_prefix_path.dsv'
[1.317s] INFO:colcon.colcon_core.shell:Creating environment hook '/workspace/install/strategy/share/strategy/hook/ament_prefix_path.sh'
[1.318s] INFO:colcon.colcon_core.shell:Skip shell extension 'powershell' for command environment: Not usable outside of PowerShell
[1.318s] DEBUG:colcon.colcon_core.shell:Skip shell extension 'dsv' for command environment
[1.583s] INFO:colcon.colcon_core.task.python.build:Building Python package in '/workspace/src/navigation'
[1.583s] INFO:colcon.colcon_core.shell:Skip shell extension 'powershell' for command environment: Not usable outside of PowerShell
[1.583s] DEBUG:colcon.colcon_core.shell:Skip shell extension 'dsv' for command environment
[1.845s] INFO:colcon.colcon_core.task.python.build:Building Python package in '/workspace/src/vision'
[1.846s] INFO:colcon.colcon_core.shell:Skip shell extension 'powershell' for command environment: Not usable outside of PowerShell
[1.846s] DEBUG:colcon.colcon_core.shell:Skip shell extension 'dsv' for command environment
[1.853s] DEBUG:colcon.colcon_core.event_handler.log_command:Invoking command in '/workspace/build/robot_msgs': /usr/bin/cmake /workspace/src/robot_msgs -DCMAKE_INSTALL_PREFIX=/workspace/install/robot_msgs
[2.132s] INFO:colcon.colcon_core.task.python.build:Building Python package in '/workspace/src/strategy'
[2.132s] INFO:colcon.colcon_core.shell:Skip shell extension 'powershell' for command environment: Not usable outside of PowerShell
[2.132s] DEBUG:colcon.colcon_core.shell:Skip shell extension 'dsv' for command environment
[3.592s] DEBUG:colcon.colcon_core.event_handler.log_command:Invoking command in '/workspace/build/vision': PYTHONPATH=/workspace/build/vision/prefix_override:/usr/lib/python3/dist-packages/colcon_core/task/python/colcon_distutils_commands:/workspace/install/vision/lib/python3.10/site-packages:${PYTHONPATH} /usr/bin/python3 -W ignore:setup.py install is deprecated -W ignore:easy_install command is deprecated setup.py develop --editable --build-directory /workspace/build/vision/build --no-deps symlink_data
[3.596s] DEBUG:colcon.colcon_core.event_handler.log_command:Invoking command in '/workspace/build/strategy': PYTHONPATH=/workspace/build/strategy/prefix_override:/usr/lib/python3/dist-packages/colcon_core/task/python/colcon_distutils_commands:/workspace/install/strategy/lib/python3.10/site-packages:${PYTHONPATH} /usr/bin/python3 -W ignore:setup.py install is deprecated -W ignore:easy_install command is deprecated setup.py develop --editable --build-directory /workspace/build/strategy/build --no-deps symlink_data
[3.616s] DEBUG:colcon.colcon_core.task.python.build:While undoing a previous installation files outside the Python library path are being ignored: /workspace/install/navigation/share/ament_index/resource_index/packages/navigation
[3.617s] DEBUG:colcon.colcon_core.task.python.build:While undoing a previous installation files outside the Python library path are being ignored: /workspace/install/navigation/share/navigation/package.xml
[3.617s] DEBUG:colcon.colcon_core.task.python.build:While undoing a previous installation files outside the Python library path are being ignored: /workspace/install/navigation/share/navigation/launch/navigation_full.launch.py
[3.617s] DEBUG:colcon.colcon_core.task.python.build:While undoing a previous installation files outside the Python library path are being ignored: /workspace/install/navigation/share/navigation/launch/lidar_avoidance.launch.py
[3.617s] DEBUG:colcon.colcon_core.task.python.build:While undoing a previous installation files outside the Python library path are being ignored: /workspace/install/navigation/bin/lidar_test
[3.617s] DEBUG:colcon.colcon_core.task.python.build:While undoing a previous installation files outside the Python library path are being ignored: /workspace/install/navigation/bin/obstacle_avoidance_node
[3.628s] DEBUG:colcon.colcon_core.event_handler.log_command:Invoking command in '/workspace/build/navigation': PYTHONPATH=/workspace/build/navigation/prefix_override:/usr/lib/python3/dist-packages/colcon_core/task/python/colcon_distutils_commands:/workspace/install/navigation/lib/python3.10/site-packages:${PYTHONPATH} /usr/bin/python3 -W ignore:setup.py install is deprecated -W ignore:easy_install command is deprecated setup.py develop --editable --build-directory /workspace/build/navigation/build --no-deps symlink_data --force
[3.738s] DEBUG:colcon.colcon_core.event_handler.log_command:Invoked command in '/workspace/build/robot_msgs' returned '0': /usr/bin/cmake /workspace/src/robot_msgs -DCMAKE_INSTALL_PREFIX=/workspace/install/robot_msgs
[3.742s] DEBUG:colcon.colcon_core.event_handler.log_command:Invoking command in '/workspace/build/robot_msgs': /usr/bin/cmake --build /workspace/build/robot_msgs -- -j4 -l4
[3.793s] DEBUG:colcon.colcon_core.event_handler.log_command:Invoked command in '/workspace/build/robot_msgs' returned '0': /usr/bin/cmake --build /workspace/build/robot_msgs -- -j4 -l4
[3.794s] WARNING:colcon.colcon_cmake.task.cmake.build:Could not run installation step for package 'robot_msgs' because it has no 'install' target
[3.794s] Level 1:colcon.colcon_core.environment:create_environment_scripts_only(robot_msgs)
[3.804s] Level 1:colcon.colcon_core.environment:checking '/workspace/install/robot_msgs' for CMake module files
[3.805s] Level 1:colcon.colcon_core.environment:checking '/workspace/install/robot_msgs' for CMake config files
[3.805s] Level 1:colcon.colcon_core.environment:checking '/workspace/install/robot_msgs/bin'
[3.806s] Level 1:colcon.colcon_core.environment:checking '/workspace/install/robot_msgs/lib/pkgconfig/robot_msgs.pc'
[3.806s] Level 1:colcon.colcon_core.environment:checking '/workspace/install/robot_msgs/lib/python3.10/site-packages'
[3.807s] Level 1:colcon.colcon_core.environment:checking '/workspace/install/robot_msgs/bin'
[3.808s] INFO:colcon.colcon_core.shell:Creating package script '/workspace/install/robot_msgs/share/robot_msgs/package.ps1'
[3.810s] INFO:colcon.colcon_core.shell:Creating package descriptor '/workspace/install/robot_msgs/share/robot_msgs/package.dsv'
[3.811s] INFO:colcon.colcon_core.shell:Creating package script '/workspace/install/robot_msgs/share/robot_msgs/package.sh'
[3.812s] INFO:colcon.colcon_core.shell:Creating package script '/workspace/install/robot_msgs/share/robot_msgs/package.bash'
[3.814s] INFO:colcon.colcon_core.shell:Creating package script '/workspace/install/robot_msgs/share/robot_msgs/package.zsh'
[3.815s] Level 1:colcon.colcon_core.environment:create_file_with_runtime_dependencies(/workspace/install/robot_msgs/share/colcon-core/packages/robot_msgs)
[4.186s] Level 1:colcon.colcon_core.shell:create_environment_hook('vision', 'pythonpath_develop')
[4.187s] INFO:colcon.colcon_core.shell:Creating environment hook '/workspace/build/vision/share/vision/hook/pythonpath_develop.ps1'
[4.186s] DEBUG:colcon.colcon_core.event_handler.log_command:Invoked command in '/workspace/build/vision' returned '0': PYTHONPATH=/workspace/build/vision/prefix_override:/usr/lib/python3/dist-packages/colcon_core/task/python/colcon_distutils_commands:/workspace/install/vision/lib/python3.10/site-packages:${PYTHONPATH} /usr/bin/python3 -W ignore:setup.py install is deprecated -W ignore:easy_install command is deprecated setup.py develop --editable --build-directory /workspace/build/vision/build --no-deps symlink_data
[4.188s] INFO:colcon.colcon_core.shell:Creating environment descriptor '/workspace/build/vision/share/vision/hook/pythonpath_develop.dsv'
[4.189s] INFO:colcon.colcon_core.shell:Creating environment hook '/workspace/build/vision/share/vision/hook/pythonpath_develop.sh'
[4.191s] Level 1:colcon.colcon_core.environment:checking '/workspace/install/vision' for CMake module files
[4.192s] Level 1:colcon.colcon_core.environment:checking '/workspace/install/vision' for CMake config files
[4.193s] Level 1:colcon.colcon_core.environment:checking '/workspace/install/vision/lib'
[4.193s] Level 1:colcon.colcon_core.environment:checking '/workspace/install/vision/bin'
[4.193s] Level 1:colcon.colcon_core.shell:create_environment_hook('vision', 'path')
[4.194s] INFO:colcon.colcon_core.shell:Creating environment hook '/workspace/install/vision/share/vision/hook/path.ps1'
[4.195s] INFO:colcon.colcon_core.shell:Creating environment descriptor '/workspace/install/vision/share/vision/hook/path.dsv'
[4.196s] INFO:colcon.colcon_core.shell:Creating environment hook '/workspace/install/vision/share/vision/hook/path.sh'
[4.196s] Level 1:colcon.colcon_core.environment:checking '/workspace/install/vision/lib/pkgconfig/vision.pc'
[4.197s] Level 1:colcon.colcon_core.environment:checking '/workspace/install/vision/lib/python3.10/site-packages'
[4.197s] Level 1:colcon.colcon_core.shell:create_environment_hook('vision', 'pythonpath')
[4.198s] INFO:colcon.colcon_core.shell:Creating environment hook '/workspace/install/vision/share/vision/hook/pythonpath.ps1'
[4.198s] INFO:colcon.colcon_core.shell:Creating environment descriptor '/workspace/install/vision/share/vision/hook/pythonpath.dsv'
[4.199s] INFO:colcon.colcon_core.shell:Creating environment hook '/workspace/install/vision/share/vision/hook/pythonpath.sh'
[4.201s] Level 1:colcon.colcon_core.environment:checking '/workspace/install/vision/bin'
[4.202s] Level 1:colcon.colcon_core.shell:create_environment_hook('vision', 'pythonscriptspath')
[4.202s] INFO:colcon.colcon_core.shell:Creating environment hook '/workspace/install/vision/share/vision/hook/pythonscriptspath.ps1'
[4.203s] INFO:colcon.colcon_core.shell:Creating environment descriptor '/workspace/install/vision/share/vision/hook/pythonscriptspath.dsv'
[4.205s] INFO:colcon.colcon_core.shell:Creating environment hook '/workspace/install/vision/share/vision/hook/pythonscriptspath.sh'
[4.206s] Level 1:colcon.colcon_core.environment:create_environment_scripts_only(vision)
[4.207s] INFO:colcon.colcon_core.shell:Creating package script '/workspace/install/vision/share/vision/package.ps1'
[4.209s] INFO:colcon.colcon_core.shell:Creating package descriptor '/workspace/install/vision/share/vision/package.dsv'
[4.211s] INFO:colcon.colcon_core.shell:Creating package script '/workspace/install/vision/share/vision/package.sh'
[4.212s] INFO:colcon.colcon_core.shell:Creating package script '/workspace/install/vision/share/vision/package.bash'
[4.213s] INFO:colcon.colcon_core.shell:Creating package script '/workspace/install/vision/share/vision/package.zsh'
[4.215s] Level 1:colcon.colcon_core.environment:create_file_with_runtime_dependencies(/workspace/install/vision/share/colcon-core/packages/vision)
[4.230s] Level 1:colcon.colcon_core.shell:create_environment_hook('strategy', 'pythonpath_develop')
[4.231s] DEBUG:colcon.colcon_core.event_handler.log_command:Invoked command in '/workspace/build/strategy' returned '0': PYTHONPATH=/workspace/build/strategy/prefix_override:/usr/lib/python3/dist-packages/colcon_core/task/python/colcon_distutils_commands:/workspace/install/strategy/lib/python3.10/site-packages:${PYTHONPATH} /usr/bin/python3 -W ignore:setup.py install is deprecated -W ignore:easy_install command is deprecated setup.py develop --editable --build-directory /workspace/build/strategy/build --no-deps symlink_data
[4.231s] INFO:colcon.colcon_core.shell:Creating environment hook '/workspace/build/strategy/share/strategy/hook/pythonpath_develop.ps1'
[4.232s] INFO:colcon.colcon_core.shell:Creating environment descriptor '/workspace/build/strategy/share/strategy/hook/pythonpath_develop.dsv'
[4.233s] INFO:colcon.colcon_core.shell:Creating environment hook '/workspace/build/strategy/share/strategy/hook/pythonpath_develop.sh'
[4.233s] Level 1:colcon.colcon_core.environment:checking '/workspace/install/strategy' for CMake module files
[4.234s] Level 1:colcon.colcon_core.environment:checking '/workspace/install/strategy' for CMake config files
[4.234s] Level 1:colcon.colcon_core.environment:checking '/workspace/install/strategy/lib'
[4.234s] Level 1:colcon.colcon_core.environment:checking '/workspace/install/strategy/bin'
[4.234s] Level 1:colcon.colcon_core.shell:create_environment_hook('strategy', 'path')
[4.235s] INFO:colcon.colcon_core.shell:Creating environment hook '/workspace/install/strategy/share/strategy/hook/path.ps1'
[4.235s] INFO:colcon.colcon_core.shell:Creating environment descriptor '/workspace/install/strategy/share/strategy/hook/path.dsv'
[4.236s] INFO:colcon.colcon_core.shell:Creating environment hook '/workspace/install/strategy/share/strategy/hook/path.sh'
[4.236s] Level 1:colcon.colcon_core.environment:checking '/workspace/install/strategy/lib/pkgconfig/strategy.pc'
[4.236s] Level 1:colcon.colcon_core.environment:checking '/workspace/install/strategy/lib/python3.10/site-packages'
[4.236s] Level 1:colcon.colcon_core.shell:create_environment_hook('strategy', 'pythonpath')
[4.237s] INFO:colcon.colcon_core.shell:Creating environment hook '/workspace/install/strategy/share/strategy/hook/pythonpath.ps1'
[4.237s] INFO:colcon.colcon_core.shell:Creating environment descriptor '/workspace/install/strategy/share/strategy/hook/pythonpath.dsv'
[4.237s] INFO:colcon.colcon_core.shell:Creating environment hook '/workspace/install/strategy/share/strategy/hook/pythonpath.sh'
[4.238s] Level 1:colcon.colcon_core.environment:checking '/workspace/install/strategy/bin'
[4.238s] Level 1:colcon.colcon_core.shell:create_environment_hook('strategy', 'pythonscriptspath')
[4.238s] INFO:colcon.colcon_core.shell:Creating environment hook '/workspace/install/strategy/share/strategy/hook/pythonscriptspath.ps1'
[4.239s] INFO:colcon.colcon_core.shell:Creating environment descriptor '/workspace/install/strategy/share/strategy/hook/pythonscriptspath.dsv'
[4.239s] INFO:colcon.colcon_core.shell:Creating environment hook '/workspace/install/strategy/share/strategy/hook/pythonscriptspath.sh'
[4.240s] Level 1:colcon.colcon_core.environment:create_environment_scripts_only(strategy)
[4.240s] INFO:colcon.colcon_core.shell:Creating package script '/workspace/install/strategy/share/strategy/package.ps1'
[4.241s] INFO:colcon.colcon_core.shell:Creating package descriptor '/workspace/install/strategy/share/strategy/package.dsv'
[4.241s] INFO:colcon.colcon_core.shell:Creating package script '/workspace/install/strategy/share/strategy/package.sh'
[4.242s] INFO:colcon.colcon_core.shell:Creating package script '/workspace/install/strategy/share/strategy/package.bash'
[4.242s] INFO:colcon.colcon_core.shell:Creating package script '/workspace/install/strategy/share/strategy/package.zsh'
[4.243s] Level 1:colcon.colcon_core.environment:create_file_with_runtime_dependencies(/workspace/install/strategy/share/colcon-core/packages/strategy)
[4.244s] Level 1:colcon.colcon_core.shell:create_environment_hook('navigation', 'pythonpath_develop')
[4.244s] INFO:colcon.colcon_core.shell:Creating environment hook '/workspace/build/navigation/share/navigation/hook/pythonpath_develop.ps1'
[4.245s] INFO:colcon.colcon_core.shell:Creating environment descriptor '/workspace/build/navigation/share/navigation/hook/pythonpath_develop.dsv'
[4.246s] DEBUG:colcon.colcon_core.event_handler.log_command:Invoked command in '/workspace/build/navigation' returned '0': PYTHONPATH=/workspace/build/navigation/prefix_override:/usr/lib/python3/dist-packages/colcon_core/task/python/colcon_distutils_commands:/workspace/install/navigation/lib/python3.10/site-packages:${PYTHONPATH} /usr/bin/python3 -W ignore:setup.py install is deprecated -W ignore:easy_install command is deprecated setup.py develop --editable --build-directory /workspace/build/navigation/build --no-deps symlink_data --force
[4.246s] INFO:colcon.colcon_core.shell:Creating environment hook '/workspace/build/navigation/share/navigation/hook/pythonpath_develop.sh'
[4.247s] Level 1:colcon.colcon_core.environment:checking '/workspace/install/navigation' for CMake module files
[4.247s] Level 1:colcon.colcon_core.environment:checking '/workspace/install/navigation' for CMake config files
[4.248s] Level 1:colcon.colcon_core.environment:checking '/workspace/install/navigation/lib'
[4.248s] Level 1:colcon.colcon_core.environment:checking '/workspace/install/navigation/bin'
[4.248s] Level 1:colcon.colcon_core.shell:create_environment_hook('navigation', 'path')
[4.249s] INFO:colcon.colcon_core.shell:Creating environment hook '/workspace/install/navigation/share/navigation/hook/path.ps1'
[4.249s] INFO:colcon.colcon_core.shell:Creating environment descriptor '/workspace/install/navigation/share/navigation/hook/path.dsv'
[4.249s] INFO:colcon.colcon_core.shell:Creating environment hook '/workspace/install/navigation/share/navigation/hook/path.sh'
[4.250s] Level 1:colcon.colcon_core.environment:checking '/workspace/install/navigation/lib/pkgconfig/navigation.pc'
[4.250s] Level 1:colcon.colcon_core.environment:checking '/workspace/install/navigation/lib/python3.10/site-packages'
[4.250s] Level 1:colcon.colcon_core.shell:create_environment_hook('navigation', 'pythonpath')
[4.251s] INFO:colcon.colcon_core.shell:Creating environment hook '/workspace/install/navigation/share/navigation/hook/pythonpath.ps1'
[4.251s] INFO:colcon.colcon_core.shell:Creating environment descriptor '/workspace/install/navigation/share/navigation/hook/pythonpath.dsv'
[4.251s] INFO:colcon.colcon_core.shell:Creating environment hook '/workspace/install/navigation/share/navigation/hook/pythonpath.sh'
[4.252s] Level 1:colcon.colcon_core.environment:checking '/workspace/install/navigation/bin'
[4.252s] Level 1:colcon.colcon_core.shell:create_environment_hook('navigation', 'pythonscriptspath')
[4.253s] INFO:colcon.colcon_core.shell:Creating environment hook '/workspace/install/navigation/share/navigation/hook/pythonscriptspath.ps1'
[4.253s] INFO:colcon.colcon_core.shell:Creating environment descriptor '/workspace/install/navigation/share/navigation/hook/pythonscriptspath.dsv'
[4.253s] INFO:colcon.colcon_core.shell:Creating environment hook '/workspace/install/navigation/share/navigation/hook/pythonscriptspath.sh'
[4.254s] Level 1:colcon.colcon_core.environment:create_environment_scripts_only(navigation)
[4.254s] INFO:colcon.colcon_core.shell:Creating package script '/workspace/install/navigation/share/navigation/package.ps1'
[4.255s] INFO:colcon.colcon_core.shell:Creating package descriptor '/workspace/install/navigation/share/navigation/package.dsv'
[4.255s] INFO:colcon.colcon_core.shell:Creating package script '/workspace/install/navigation/share/navigation/package.sh'
[4.256s] INFO:colcon.colcon_core.shell:Creating package script '/workspace/install/navigation/share/navigation/package.bash'
[4.256s] INFO:colcon.colcon_core.shell:Creating package script '/workspace/install/navigation/share/navigation/package.zsh'
[4.257s] Level 1:colcon.colcon_core.environment:create_file_with_runtime_dependencies(/workspace/install/navigation/share/colcon-core/packages/navigation)
[4.257s] INFO:colcon.colcon_ros.task.ament_python.build:Building ROS package in '/workspace/src/robot_bringup' with build type 'ament_python'
[4.257s] Level 1:colcon.colcon_core.shell:create_environment_hook('robot_bringup', 'ament_prefix_path')
[4.258s] INFO:colcon.colcon_core.shell:Creating environment hook '/workspace/install/robot_bringup/share/robot_bringup/hook/ament_prefix_path.ps1'
[4.258s] INFO:colcon.colcon_core.shell:Creating environment descriptor '/workspace/install/robot_bringup/share/robot_bringup/hook/ament_prefix_path.dsv'
[4.259s] INFO:colcon.colcon_core.shell:Creating environment hook '/workspace/install/robot_bringup/share/robot_bringup/hook/ament_prefix_path.sh'
[4.260s] INFO:colcon.colcon_core.shell:Skip shell extension 'powershell' for command environment: Not usable outside of PowerShell
[4.260s] DEBUG:colcon.colcon_core.shell:Skip shell extension 'dsv' for command environment
[4.533s] INFO:colcon.colcon_core.task.python.build:Building Python package in '/workspace/src/robot_bringup'
[4.533s] INFO:colcon.colcon_core.shell:Skip shell extension 'powershell' for command environment: Not usable outside of PowerShell
[4.533s] DEBUG:colcon.colcon_core.shell:Skip shell extension 'dsv' for command environment
[4.928s] DEBUG:colcon.colcon_core.event_handler.log_command:Invoking command in '/workspace/build/robot_bringup': AMENT_PREFIX_PATH=/workspace/install/vision:/workspace/install/navigation:/workspace/install/robot_bringup:/workspace/install/strategy:/app/install/camera_ros:/opt/microros_ws/install/micro_ros_agent:/opt/microros_ws/install/micro_ros_msgs:/opt/ros/humble PATH=/workspace/install/vision/bin:/workspace/install/navigation/bin:/workspace/install/strategy/bin:/opt/ros/humble/bin:/usr/local/sbin:/usr/local/bin:/usr/sbin:/usr/bin:/sbin:/bin PYTHONPATH=/workspace/build/robot_bringup/prefix_override:/usr/lib/python3/dist-packages/colcon_core/task/python/colcon_distutils_commands:/workspace/install/robot_bringup/lib/python3.10/site-packages:/workspace/build/vision:/workspace/install/vision/lib/python3.10/site-packages:/workspace/build/navigation:/workspace/install/navigation/lib/python3.10/site-packages:/workspace/build/robot_bringup:/workspace/install/robot_bringup/lib/python3.10/site-packages:/workspace/build/strategy:/workspace/install/strategy/lib/python3.10/site-packages:/opt/microros_ws/install/micro_ros_msgs/local/lib/python3.10/dist-packages:/opt/ros/humble/lib/python3.10/site-packages:/opt/ros/humble/local/lib/python3.10/dist-packages /usr/bin/python3 -W ignore:setup.py install is deprecated -W ignore:easy_install command is deprecated setup.py develop --editable --build-directory /workspace/build/robot_bringup/build --no-deps symlink_data
[5.355s] Level 1:colcon.colcon_core.shell:create_environment_hook('robot_bringup', 'pythonpath_develop')
[5.356s] INFO:colcon.colcon_core.shell:Creating environment hook '/workspace/build/robot_bringup/share/robot_bringup/hook/pythonpath_develop.ps1'
[5.357s] DEBUG:colcon.colcon_core.event_handler.log_command:Invoked command in '/workspace/build/robot_bringup' returned '0': AMENT_PREFIX_PATH=/workspace/install/vision:/workspace/install/navigation:/workspace/install/robot_bringup:/workspace/install/strategy:/app/install/camera_ros:/opt/microros_ws/install/micro_ros_agent:/opt/microros_ws/install/micro_ros_msgs:/opt/ros/humble PATH=/workspace/install/vision/bin:/workspace/install/navigation/bin:/workspace/install/strategy/bin:/opt/ros/humble/bin:/usr/local/sbin:/usr/local/bin:/usr/sbin:/usr/bin:/sbin:/bin PYTHONPATH=/workspace/build/robot_bringup/prefix_override:/usr/lib/python3/dist-packages/colcon_core/task/python/colcon_distutils_commands:/workspace/install/robot_bringup/lib/python3.10/site-packages:/workspace/build/vision:/workspace/install/vision/lib/python3.10/site-packages:/workspace/build/navigation:/workspace/install/navigation/lib/python3.10/site-packages:/workspace/build/robot_bringup:/workspace/install/robot_bringup/lib/python3.10/site-packages:/workspace/build/strategy:/workspace/install/strategy/lib/python3.10/site-packages:/opt/microros_ws/install/micro_ros_msgs/local/lib/python3.10/dist-packages:/opt/ros/humble/lib/python3.10/site-packages:/opt/ros/humble/local/lib/python3.10/dist-packages /usr/bin/python3 -W ignore:setup.py install is deprecated -W ignore:easy_install command is deprecated setup.py develop --editable --build-directory /workspace/build/robot_bringup/build --no-deps symlink_data
[5.357s] INFO:colcon.colcon_core.shell:Creating environment descriptor '/workspace/build/robot_bringup/share/robot_bringup/hook/pythonpath_develop.dsv'
[5.357s] INFO:colcon.colcon_core.shell:Creating environment hook '/workspace/build/robot_bringup/share/robot_bringup/hook/pythonpath_develop.sh'
[5.358s] Level 1:colcon.colcon_core.environment:checking '/workspace/install/robot_bringup' for CMake module files
[5.358s] Level 1:colcon.colcon_core.environment:checking '/workspace/install/robot_bringup' for CMake config files
[5.359s] Level 1:colcon.colcon_core.environment:checking '/workspace/install/robot_bringup/lib'
[5.359s] Level 1:colcon.colcon_core.environment:checking '/workspace/install/robot_bringup/bin'
[5.359s] Level 1:colcon.colcon_core.environment:checking '/workspace/install/robot_bringup/lib/pkgconfig/robot_bringup.pc'
[5.359s] Level 1:colcon.colcon_core.environment:checking '/workspace/install/robot_bringup/lib/python3.10/site-packages'
[5.359s] Level 1:colcon.colcon_core.shell:create_environment_hook('robot_bringup', 'pythonpath')
[5.360s] INFO:colcon.colcon_core.shell:Creating environment hook '/workspace/install/robot_bringup/share/robot_bringup/hook/pythonpath.ps1'
[5.360s] INFO:colcon.colcon_core.shell:Creating environment descriptor '/workspace/install/robot_bringup/share/robot_bringup/hook/pythonpath.dsv'
[5.361s] INFO:colcon.colcon_core.shell:Creating environment hook '/workspace/install/robot_bringup/share/robot_bringup/hook/pythonpath.sh'
[5.361s] Level 1:colcon.colcon_core.environment:checking '/workspace/install/robot_bringup/bin'
[5.361s] Level 1:colcon.colcon_core.environment:create_environment_scripts_only(robot_bringup)
[5.362s] INFO:colcon.colcon_core.shell:Creating package script '/workspace/install/robot_bringup/share/robot_bringup/package.ps1'
[5.362s] INFO:colcon.colcon_core.shell:Creating package descriptor '/workspace/install/robot_bringup/share/robot_bringup/package.dsv'
[5.363s] INFO:colcon.colcon_core.shell:Creating package script '/workspace/install/robot_bringup/share/robot_bringup/package.sh'
[5.363s] INFO:colcon.colcon_core.shell:Creating package script '/workspace/install/robot_bringup/share/robot_bringup/package.bash'
[5.364s] INFO:colcon.colcon_core.shell:Creating package script '/workspace/install/robot_bringup/share/robot_bringup/package.zsh'
[5.364s] Level 1:colcon.colcon_core.environment:create_file_with_runtime_dependencies(/workspace/install/robot_bringup/share/colcon-core/packages/robot_bringup)
[5.364s] DEBUG:colcon.colcon_parallel_executor.executor.parallel:closing loop
[5.365s] DEBUG:colcon.colcon_parallel_executor.executor.parallel:loop closed
[5.365s] DEBUG:colcon.colcon_parallel_executor.executor.parallel:run_until_complete finished with '0'
[5.365s] DEBUG:colcon.colcon_core.event_reactor:joining thread
[5.381s] INFO:colcon.colcon_core.plugin_system:Skipping extension 'colcon_notification.desktop_notification.notify_send': Could not find 'notify-send'
[5.382s] INFO:colcon.colcon_core.plugin_system:Skipping extension 'colcon_notification.desktop_notification.terminal_notifier': Not used on non-Darwin systems
[5.382s] INFO:colcon.colcon_core.plugin_system:Skipping extension 'colcon_notification.desktop_notification.win32': Not used on non-Windows systems
[5.382s] INFO:colcon.colcon_notification.desktop_notification:Sending desktop notification using 'notify2'
[5.384s] DEBUG:colcon.colcon_notification.desktop_notification.notify2:Failed to initialize notify2: org.freedesktop.DBus.Error.Spawn.ExecFailed: /usr/bin/dbus-launch terminated abnormally without any error message
[5.385s] DEBUG:colcon.colcon_core.event_reactor:joined thread
[5.385s] INFO:colcon.colcon_core.shell:Creating prefix script '/workspace/install/local_setup.ps1'
[5.387s] INFO:colcon.colcon_core.shell:Creating prefix util module '/workspace/install/_local_setup_util_ps1.py'
[5.389s] INFO:colcon.colcon_core.shell:Creating prefix chain script '/workspace/install/setup.ps1'
[5.391s] INFO:colcon.colcon_core.shell:Creating prefix script '/workspace/install/local_setup.sh'
[5.392s] INFO:colcon.colcon_core.shell:Creating prefix util module '/workspace/install/_local_setup_util_sh.py'
[5.392s] INFO:colcon.colcon_core.shell:Creating prefix chain script '/workspace/install/setup.sh'
[5.394s] INFO:colcon.colcon_core.shell:Creating prefix script '/workspace/install/local_setup.bash'
[5.395s] INFO:colcon.colcon_core.shell:Creating prefix chain script '/workspace/install/setup.bash'
[5.418s] INFO:colcon.colcon_core.shell:Creating prefix script '/workspace/install/local_setup.zsh'
[5.419s] INFO:colcon.colcon_core.shell:Creating prefix chain script '/workspace/install/setup.zsh'
