[0.181s] DEBUG:colcon:Command line arguments: ['/usr/bin/colcon', 'build', '--symlink-install', '--packages-select', 'robot_bringup', 'navigation', 'vision']
[0.181s] DEBUG:colcon:Parsed command line arguments: Namespace(log_base=None, log_level=None, verb_name='build', build_base='build', install_base='install', merge_install=False, symlink_install=True, test_result_base=None, continue_on_error=False, executor='parallel', parallel_workers=4, event_handlers=None, ignore_user_meta=False, metas=['./colcon.meta'], base_paths=['.'], packages_ignore=None, packages_ignore_regex=None, paths=None, packages_up_to=None, packages_up_to_regex=None, packages_above=None, packages_above_and_dependencies=None, packages_above_depth=None, packages_select_by_dep=None, packages_skip_by_dep=None, packages_skip_up_to=None, packages_select_build_failed=False, packages_skip_build_finished=False, packages_select_test_failures=False, packages_skip_test_passed=False, packages_select=['robot_bringup', 'navigation', 'vision'], packages_skip=None, packages_select_regex=None, packages_skip_regex=None, packages_start=None, packages_end=None, cmake_args=None, cmake_target=None, cmake_target_skip_unavailable=False, cmake_clean_cache=False, cmake_clean_first=False, cmake_force_configure=False, ament_cmake_args=None, catkin_cmake_args=None, catkin_skip_building_tests=False, mixin_files=None, mixin=None, verb_parser=<colcon_mixin.mixin.mixin_argument.MixinArgumentDecorator object at 0x7fff5c2b6b00>, verb_extension=<colcon_core.verb.build.BuildVerb object at 0x7fff5c40ba00>, main=<bound method BuildVerb.main of <colcon_core.verb.build.BuildVerb object at 0x7fff5c40ba00>>, mixin_verb=('build',))
[0.402s] Level 1:colcon.colcon_core.package_discovery:discover_packages(colcon_meta) check parameters
[0.402s] Level 1:colcon.colcon_core.package_discovery:discover_packages(recursive) check parameters
[0.402s] Level 1:colcon.colcon_core.package_discovery:discover_packages(ignore) check parameters
[0.402s] Level 1:colcon.colcon_core.package_discovery:discover_packages(path) check parameters
[0.402s] Level 1:colcon.colcon_core.package_discovery:discover_packages(colcon_meta) discover
[0.403s] Level 1:colcon.colcon_core.package_discovery:discover_packages(recursive) discover
[0.403s] INFO:colcon.colcon_core.package_discovery:Crawling recursively for packages in '/workspace'
[0.403s] Level 1:colcon.colcon_core.package_identification:_identify(.) by extensions ['ignore', 'ignore_ament_install']
[0.403s] Level 1:colcon.colcon_core.package_identification:_identify(.) by extension 'ignore'
[0.403s] Level 1:colcon.colcon_core.package_identification:_identify(.) by extension 'ignore_ament_install'
[0.403s] Level 1:colcon.colcon_core.package_identification:_identify(.) by extensions ['colcon_pkg']
[0.403s] Level 1:colcon.colcon_core.package_identification:_identify(.) by extension 'colcon_pkg'
[0.403s] Level 1:colcon.colcon_core.package_identification:_identify(.) by extensions ['colcon_meta']
[0.403s] Level 1:colcon.colcon_core.package_identification:_identify(.) by extension 'colcon_meta'
[0.403s] Level 1:colcon.colcon_core.package_identification:_identify(.) by extensions ['ros']
[0.403s] Level 1:colcon.colcon_core.package_identification:_identify(.) by extension 'ros'
[0.431s] Level 1:colcon.colcon_core.package_identification:_identify(.) by extensions ['cmake', 'python']
[0.431s] Level 1:colcon.colcon_core.package_identification:_identify(.) by extension 'cmake'
[0.431s] Level 1:colcon.colcon_core.package_identification:_identify(.) by extension 'python'
[0.431s] Level 1:colcon.colcon_core.package_identification:_identify(.) by extensions ['python_setup_py']
[0.431s] Level 1:colcon.colcon_core.package_identification:_identify(.) by extension 'python_setup_py'
[0.431s] Level 1:colcon.colcon_core.package_identification:_identify(build) by extensions ['ignore', 'ignore_ament_install']
[0.432s] Level 1:colcon.colcon_core.package_identification:_identify(build) by extension 'ignore'
[0.432s] Level 1:colcon.colcon_core.package_identification:_identify(build) ignored
[0.432s] Level 1:colcon.colcon_core.package_identification:_identify(docker) by extensions ['ignore', 'ignore_ament_install']
[0.432s] Level 1:colcon.colcon_core.package_identification:_identify(docker) by extension 'ignore'
[0.432s] Level 1:colcon.colcon_core.package_identification:_identify(docker) by extension 'ignore_ament_install'
[0.432s] Level 1:colcon.colcon_core.package_identification:_identify(docker) by extensions ['colcon_pkg']
[0.432s] Level 1:colcon.colcon_core.package_identification:_identify(docker) by extension 'colcon_pkg'
[0.432s] Level 1:colcon.colcon_core.package_identification:_identify(docker) by extensions ['colcon_meta']
[0.432s] Level 1:colcon.colcon_core.package_identification:_identify(docker) by extension 'colcon_meta'
[0.432s] Level 1:colcon.colcon_core.package_identification:_identify(docker) by extensions ['ros']
[0.432s] Level 1:colcon.colcon_core.package_identification:_identify(docker) by extension 'ros'
[0.432s] Level 1:colcon.colcon_core.package_identification:_identify(docker) by extensions ['cmake', 'python']
[0.432s] Level 1:colcon.colcon_core.package_identification:_identify(docker) by extension 'cmake'
[0.432s] Level 1:colcon.colcon_core.package_identification:_identify(docker) by extension 'python'
[0.432s] Level 1:colcon.colcon_core.package_identification:_identify(docker) by extensions ['python_setup_py']
[0.432s] Level 1:colcon.colcon_core.package_identification:_identify(docker) by extension 'python_setup_py'
[0.432s] Level 1:colcon.colcon_core.package_identification:_identify(docs) by extensions ['ignore', 'ignore_ament_install']
[0.432s] Level 1:colcon.colcon_core.package_identification:_identify(docs) by extension 'ignore'
[0.433s] Level 1:colcon.colcon_core.package_identification:_identify(docs) by extension 'ignore_ament_install'
[0.433s] Level 1:colcon.colcon_core.package_identification:_identify(docs) by extensions ['colcon_pkg']
[0.433s] Level 1:colcon.colcon_core.package_identification:_identify(docs) by extension 'colcon_pkg'
[0.433s] Level 1:colcon.colcon_core.package_identification:_identify(docs) by extensions ['colcon_meta']
[0.433s] Level 1:colcon.colcon_core.package_identification:_identify(docs) by extension 'colcon_meta'
[0.433s] Level 1:colcon.colcon_core.package_identification:_identify(docs) by extensions ['ros']
[0.433s] Level 1:colcon.colcon_core.package_identification:_identify(docs) by extension 'ros'
[0.433s] Level 1:colcon.colcon_core.package_identification:_identify(docs) by extensions ['cmake', 'python']
[0.433s] Level 1:colcon.colcon_core.package_identification:_identify(docs) by extension 'cmake'
[0.433s] Level 1:colcon.colcon_core.package_identification:_identify(docs) by extension 'python'
[0.433s] Level 1:colcon.colcon_core.package_identification:_identify(docs) by extensions ['python_setup_py']
[0.433s] Level 1:colcon.colcon_core.package_identification:_identify(docs) by extension 'python_setup_py'
[0.433s] Level 1:colcon.colcon_core.package_identification:_identify(install) by extensions ['ignore', 'ignore_ament_install']
[0.433s] Level 1:colcon.colcon_core.package_identification:_identify(install) by extension 'ignore'
[0.433s] Level 1:colcon.colcon_core.package_identification:_identify(install) ignored
[0.433s] Level 1:colcon.colcon_core.package_identification:_identify(log) by extensions ['ignore', 'ignore_ament_install']
[0.433s] Level 1:colcon.colcon_core.package_identification:_identify(log) by extension 'ignore'
[0.433s] Level 1:colcon.colcon_core.package_identification:_identify(log) ignored
[0.433s] Level 1:colcon.colcon_core.package_identification:_identify(src) by extensions ['ignore', 'ignore_ament_install']
[0.433s] Level 1:colcon.colcon_core.package_identification:_identify(src) by extension 'ignore'
[0.434s] Level 1:colcon.colcon_core.package_identification:_identify(src) by extension 'ignore_ament_install'
[0.434s] Level 1:colcon.colcon_core.package_identification:_identify(src) by extensions ['colcon_pkg']
[0.434s] Level 1:colcon.colcon_core.package_identification:_identify(src) by extension 'colcon_pkg'
[0.434s] Level 1:colcon.colcon_core.package_identification:_identify(src) by extensions ['colcon_meta']
[0.434s] Level 1:colcon.colcon_core.package_identification:_identify(src) by extension 'colcon_meta'
[0.434s] Level 1:colcon.colcon_core.package_identification:_identify(src) by extensions ['ros']
[0.434s] Level 1:colcon.colcon_core.package_identification:_identify(src) by extension 'ros'
[0.434s] Level 1:colcon.colcon_core.package_identification:_identify(src) by extensions ['cmake', 'python']
[0.434s] Level 1:colcon.colcon_core.package_identification:_identify(src) by extension 'cmake'
[0.434s] Level 1:colcon.colcon_core.package_identification:_identify(src) by extension 'python'
[0.434s] Level 1:colcon.colcon_core.package_identification:_identify(src) by extensions ['python_setup_py']
[0.434s] Level 1:colcon.colcon_core.package_identification:_identify(src) by extension 'python_setup_py'
[0.434s] Level 1:colcon.colcon_core.package_identification:_identify(src/communication) by extensions ['ignore', 'ignore_ament_install']
[0.434s] Level 1:colcon.colcon_core.package_identification:_identify(src/communication) by extension 'ignore'
[0.434s] Level 1:colcon.colcon_core.package_identification:_identify(src/communication) by extension 'ignore_ament_install'
[0.434s] Level 1:colcon.colcon_core.package_identification:_identify(src/communication) by extensions ['colcon_pkg']
[0.434s] Level 1:colcon.colcon_core.package_identification:_identify(src/communication) by extension 'colcon_pkg'
[0.434s] Level 1:colcon.colcon_core.package_identification:_identify(src/communication) by extensions ['colcon_meta']
[0.434s] Level 1:colcon.colcon_core.package_identification:_identify(src/communication) by extension 'colcon_meta'
[0.434s] Level 1:colcon.colcon_core.package_identification:_identify(src/communication) by extensions ['ros']
[0.434s] Level 1:colcon.colcon_core.package_identification:_identify(src/communication) by extension 'ros'
[0.436s] DEBUG:colcon.colcon_core.package_identification:Failed to parse potential ROS package manifest in'src/communication': Error(s) in package 'src/communication/package.xml':
The manifest contains invalid XML:
no element found: line 1, column 0
[0.436s] Level 1:colcon.colcon_core.package_identification:_identify(src/communication) by extensions ['cmake', 'python']
[0.436s] Level 1:colcon.colcon_core.package_identification:_identify(src/communication) by extension 'cmake'
[0.436s] Level 1:colcon.colcon_core.package_identification:_identify(src/communication) by extension 'python'
[0.436s] Level 1:colcon.colcon_core.package_identification:_identify(src/communication) by extensions ['python_setup_py']
[0.436s] Level 1:colcon.colcon_core.package_identification:_identify(src/communication) by extension 'python_setup_py'
[0.700s] ERROR:colcon.colcon_core.package_identification:Exception in package identification extension 'python_setup_py' in 'src/communication': Command '['/usr/bin/python3', '-c', 'import sys;from contextlib import suppress;exec("with suppress(ImportError):    from setuptools.extern.packaging.specifiers    import SpecifierSet");exec("with suppress(ImportError):    from packaging.specifiers import SpecifierSet");from distutils.core import run_setup;dist = run_setup(    \'setup.py\', script_args=(\'--dry-run\',), stop_after=\'config\');skip_keys = (\'cmdclass\', \'distclass\', \'ext_modules\', \'metadata\');data = {    key: value for key, value in dist.__dict__.items()     if (        not key.startswith(\'_\') and         not callable(value) and         key not in skip_keys and         key not in dist.display_option_names    )};data[\'metadata\'] = {    k: v for k, v in dist.metadata.__dict__.items()     if k not in (\'license_files\', \'provides_extras\')};sys.stdout.buffer.write(repr(data).encode(\'utf-8\'))']' returned non-zero exit status 1.
Traceback (most recent call last):
  File "/usr/lib/python3/dist-packages/colcon_core/package_identification/__init__.py", line 144, in _identify
    retval = extension.identify(_reused_descriptor_instance)
  File "/usr/lib/python3/dist-packages/colcon_python_setup_py/package_identification/python_setup_py.py", line 48, in identify
    config = get_setup_information(setup_py)
  File "/usr/lib/python3/dist-packages/colcon_python_setup_py/package_identification/python_setup_py.py", line 249, in get_setup_information
    _setup_information_cache[hashable_env] = _get_setup_information(
  File "/usr/lib/python3/dist-packages/colcon_python_setup_py/package_identification/python_setup_py.py", line 296, in _get_setup_information
    result = subprocess.run(
  File "/usr/lib/python3.10/subprocess.py", line 526, in run
    raise CalledProcessError(retcode, process.args,
subprocess.CalledProcessError: Command '['/usr/bin/python3', '-c', 'import sys;from contextlib import suppress;exec("with suppress(ImportError):    from setuptools.extern.packaging.specifiers    import SpecifierSet");exec("with suppress(ImportError):    from packaging.specifiers import SpecifierSet");from distutils.core import run_setup;dist = run_setup(    \'setup.py\', script_args=(\'--dry-run\',), stop_after=\'config\');skip_keys = (\'cmdclass\', \'distclass\', \'ext_modules\', \'metadata\');data = {    key: value for key, value in dist.__dict__.items()     if (        not key.startswith(\'_\') and         not callable(value) and         key not in skip_keys and         key not in dist.display_option_names    )};data[\'metadata\'] = {    k: v for k, v in dist.metadata.__dict__.items()     if k not in (\'license_files\', \'provides_extras\')};sys.stdout.buffer.write(repr(data).encode(\'utf-8\'))']' returned non-zero exit status 1.

[0.701s] Level 1:colcon.colcon_core.package_identification:_identify(src/communication/communication) by extensions ['ignore', 'ignore_ament_install']
[0.701s] Level 1:colcon.colcon_core.package_identification:_identify(src/communication/communication) by extension 'ignore'
[0.701s] Level 1:colcon.colcon_core.package_identification:_identify(src/communication/communication) by extension 'ignore_ament_install'
[0.701s] Level 1:colcon.colcon_core.package_identification:_identify(src/communication/communication) by extensions ['colcon_pkg']
[0.701s] Level 1:colcon.colcon_core.package_identification:_identify(src/communication/communication) by extension 'colcon_pkg'
[0.701s] Level 1:colcon.colcon_core.package_identification:_identify(src/communication/communication) by extensions ['colcon_meta']
[0.701s] Level 1:colcon.colcon_core.package_identification:_identify(src/communication/communication) by extension 'colcon_meta'
[0.701s] Level 1:colcon.colcon_core.package_identification:_identify(src/communication/communication) by extensions ['ros']
[0.701s] Level 1:colcon.colcon_core.package_identification:_identify(src/communication/communication) by extension 'ros'
[0.701s] Level 1:colcon.colcon_core.package_identification:_identify(src/communication/communication) by extensions ['cmake', 'python']
[0.701s] Level 1:colcon.colcon_core.package_identification:_identify(src/communication/communication) by extension 'cmake'
[0.701s] Level 1:colcon.colcon_core.package_identification:_identify(src/communication/communication) by extension 'python'
[0.702s] Level 1:colcon.colcon_core.package_identification:_identify(src/communication/communication) by extensions ['python_setup_py']
[0.702s] Level 1:colcon.colcon_core.package_identification:_identify(src/communication/communication) by extension 'python_setup_py'
[0.702s] Level 1:colcon.colcon_core.package_identification:_identify(src/communication/config) by extensions ['ignore', 'ignore_ament_install']
[0.702s] Level 1:colcon.colcon_core.package_identification:_identify(src/communication/config) by extension 'ignore'
[0.702s] Level 1:colcon.colcon_core.package_identification:_identify(src/communication/config) by extension 'ignore_ament_install'
[0.702s] Level 1:colcon.colcon_core.package_identification:_identify(src/communication/config) by extensions ['colcon_pkg']
[0.702s] Level 1:colcon.colcon_core.package_identification:_identify(src/communication/config) by extension 'colcon_pkg'
[0.702s] Level 1:colcon.colcon_core.package_identification:_identify(src/communication/config) by extensions ['colcon_meta']
[0.702s] Level 1:colcon.colcon_core.package_identification:_identify(src/communication/config) by extension 'colcon_meta'
[0.702s] Level 1:colcon.colcon_core.package_identification:_identify(src/communication/config) by extensions ['ros']
[0.702s] Level 1:colcon.colcon_core.package_identification:_identify(src/communication/config) by extension 'ros'
[0.702s] Level 1:colcon.colcon_core.package_identification:_identify(src/communication/config) by extensions ['cmake', 'python']
[0.702s] Level 1:colcon.colcon_core.package_identification:_identify(src/communication/config) by extension 'cmake'
[0.702s] Level 1:colcon.colcon_core.package_identification:_identify(src/communication/config) by extension 'python'
[0.702s] Level 1:colcon.colcon_core.package_identification:_identify(src/communication/config) by extensions ['python_setup_py']
[0.702s] Level 1:colcon.colcon_core.package_identification:_identify(src/communication/config) by extension 'python_setup_py'
[0.702s] Level 1:colcon.colcon_core.package_identification:_identify(src/communication/launch) by extensions ['ignore', 'ignore_ament_install']
[0.702s] Level 1:colcon.colcon_core.package_identification:_identify(src/communication/launch) by extension 'ignore'
[0.702s] Level 1:colcon.colcon_core.package_identification:_identify(src/communication/launch) by extension 'ignore_ament_install'
[0.702s] Level 1:colcon.colcon_core.package_identification:_identify(src/communication/launch) by extensions ['colcon_pkg']
[0.703s] Level 1:colcon.colcon_core.package_identification:_identify(src/communication/launch) by extension 'colcon_pkg'
[0.703s] Level 1:colcon.colcon_core.package_identification:_identify(src/communication/launch) by extensions ['colcon_meta']
[0.703s] Level 1:colcon.colcon_core.package_identification:_identify(src/communication/launch) by extension 'colcon_meta'
[0.703s] Level 1:colcon.colcon_core.package_identification:_identify(src/communication/launch) by extensions ['ros']
[0.703s] Level 1:colcon.colcon_core.package_identification:_identify(src/communication/launch) by extension 'ros'
[0.703s] Level 1:colcon.colcon_core.package_identification:_identify(src/communication/launch) by extensions ['cmake', 'python']
[0.703s] Level 1:colcon.colcon_core.package_identification:_identify(src/communication/launch) by extension 'cmake'
[0.703s] Level 1:colcon.colcon_core.package_identification:_identify(src/communication/launch) by extension 'python'
[0.703s] Level 1:colcon.colcon_core.package_identification:_identify(src/communication/launch) by extensions ['python_setup_py']
[0.703s] Level 1:colcon.colcon_core.package_identification:_identify(src/communication/launch) by extension 'python_setup_py'
[0.703s] Level 1:colcon.colcon_core.package_identification:_identify(src/navigation) by extensions ['ignore', 'ignore_ament_install']
[0.703s] Level 1:colcon.colcon_core.package_identification:_identify(src/navigation) by extension 'ignore'
[0.703s] Level 1:colcon.colcon_core.package_identification:_identify(src/navigation) by extension 'ignore_ament_install'
[0.703s] Level 1:colcon.colcon_core.package_identification:_identify(src/navigation) by extensions ['colcon_pkg']
[0.703s] Level 1:colcon.colcon_core.package_identification:_identify(src/navigation) by extension 'colcon_pkg'
[0.703s] Level 1:colcon.colcon_core.package_identification:_identify(src/navigation) by extensions ['colcon_meta']
[0.703s] Level 1:colcon.colcon_core.package_identification:_identify(src/navigation) by extension 'colcon_meta'
[0.703s] Level 1:colcon.colcon_core.package_identification:_identify(src/navigation) by extensions ['ros']
[0.703s] Level 1:colcon.colcon_core.package_identification:_identify(src/navigation) by extension 'ros'
[0.706s] DEBUG:colcon.colcon_core.package_identification:Package 'src/navigation' with type 'ros.ament_python' and name 'navigation'
[0.706s] Level 1:colcon.colcon_core.package_identification:_identify(src/robot_bringup) by extensions ['ignore', 'ignore_ament_install']
[0.706s] Level 1:colcon.colcon_core.package_identification:_identify(src/robot_bringup) by extension 'ignore'
[0.706s] Level 1:colcon.colcon_core.package_identification:_identify(src/robot_bringup) by extension 'ignore_ament_install'
[0.707s] Level 1:colcon.colcon_core.package_identification:_identify(src/robot_bringup) by extensions ['colcon_pkg']
[0.707s] Level 1:colcon.colcon_core.package_identification:_identify(src/robot_bringup) by extension 'colcon_pkg'
[0.707s] Level 1:colcon.colcon_core.package_identification:_identify(src/robot_bringup) by extensions ['colcon_meta']
[0.707s] Level 1:colcon.colcon_core.package_identification:_identify(src/robot_bringup) by extension 'colcon_meta'
[0.707s] Level 1:colcon.colcon_core.package_identification:_identify(src/robot_bringup) by extensions ['ros']
[0.707s] Level 1:colcon.colcon_core.package_identification:_identify(src/robot_bringup) by extension 'ros'
[0.707s] DEBUG:colcon.colcon_core.package_identification:Failed to parse potential ROS package manifest in'src/robot_bringup': Error(s) in package 'src/robot_bringup/package.xml':
The manifest contains invalid XML:
no element found: line 1, column 0
[0.707s] Level 1:colcon.colcon_core.package_identification:_identify(src/robot_bringup) by extensions ['cmake', 'python']
[0.707s] Level 1:colcon.colcon_core.package_identification:_identify(src/robot_bringup) by extension 'cmake'
[0.707s] Level 1:colcon.colcon_core.package_identification:_identify(src/robot_bringup) by extension 'python'
[0.707s] Level 1:colcon.colcon_core.package_identification:_identify(src/robot_bringup) by extensions ['python_setup_py']
[0.707s] Level 1:colcon.colcon_core.package_identification:_identify(src/robot_bringup) by extension 'python_setup_py'
[0.958s] DEBUG:colcon.colcon_core.package_identification:Package 'src/robot_bringup' with type 'python' and name 'robot_bringup'
[0.958s] Level 1:colcon.colcon_core.package_identification:_identify(src/robot_msgs) by extensions ['ignore', 'ignore_ament_install']
[0.958s] Level 1:colcon.colcon_core.package_identification:_identify(src/robot_msgs) by extension 'ignore'
[0.958s] Level 1:colcon.colcon_core.package_identification:_identify(src/robot_msgs) by extension 'ignore_ament_install'
[0.958s] Level 1:colcon.colcon_core.package_identification:_identify(src/robot_msgs) by extensions ['colcon_pkg']
[0.958s] Level 1:colcon.colcon_core.package_identification:_identify(src/robot_msgs) by extension 'colcon_pkg'
[0.958s] Level 1:colcon.colcon_core.package_identification:_identify(src/robot_msgs) by extensions ['colcon_meta']
[0.958s] Level 1:colcon.colcon_core.package_identification:_identify(src/robot_msgs) by extension 'colcon_meta'
[0.958s] Level 1:colcon.colcon_core.package_identification:_identify(src/robot_msgs) by extensions ['ros']
[0.958s] Level 1:colcon.colcon_core.package_identification:_identify(src/robot_msgs) by extension 'ros'
[0.958s] DEBUG:colcon.colcon_core.package_identification:Failed to parse potential ROS package manifest in'src/robot_msgs': Error(s) in package 'src/robot_msgs/package.xml':
The manifest contains invalid XML:
no element found: line 1, column 0
[0.959s] Level 1:colcon.colcon_core.package_identification:_identify(src/robot_msgs) by extensions ['cmake', 'python']
[0.959s] Level 1:colcon.colcon_core.package_identification:_identify(src/robot_msgs) by extension 'cmake'
[0.960s] Level 1:colcon.colcon_core.package_identification:_identify(src/robot_msgs) by extension 'python'
[0.960s] DEBUG:colcon.colcon_core.package_identification:Package 'src/robot_msgs' with type 'cmake' and name 'robot_msgs'
[0.960s] Level 1:colcon.colcon_core.package_identification:_identify(src/strategy) by extensions ['ignore', 'ignore_ament_install']
[0.960s] Level 1:colcon.colcon_core.package_identification:_identify(src/strategy) by extension 'ignore'
[0.960s] Level 1:colcon.colcon_core.package_identification:_identify(src/strategy) by extension 'ignore_ament_install'
[0.960s] Level 1:colcon.colcon_core.package_identification:_identify(src/strategy) by extensions ['colcon_pkg']
[0.960s] Level 1:colcon.colcon_core.package_identification:_identify(src/strategy) by extension 'colcon_pkg'
[0.960s] Level 1:colcon.colcon_core.package_identification:_identify(src/strategy) by extensions ['colcon_meta']
[0.960s] Level 1:colcon.colcon_core.package_identification:_identify(src/strategy) by extension 'colcon_meta'
[0.960s] Level 1:colcon.colcon_core.package_identification:_identify(src/strategy) by extensions ['ros']
[0.960s] Level 1:colcon.colcon_core.package_identification:_identify(src/strategy) by extension 'ros'
[0.961s] DEBUG:colcon.colcon_core.package_identification:Failed to parse potential ROS package manifest in'src/strategy': Error(s) in package 'src/strategy/package.xml':
The manifest contains invalid XML:
no element found: line 1, column 0
[0.961s] Level 1:colcon.colcon_core.package_identification:_identify(src/strategy) by extensions ['cmake', 'python']
[0.961s] Level 1:colcon.colcon_core.package_identification:_identify(src/strategy) by extension 'cmake'
[0.961s] Level 1:colcon.colcon_core.package_identification:_identify(src/strategy) by extension 'python'
[0.961s] Level 1:colcon.colcon_core.package_identification:_identify(src/strategy) by extensions ['python_setup_py']
[0.961s] Level 1:colcon.colcon_core.package_identification:_identify(src/strategy) by extension 'python_setup_py'
[1.183s] ERROR:colcon.colcon_core.package_identification:Exception in package identification extension 'python_setup_py' in 'src/strategy': Command '['/usr/bin/python3', '-c', 'import sys;from contextlib import suppress;exec("with suppress(ImportError):    from setuptools.extern.packaging.specifiers    import SpecifierSet");exec("with suppress(ImportError):    from packaging.specifiers import SpecifierSet");from distutils.core import run_setup;dist = run_setup(    \'setup.py\', script_args=(\'--dry-run\',), stop_after=\'config\');skip_keys = (\'cmdclass\', \'distclass\', \'ext_modules\', \'metadata\');data = {    key: value for key, value in dist.__dict__.items()     if (        not key.startswith(\'_\') and         not callable(value) and         key not in skip_keys and         key not in dist.display_option_names    )};data[\'metadata\'] = {    k: v for k, v in dist.metadata.__dict__.items()     if k not in (\'license_files\', \'provides_extras\')};sys.stdout.buffer.write(repr(data).encode(\'utf-8\'))']' returned non-zero exit status 1.
Traceback (most recent call last):
  File "/usr/lib/python3/dist-packages/colcon_core/package_identification/__init__.py", line 144, in _identify
    retval = extension.identify(_reused_descriptor_instance)
  File "/usr/lib/python3/dist-packages/colcon_python_setup_py/package_identification/python_setup_py.py", line 48, in identify
    config = get_setup_information(setup_py)
  File "/usr/lib/python3/dist-packages/colcon_python_setup_py/package_identification/python_setup_py.py", line 249, in get_setup_information
    _setup_information_cache[hashable_env] = _get_setup_information(
  File "/usr/lib/python3/dist-packages/colcon_python_setup_py/package_identification/python_setup_py.py", line 296, in _get_setup_information
    result = subprocess.run(
  File "/usr/lib/python3.10/subprocess.py", line 526, in run
    raise CalledProcessError(retcode, process.args,
subprocess.CalledProcessError: Command '['/usr/bin/python3', '-c', 'import sys;from contextlib import suppress;exec("with suppress(ImportError):    from setuptools.extern.packaging.specifiers    import SpecifierSet");exec("with suppress(ImportError):    from packaging.specifiers import SpecifierSet");from distutils.core import run_setup;dist = run_setup(    \'setup.py\', script_args=(\'--dry-run\',), stop_after=\'config\');skip_keys = (\'cmdclass\', \'distclass\', \'ext_modules\', \'metadata\');data = {    key: value for key, value in dist.__dict__.items()     if (        not key.startswith(\'_\') and         not callable(value) and         key not in skip_keys and         key not in dist.display_option_names    )};data[\'metadata\'] = {    k: v for k, v in dist.metadata.__dict__.items()     if k not in (\'license_files\', \'provides_extras\')};sys.stdout.buffer.write(repr(data).encode(\'utf-8\'))']' returned non-zero exit status 1.

[1.184s] Level 1:colcon.colcon_core.package_identification:_identify(src/strategy/config) by extensions ['ignore', 'ignore_ament_install']
[1.184s] Level 1:colcon.colcon_core.package_identification:_identify(src/strategy/config) by extension 'ignore'
[1.184s] Level 1:colcon.colcon_core.package_identification:_identify(src/strategy/config) by extension 'ignore_ament_install'
[1.184s] Level 1:colcon.colcon_core.package_identification:_identify(src/strategy/config) by extensions ['colcon_pkg']
[1.184s] Level 1:colcon.colcon_core.package_identification:_identify(src/strategy/config) by extension 'colcon_pkg'
[1.184s] Level 1:colcon.colcon_core.package_identification:_identify(src/strategy/config) by extensions ['colcon_meta']
[1.184s] Level 1:colcon.colcon_core.package_identification:_identify(src/strategy/config) by extension 'colcon_meta'
[1.185s] Level 1:colcon.colcon_core.package_identification:_identify(src/strategy/config) by extensions ['ros']
[1.185s] Level 1:colcon.colcon_core.package_identification:_identify(src/strategy/config) by extension 'ros'
[1.185s] Level 1:colcon.colcon_core.package_identification:_identify(src/strategy/config) by extensions ['cmake', 'python']
[1.185s] Level 1:colcon.colcon_core.package_identification:_identify(src/strategy/config) by extension 'cmake'
[1.185s] Level 1:colcon.colcon_core.package_identification:_identify(src/strategy/config) by extension 'python'
[1.185s] Level 1:colcon.colcon_core.package_identification:_identify(src/strategy/config) by extensions ['python_setup_py']
[1.185s] Level 1:colcon.colcon_core.package_identification:_identify(src/strategy/config) by extension 'python_setup_py'
[1.185s] Level 1:colcon.colcon_core.package_identification:_identify(src/strategy/launch) by extensions ['ignore', 'ignore_ament_install']
[1.185s] Level 1:colcon.colcon_core.package_identification:_identify(src/strategy/launch) by extension 'ignore'
[1.185s] Level 1:colcon.colcon_core.package_identification:_identify(src/strategy/launch) by extension 'ignore_ament_install'
[1.185s] Level 1:colcon.colcon_core.package_identification:_identify(src/strategy/launch) by extensions ['colcon_pkg']
[1.185s] Level 1:colcon.colcon_core.package_identification:_identify(src/strategy/launch) by extension 'colcon_pkg'
[1.185s] Level 1:colcon.colcon_core.package_identification:_identify(src/strategy/launch) by extensions ['colcon_meta']
[1.185s] Level 1:colcon.colcon_core.package_identification:_identify(src/strategy/launch) by extension 'colcon_meta'
[1.185s] Level 1:colcon.colcon_core.package_identification:_identify(src/strategy/launch) by extensions ['ros']
[1.185s] Level 1:colcon.colcon_core.package_identification:_identify(src/strategy/launch) by extension 'ros'
[1.185s] Level 1:colcon.colcon_core.package_identification:_identify(src/strategy/launch) by extensions ['cmake', 'python']
[1.185s] Level 1:colcon.colcon_core.package_identification:_identify(src/strategy/launch) by extension 'cmake'
[1.185s] Level 1:colcon.colcon_core.package_identification:_identify(src/strategy/launch) by extension 'python'
[1.185s] Level 1:colcon.colcon_core.package_identification:_identify(src/strategy/launch) by extensions ['python_setup_py']
[1.185s] Level 1:colcon.colcon_core.package_identification:_identify(src/strategy/launch) by extension 'python_setup_py'
[1.185s] Level 1:colcon.colcon_core.package_identification:_identify(src/strategy/strategy) by extensions ['ignore', 'ignore_ament_install']
[1.186s] Level 1:colcon.colcon_core.package_identification:_identify(src/strategy/strategy) by extension 'ignore'
[1.186s] Level 1:colcon.colcon_core.package_identification:_identify(src/strategy/strategy) by extension 'ignore_ament_install'
[1.186s] Level 1:colcon.colcon_core.package_identification:_identify(src/strategy/strategy) by extensions ['colcon_pkg']
[1.186s] Level 1:colcon.colcon_core.package_identification:_identify(src/strategy/strategy) by extension 'colcon_pkg'
[1.186s] Level 1:colcon.colcon_core.package_identification:_identify(src/strategy/strategy) by extensions ['colcon_meta']
[1.186s] Level 1:colcon.colcon_core.package_identification:_identify(src/strategy/strategy) by extension 'colcon_meta'
[1.186s] Level 1:colcon.colcon_core.package_identification:_identify(src/strategy/strategy) by extensions ['ros']
[1.186s] Level 1:colcon.colcon_core.package_identification:_identify(src/strategy/strategy) by extension 'ros'
[1.186s] Level 1:colcon.colcon_core.package_identification:_identify(src/strategy/strategy) by extensions ['cmake', 'python']
[1.186s] Level 1:colcon.colcon_core.package_identification:_identify(src/strategy/strategy) by extension 'cmake'
[1.186s] Level 1:colcon.colcon_core.package_identification:_identify(src/strategy/strategy) by extension 'python'
[1.186s] Level 1:colcon.colcon_core.package_identification:_identify(src/strategy/strategy) by extensions ['python_setup_py']
[1.186s] Level 1:colcon.colcon_core.package_identification:_identify(src/strategy/strategy) by extension 'python_setup_py'
[1.186s] Level 1:colcon.colcon_core.package_identification:_identify(src/teensy_control) by extensions ['ignore', 'ignore_ament_install']
[1.186s] Level 1:colcon.colcon_core.package_identification:_identify(src/teensy_control) by extension 'ignore'
[1.186s] Level 1:colcon.colcon_core.package_identification:_identify(src/teensy_control) by extension 'ignore_ament_install'
[1.186s] Level 1:colcon.colcon_core.package_identification:_identify(src/teensy_control) by extensions ['colcon_pkg']
[1.186s] Level 1:colcon.colcon_core.package_identification:_identify(src/teensy_control) by extension 'colcon_pkg'
[1.186s] Level 1:colcon.colcon_core.package_identification:_identify(src/teensy_control) by extensions ['colcon_meta']
[1.186s] Level 1:colcon.colcon_core.package_identification:_identify(src/teensy_control) by extension 'colcon_meta'
[1.186s] Level 1:colcon.colcon_core.package_identification:_identify(src/teensy_control) by extensions ['ros']
[1.186s] Level 1:colcon.colcon_core.package_identification:_identify(src/teensy_control) by extension 'ros'
[1.187s] DEBUG:colcon.colcon_core.package_identification:Failed to parse potential ROS package manifest in'src/teensy_control': Error(s) in package 'src/teensy_control/package.xml':
The manifest contains invalid XML:
no element found: line 1, column 0
[1.187s] Level 1:colcon.colcon_core.package_identification:_identify(src/teensy_control) by extensions ['cmake', 'python']
[1.187s] Level 1:colcon.colcon_core.package_identification:_identify(src/teensy_control) by extension 'cmake'
[1.187s] Level 1:colcon.colcon_core.package_identification:_identify(src/teensy_control) by extension 'python'
[1.187s] Level 1:colcon.colcon_core.package_identification:_identify(src/teensy_control) by extensions ['python_setup_py']
[1.187s] Level 1:colcon.colcon_core.package_identification:_identify(src/teensy_control) by extension 'python_setup_py'
[1.416s] ERROR:colcon.colcon_core.package_identification:Exception in package identification extension 'python_setup_py' in 'src/teensy_control': Command '['/usr/bin/python3', '-c', 'import sys;from contextlib import suppress;exec("with suppress(ImportError):    from setuptools.extern.packaging.specifiers    import SpecifierSet");exec("with suppress(ImportError):    from packaging.specifiers import SpecifierSet");from distutils.core import run_setup;dist = run_setup(    \'setup.py\', script_args=(\'--dry-run\',), stop_after=\'config\');skip_keys = (\'cmdclass\', \'distclass\', \'ext_modules\', \'metadata\');data = {    key: value for key, value in dist.__dict__.items()     if (        not key.startswith(\'_\') and         not callable(value) and         key not in skip_keys and         key not in dist.display_option_names    )};data[\'metadata\'] = {    k: v for k, v in dist.metadata.__dict__.items()     if k not in (\'license_files\', \'provides_extras\')};sys.stdout.buffer.write(repr(data).encode(\'utf-8\'))']' returned non-zero exit status 1.
Traceback (most recent call last):
  File "/usr/lib/python3/dist-packages/colcon_core/package_identification/__init__.py", line 144, in _identify
    retval = extension.identify(_reused_descriptor_instance)
  File "/usr/lib/python3/dist-packages/colcon_python_setup_py/package_identification/python_setup_py.py", line 48, in identify
    config = get_setup_information(setup_py)
  File "/usr/lib/python3/dist-packages/colcon_python_setup_py/package_identification/python_setup_py.py", line 249, in get_setup_information
    _setup_information_cache[hashable_env] = _get_setup_information(
  File "/usr/lib/python3/dist-packages/colcon_python_setup_py/package_identification/python_setup_py.py", line 296, in _get_setup_information
    result = subprocess.run(
  File "/usr/lib/python3.10/subprocess.py", line 526, in run
    raise CalledProcessError(retcode, process.args,
subprocess.CalledProcessError: Command '['/usr/bin/python3', '-c', 'import sys;from contextlib import suppress;exec("with suppress(ImportError):    from setuptools.extern.packaging.specifiers    import SpecifierSet");exec("with suppress(ImportError):    from packaging.specifiers import SpecifierSet");from distutils.core import run_setup;dist = run_setup(    \'setup.py\', script_args=(\'--dry-run\',), stop_after=\'config\');skip_keys = (\'cmdclass\', \'distclass\', \'ext_modules\', \'metadata\');data = {    key: value for key, value in dist.__dict__.items()     if (        not key.startswith(\'_\') and         not callable(value) and         key not in skip_keys and         key not in dist.display_option_names    )};data[\'metadata\'] = {    k: v for k, v in dist.metadata.__dict__.items()     if k not in (\'license_files\', \'provides_extras\')};sys.stdout.buffer.write(repr(data).encode(\'utf-8\'))']' returned non-zero exit status 1.

[1.416s] Level 1:colcon.colcon_core.package_identification:_identify(src/teensy_control/config) by extensions ['ignore', 'ignore_ament_install']
[1.416s] Level 1:colcon.colcon_core.package_identification:_identify(src/teensy_control/config) by extension 'ignore'
[1.416s] Level 1:colcon.colcon_core.package_identification:_identify(src/teensy_control/config) by extension 'ignore_ament_install'
[1.417s] Level 1:colcon.colcon_core.package_identification:_identify(src/teensy_control/config) by extensions ['colcon_pkg']
[1.417s] Level 1:colcon.colcon_core.package_identification:_identify(src/teensy_control/config) by extension 'colcon_pkg'
[1.417s] Level 1:colcon.colcon_core.package_identification:_identify(src/teensy_control/config) by extensions ['colcon_meta']
[1.417s] Level 1:colcon.colcon_core.package_identification:_identify(src/teensy_control/config) by extension 'colcon_meta'
[1.417s] Level 1:colcon.colcon_core.package_identification:_identify(src/teensy_control/config) by extensions ['ros']
[1.417s] Level 1:colcon.colcon_core.package_identification:_identify(src/teensy_control/config) by extension 'ros'
[1.417s] Level 1:colcon.colcon_core.package_identification:_identify(src/teensy_control/config) by extensions ['cmake', 'python']
[1.417s] Level 1:colcon.colcon_core.package_identification:_identify(src/teensy_control/config) by extension 'cmake'
[1.417s] Level 1:colcon.colcon_core.package_identification:_identify(src/teensy_control/config) by extension 'python'
[1.417s] Level 1:colcon.colcon_core.package_identification:_identify(src/teensy_control/config) by extensions ['python_setup_py']
[1.417s] Level 1:colcon.colcon_core.package_identification:_identify(src/teensy_control/config) by extension 'python_setup_py'
[1.417s] Level 1:colcon.colcon_core.package_identification:_identify(src/teensy_control/firmware) by extensions ['ignore', 'ignore_ament_install']
[1.417s] Level 1:colcon.colcon_core.package_identification:_identify(src/teensy_control/firmware) by extension 'ignore'
[1.417s] Level 1:colcon.colcon_core.package_identification:_identify(src/teensy_control/firmware) by extension 'ignore_ament_install'
[1.417s] Level 1:colcon.colcon_core.package_identification:_identify(src/teensy_control/firmware) by extensions ['colcon_pkg']
[1.417s] Level 1:colcon.colcon_core.package_identification:_identify(src/teensy_control/firmware) by extension 'colcon_pkg'
[1.417s] Level 1:colcon.colcon_core.package_identification:_identify(src/teensy_control/firmware) by extensions ['colcon_meta']
[1.417s] Level 1:colcon.colcon_core.package_identification:_identify(src/teensy_control/firmware) by extension 'colcon_meta'
[1.417s] Level 1:colcon.colcon_core.package_identification:_identify(src/teensy_control/firmware) by extensions ['ros']
[1.417s] Level 1:colcon.colcon_core.package_identification:_identify(src/teensy_control/firmware) by extension 'ros'
[1.417s] Level 1:colcon.colcon_core.package_identification:_identify(src/teensy_control/firmware) by extensions ['cmake', 'python']
[1.417s] Level 1:colcon.colcon_core.package_identification:_identify(src/teensy_control/firmware) by extension 'cmake'
[1.417s] Level 1:colcon.colcon_core.package_identification:_identify(src/teensy_control/firmware) by extension 'python'
[1.418s] Level 1:colcon.colcon_core.package_identification:_identify(src/teensy_control/firmware) by extensions ['python_setup_py']
[1.418s] Level 1:colcon.colcon_core.package_identification:_identify(src/teensy_control/firmware) by extension 'python_setup_py'
[1.418s] Level 1:colcon.colcon_core.package_identification:_identify(src/teensy_control/firmware/gripper_control) by extensions ['ignore', 'ignore_ament_install']
[1.418s] Level 1:colcon.colcon_core.package_identification:_identify(src/teensy_control/firmware/gripper_control) by extension 'ignore'
[1.418s] Level 1:colcon.colcon_core.package_identification:_identify(src/teensy_control/firmware/gripper_control) by extension 'ignore_ament_install'
[1.418s] Level 1:colcon.colcon_core.package_identification:_identify(src/teensy_control/firmware/gripper_control) by extensions ['colcon_pkg']
[1.418s] Level 1:colcon.colcon_core.package_identification:_identify(src/teensy_control/firmware/gripper_control) by extension 'colcon_pkg'
[1.418s] Level 1:colcon.colcon_core.package_identification:_identify(src/teensy_control/firmware/gripper_control) by extensions ['colcon_meta']
[1.418s] Level 1:colcon.colcon_core.package_identification:_identify(src/teensy_control/firmware/gripper_control) by extension 'colcon_meta'
[1.418s] Level 1:colcon.colcon_core.package_identification:_identify(src/teensy_control/firmware/gripper_control) by extensions ['ros']
[1.418s] Level 1:colcon.colcon_core.package_identification:_identify(src/teensy_control/firmware/gripper_control) by extension 'ros'
[1.418s] Level 1:colcon.colcon_core.package_identification:_identify(src/teensy_control/firmware/gripper_control) by extensions ['cmake', 'python']
[1.418s] Level 1:colcon.colcon_core.package_identification:_identify(src/teensy_control/firmware/gripper_control) by extension 'cmake'
[1.418s] Level 1:colcon.colcon_core.package_identification:_identify(src/teensy_control/firmware/gripper_control) by extension 'python'
[1.418s] Level 1:colcon.colcon_core.package_identification:_identify(src/teensy_control/firmware/gripper_control) by extensions ['python_setup_py']
[1.418s] Level 1:colcon.colcon_core.package_identification:_identify(src/teensy_control/firmware/gripper_control) by extension 'python_setup_py'
[1.418s] Level 1:colcon.colcon_core.package_identification:_identify(src/teensy_control/firmware/motor_control) by extensions ['ignore', 'ignore_ament_install']
[1.418s] Level 1:colcon.colcon_core.package_identification:_identify(src/teensy_control/firmware/motor_control) by extension 'ignore'
[1.418s] Level 1:colcon.colcon_core.package_identification:_identify(src/teensy_control/firmware/motor_control) by extension 'ignore_ament_install'
[1.418s] Level 1:colcon.colcon_core.package_identification:_identify(src/teensy_control/firmware/motor_control) by extensions ['colcon_pkg']
[1.418s] Level 1:colcon.colcon_core.package_identification:_identify(src/teensy_control/firmware/motor_control) by extension 'colcon_pkg'
[1.418s] Level 1:colcon.colcon_core.package_identification:_identify(src/teensy_control/firmware/motor_control) by extensions ['colcon_meta']
[1.418s] Level 1:colcon.colcon_core.package_identification:_identify(src/teensy_control/firmware/motor_control) by extension 'colcon_meta'
[1.419s] Level 1:colcon.colcon_core.package_identification:_identify(src/teensy_control/firmware/motor_control) by extensions ['ros']
[1.419s] Level 1:colcon.colcon_core.package_identification:_identify(src/teensy_control/firmware/motor_control) by extension 'ros'
[1.419s] Level 1:colcon.colcon_core.package_identification:_identify(src/teensy_control/firmware/motor_control) by extensions ['cmake', 'python']
[1.419s] Level 1:colcon.colcon_core.package_identification:_identify(src/teensy_control/firmware/motor_control) by extension 'cmake'
[1.419s] Level 1:colcon.colcon_core.package_identification:_identify(src/teensy_control/firmware/motor_control) by extension 'python'
[1.419s] Level 1:colcon.colcon_core.package_identification:_identify(src/teensy_control/firmware/motor_control) by extensions ['python_setup_py']
[1.419s] Level 1:colcon.colcon_core.package_identification:_identify(src/teensy_control/firmware/motor_control) by extension 'python_setup_py'
[1.419s] Level 1:colcon.colcon_core.package_identification:_identify(src/teensy_control/launch) by extensions ['ignore', 'ignore_ament_install']
[1.419s] Level 1:colcon.colcon_core.package_identification:_identify(src/teensy_control/launch) by extension 'ignore'
[1.419s] Level 1:colcon.colcon_core.package_identification:_identify(src/teensy_control/launch) by extension 'ignore_ament_install'
[1.419s] Level 1:colcon.colcon_core.package_identification:_identify(src/teensy_control/launch) by extensions ['colcon_pkg']
[1.419s] Level 1:colcon.colcon_core.package_identification:_identify(src/teensy_control/launch) by extension 'colcon_pkg'
[1.419s] Level 1:colcon.colcon_core.package_identification:_identify(src/teensy_control/launch) by extensions ['colcon_meta']
[1.419s] Level 1:colcon.colcon_core.package_identification:_identify(src/teensy_control/launch) by extension 'colcon_meta'
[1.419s] Level 1:colcon.colcon_core.package_identification:_identify(src/teensy_control/launch) by extensions ['ros']
[1.420s] Level 1:colcon.colcon_core.package_identification:_identify(src/teensy_control/launch) by extension 'ros'
[1.420s] Level 1:colcon.colcon_core.package_identification:_identify(src/teensy_control/launch) by extensions ['cmake', 'python']
[1.420s] Level 1:colcon.colcon_core.package_identification:_identify(src/teensy_control/launch) by extension 'cmake'
[1.420s] Level 1:colcon.colcon_core.package_identification:_identify(src/teensy_control/launch) by extension 'python'
[1.420s] Level 1:colcon.colcon_core.package_identification:_identify(src/teensy_control/launch) by extensions ['python_setup_py']
[1.420s] Level 1:colcon.colcon_core.package_identification:_identify(src/teensy_control/launch) by extension 'python_setup_py'
[1.420s] Level 1:colcon.colcon_core.package_identification:_identify(src/teensy_control/teensy_control) by extensions ['ignore', 'ignore_ament_install']
[1.421s] Level 1:colcon.colcon_core.package_identification:_identify(src/teensy_control/teensy_control) by extension 'ignore'
[1.421s] Level 1:colcon.colcon_core.package_identification:_identify(src/teensy_control/teensy_control) by extension 'ignore_ament_install'
[1.421s] Level 1:colcon.colcon_core.package_identification:_identify(src/teensy_control/teensy_control) by extensions ['colcon_pkg']
[1.421s] Level 1:colcon.colcon_core.package_identification:_identify(src/teensy_control/teensy_control) by extension 'colcon_pkg'
[1.421s] Level 1:colcon.colcon_core.package_identification:_identify(src/teensy_control/teensy_control) by extensions ['colcon_meta']
[1.421s] Level 1:colcon.colcon_core.package_identification:_identify(src/teensy_control/teensy_control) by extension 'colcon_meta'
[1.421s] Level 1:colcon.colcon_core.package_identification:_identify(src/teensy_control/teensy_control) by extensions ['ros']
[1.421s] Level 1:colcon.colcon_core.package_identification:_identify(src/teensy_control/teensy_control) by extension 'ros'
[1.421s] Level 1:colcon.colcon_core.package_identification:_identify(src/teensy_control/teensy_control) by extensions ['cmake', 'python']
[1.421s] Level 1:colcon.colcon_core.package_identification:_identify(src/teensy_control/teensy_control) by extension 'cmake'
[1.421s] Level 1:colcon.colcon_core.package_identification:_identify(src/teensy_control/teensy_control) by extension 'python'
[1.421s] Level 1:colcon.colcon_core.package_identification:_identify(src/teensy_control/teensy_control) by extensions ['python_setup_py']
[1.421s] Level 1:colcon.colcon_core.package_identification:_identify(src/teensy_control/teensy_control) by extension 'python_setup_py'
[1.421s] Level 1:colcon.colcon_core.package_identification:_identify(src/teensy_sensors) by extensions ['ignore', 'ignore_ament_install']
[1.421s] Level 1:colcon.colcon_core.package_identification:_identify(src/teensy_sensors) by extension 'ignore'
[1.421s] Level 1:colcon.colcon_core.package_identification:_identify(src/teensy_sensors) by extension 'ignore_ament_install'
[1.421s] Level 1:colcon.colcon_core.package_identification:_identify(src/teensy_sensors) by extensions ['colcon_pkg']
[1.421s] Level 1:colcon.colcon_core.package_identification:_identify(src/teensy_sensors) by extension 'colcon_pkg'
[1.421s] Level 1:colcon.colcon_core.package_identification:_identify(src/teensy_sensors) by extensions ['colcon_meta']
[1.421s] Level 1:colcon.colcon_core.package_identification:_identify(src/teensy_sensors) by extension 'colcon_meta'
[1.421s] Level 1:colcon.colcon_core.package_identification:_identify(src/teensy_sensors) by extensions ['ros']
[1.421s] Level 1:colcon.colcon_core.package_identification:_identify(src/teensy_sensors) by extension 'ros'
[1.422s] DEBUG:colcon.colcon_core.package_identification:Failed to parse potential ROS package manifest in'src/teensy_sensors': Error(s) in package 'src/teensy_sensors/package.xml':
The manifest contains invalid XML:
no element found: line 1, column 0
[1.422s] Level 1:colcon.colcon_core.package_identification:_identify(src/teensy_sensors) by extensions ['cmake', 'python']
[1.422s] Level 1:colcon.colcon_core.package_identification:_identify(src/teensy_sensors) by extension 'cmake'
[1.422s] Level 1:colcon.colcon_core.package_identification:_identify(src/teensy_sensors) by extension 'python'
[1.422s] Level 1:colcon.colcon_core.package_identification:_identify(src/teensy_sensors) by extensions ['python_setup_py']
[1.422s] Level 1:colcon.colcon_core.package_identification:_identify(src/teensy_sensors) by extension 'python_setup_py'
[1.643s] ERROR:colcon.colcon_core.package_identification:Exception in package identification extension 'python_setup_py' in 'src/teensy_sensors': Command '['/usr/bin/python3', '-c', 'import sys;from contextlib import suppress;exec("with suppress(ImportError):    from setuptools.extern.packaging.specifiers    import SpecifierSet");exec("with suppress(ImportError):    from packaging.specifiers import SpecifierSet");from distutils.core import run_setup;dist = run_setup(    \'setup.py\', script_args=(\'--dry-run\',), stop_after=\'config\');skip_keys = (\'cmdclass\', \'distclass\', \'ext_modules\', \'metadata\');data = {    key: value for key, value in dist.__dict__.items()     if (        not key.startswith(\'_\') and         not callable(value) and         key not in skip_keys and         key not in dist.display_option_names    )};data[\'metadata\'] = {    k: v for k, v in dist.metadata.__dict__.items()     if k not in (\'license_files\', \'provides_extras\')};sys.stdout.buffer.write(repr(data).encode(\'utf-8\'))']' returned non-zero exit status 1.
Traceback (most recent call last):
  File "/usr/lib/python3/dist-packages/colcon_core/package_identification/__init__.py", line 144, in _identify
    retval = extension.identify(_reused_descriptor_instance)
  File "/usr/lib/python3/dist-packages/colcon_python_setup_py/package_identification/python_setup_py.py", line 48, in identify
    config = get_setup_information(setup_py)
  File "/usr/lib/python3/dist-packages/colcon_python_setup_py/package_identification/python_setup_py.py", line 249, in get_setup_information
    _setup_information_cache[hashable_env] = _get_setup_information(
  File "/usr/lib/python3/dist-packages/colcon_python_setup_py/package_identification/python_setup_py.py", line 296, in _get_setup_information
    result = subprocess.run(
  File "/usr/lib/python3.10/subprocess.py", line 526, in run
    raise CalledProcessError(retcode, process.args,
subprocess.CalledProcessError: Command '['/usr/bin/python3', '-c', 'import sys;from contextlib import suppress;exec("with suppress(ImportError):    from setuptools.extern.packaging.specifiers    import SpecifierSet");exec("with suppress(ImportError):    from packaging.specifiers import SpecifierSet");from distutils.core import run_setup;dist = run_setup(    \'setup.py\', script_args=(\'--dry-run\',), stop_after=\'config\');skip_keys = (\'cmdclass\', \'distclass\', \'ext_modules\', \'metadata\');data = {    key: value for key, value in dist.__dict__.items()     if (        not key.startswith(\'_\') and         not callable(value) and         key not in skip_keys and         key not in dist.display_option_names    )};data[\'metadata\'] = {    k: v for k, v in dist.metadata.__dict__.items()     if k not in (\'license_files\', \'provides_extras\')};sys.stdout.buffer.write(repr(data).encode(\'utf-8\'))']' returned non-zero exit status 1.

[1.644s] Level 1:colcon.colcon_core.package_identification:_identify(src/teensy_sensors/config) by extensions ['ignore', 'ignore_ament_install']
[1.644s] Level 1:colcon.colcon_core.package_identification:_identify(src/teensy_sensors/config) by extension 'ignore'
[1.644s] Level 1:colcon.colcon_core.package_identification:_identify(src/teensy_sensors/config) by extension 'ignore_ament_install'
[1.644s] Level 1:colcon.colcon_core.package_identification:_identify(src/teensy_sensors/config) by extensions ['colcon_pkg']
[1.644s] Level 1:colcon.colcon_core.package_identification:_identify(src/teensy_sensors/config) by extension 'colcon_pkg'
[1.644s] Level 1:colcon.colcon_core.package_identification:_identify(src/teensy_sensors/config) by extensions ['colcon_meta']
[1.644s] Level 1:colcon.colcon_core.package_identification:_identify(src/teensy_sensors/config) by extension 'colcon_meta'
[1.644s] Level 1:colcon.colcon_core.package_identification:_identify(src/teensy_sensors/config) by extensions ['ros']
[1.644s] Level 1:colcon.colcon_core.package_identification:_identify(src/teensy_sensors/config) by extension 'ros'
[1.644s] Level 1:colcon.colcon_core.package_identification:_identify(src/teensy_sensors/config) by extensions ['cmake', 'python']
[1.644s] Level 1:colcon.colcon_core.package_identification:_identify(src/teensy_sensors/config) by extension 'cmake'
[1.644s] Level 1:colcon.colcon_core.package_identification:_identify(src/teensy_sensors/config) by extension 'python'
[1.644s] Level 1:colcon.colcon_core.package_identification:_identify(src/teensy_sensors/config) by extensions ['python_setup_py']
[1.644s] Level 1:colcon.colcon_core.package_identification:_identify(src/teensy_sensors/config) by extension 'python_setup_py'
[1.644s] Level 1:colcon.colcon_core.package_identification:_identify(src/teensy_sensors/firmware) by extensions ['ignore', 'ignore_ament_install']
[1.645s] Level 1:colcon.colcon_core.package_identification:_identify(src/teensy_sensors/firmware) by extension 'ignore'
[1.645s] Level 1:colcon.colcon_core.package_identification:_identify(src/teensy_sensors/firmware) by extension 'ignore_ament_install'
[1.645s] Level 1:colcon.colcon_core.package_identification:_identify(src/teensy_sensors/firmware) by extensions ['colcon_pkg']
[1.645s] Level 1:colcon.colcon_core.package_identification:_identify(src/teensy_sensors/firmware) by extension 'colcon_pkg'
[1.645s] Level 1:colcon.colcon_core.package_identification:_identify(src/teensy_sensors/firmware) by extensions ['colcon_meta']
[1.645s] Level 1:colcon.colcon_core.package_identification:_identify(src/teensy_sensors/firmware) by extension 'colcon_meta'
[1.645s] Level 1:colcon.colcon_core.package_identification:_identify(src/teensy_sensors/firmware) by extensions ['ros']
[1.645s] Level 1:colcon.colcon_core.package_identification:_identify(src/teensy_sensors/firmware) by extension 'ros'
[1.645s] Level 1:colcon.colcon_core.package_identification:_identify(src/teensy_sensors/firmware) by extensions ['cmake', 'python']
[1.645s] Level 1:colcon.colcon_core.package_identification:_identify(src/teensy_sensors/firmware) by extension 'cmake'
[1.645s] Level 1:colcon.colcon_core.package_identification:_identify(src/teensy_sensors/firmware) by extension 'python'
[1.645s] Level 1:colcon.colcon_core.package_identification:_identify(src/teensy_sensors/firmware) by extensions ['python_setup_py']
[1.645s] Level 1:colcon.colcon_core.package_identification:_identify(src/teensy_sensors/firmware) by extension 'python_setup_py'
[1.645s] Level 1:colcon.colcon_core.package_identification:_identify(src/teensy_sensors/firmware/distance_sensor) by extensions ['ignore', 'ignore_ament_install']
[1.645s] Level 1:colcon.colcon_core.package_identification:_identify(src/teensy_sensors/firmware/distance_sensor) by extension 'ignore'
[1.645s] Level 1:colcon.colcon_core.package_identification:_identify(src/teensy_sensors/firmware/distance_sensor) by extension 'ignore_ament_install'
[1.645s] Level 1:colcon.colcon_core.package_identification:_identify(src/teensy_sensors/firmware/distance_sensor) by extensions ['colcon_pkg']
[1.645s] Level 1:colcon.colcon_core.package_identification:_identify(src/teensy_sensors/firmware/distance_sensor) by extension 'colcon_pkg'
[1.645s] Level 1:colcon.colcon_core.package_identification:_identify(src/teensy_sensors/firmware/distance_sensor) by extensions ['colcon_meta']
[1.645s] Level 1:colcon.colcon_core.package_identification:_identify(src/teensy_sensors/firmware/distance_sensor) by extension 'colcon_meta'
[1.645s] Level 1:colcon.colcon_core.package_identification:_identify(src/teensy_sensors/firmware/distance_sensor) by extensions ['ros']
[1.645s] Level 1:colcon.colcon_core.package_identification:_identify(src/teensy_sensors/firmware/distance_sensor) by extension 'ros'
[1.645s] Level 1:colcon.colcon_core.package_identification:_identify(src/teensy_sensors/firmware/distance_sensor) by extensions ['cmake', 'python']
[1.645s] Level 1:colcon.colcon_core.package_identification:_identify(src/teensy_sensors/firmware/distance_sensor) by extension 'cmake'
[1.646s] Level 1:colcon.colcon_core.package_identification:_identify(src/teensy_sensors/firmware/distance_sensor) by extension 'python'
[1.646s] Level 1:colcon.colcon_core.package_identification:_identify(src/teensy_sensors/firmware/distance_sensor) by extensions ['python_setup_py']
[1.646s] Level 1:colcon.colcon_core.package_identification:_identify(src/teensy_sensors/firmware/distance_sensor) by extension 'python_setup_py'
[1.646s] Level 1:colcon.colcon_core.package_identification:_identify(src/teensy_sensors/firmware/ir_sensors) by extensions ['ignore', 'ignore_ament_install']
[1.646s] Level 1:colcon.colcon_core.package_identification:_identify(src/teensy_sensors/firmware/ir_sensors) by extension 'ignore'
[1.646s] Level 1:colcon.colcon_core.package_identification:_identify(src/teensy_sensors/firmware/ir_sensors) by extension 'ignore_ament_install'
[1.646s] Level 1:colcon.colcon_core.package_identification:_identify(src/teensy_sensors/firmware/ir_sensors) by extensions ['colcon_pkg']
[1.646s] Level 1:colcon.colcon_core.package_identification:_identify(src/teensy_sensors/firmware/ir_sensors) by extension 'colcon_pkg'
[1.646s] Level 1:colcon.colcon_core.package_identification:_identify(src/teensy_sensors/firmware/ir_sensors) by extensions ['colcon_meta']
[1.646s] Level 1:colcon.colcon_core.package_identification:_identify(src/teensy_sensors/firmware/ir_sensors) by extension 'colcon_meta'
[1.646s] Level 1:colcon.colcon_core.package_identification:_identify(src/teensy_sensors/firmware/ir_sensors) by extensions ['ros']
[1.646s] Level 1:colcon.colcon_core.package_identification:_identify(src/teensy_sensors/firmware/ir_sensors) by extension 'ros'
[1.646s] Level 1:colcon.colcon_core.package_identification:_identify(src/teensy_sensors/firmware/ir_sensors) by extensions ['cmake', 'python']
[1.646s] Level 1:colcon.colcon_core.package_identification:_identify(src/teensy_sensors/firmware/ir_sensors) by extension 'cmake'
[1.646s] Level 1:colcon.colcon_core.package_identification:_identify(src/teensy_sensors/firmware/ir_sensors) by extension 'python'
[1.646s] Level 1:colcon.colcon_core.package_identification:_identify(src/teensy_sensors/firmware/ir_sensors) by extensions ['python_setup_py']
[1.646s] Level 1:colcon.colcon_core.package_identification:_identify(src/teensy_sensors/firmware/ir_sensors) by extension 'python_setup_py'
[1.646s] Level 1:colcon.colcon_core.package_identification:_identify(src/teensy_sensors/firmware/supervisor) by extensions ['ignore', 'ignore_ament_install']
[1.646s] Level 1:colcon.colcon_core.package_identification:_identify(src/teensy_sensors/firmware/supervisor) by extension 'ignore'
[1.646s] Level 1:colcon.colcon_core.package_identification:_identify(src/teensy_sensors/firmware/supervisor) by extension 'ignore_ament_install'
[1.646s] Level 1:colcon.colcon_core.package_identification:_identify(src/teensy_sensors/firmware/supervisor) by extensions ['colcon_pkg']
[1.646s] Level 1:colcon.colcon_core.package_identification:_identify(src/teensy_sensors/firmware/supervisor) by extension 'colcon_pkg'
[1.646s] Level 1:colcon.colcon_core.package_identification:_identify(src/teensy_sensors/firmware/supervisor) by extensions ['colcon_meta']
[1.647s] Level 1:colcon.colcon_core.package_identification:_identify(src/teensy_sensors/firmware/supervisor) by extension 'colcon_meta'
[1.647s] Level 1:colcon.colcon_core.package_identification:_identify(src/teensy_sensors/firmware/supervisor) by extensions ['ros']
[1.647s] Level 1:colcon.colcon_core.package_identification:_identify(src/teensy_sensors/firmware/supervisor) by extension 'ros'
[1.647s] Level 1:colcon.colcon_core.package_identification:_identify(src/teensy_sensors/firmware/supervisor) by extensions ['cmake', 'python']
[1.647s] Level 1:colcon.colcon_core.package_identification:_identify(src/teensy_sensors/firmware/supervisor) by extension 'cmake'
[1.647s] Level 1:colcon.colcon_core.package_identification:_identify(src/teensy_sensors/firmware/supervisor) by extension 'python'
[1.647s] Level 1:colcon.colcon_core.package_identification:_identify(src/teensy_sensors/firmware/supervisor) by extensions ['python_setup_py']
[1.647s] Level 1:colcon.colcon_core.package_identification:_identify(src/teensy_sensors/firmware/supervisor) by extension 'python_setup_py'
[1.647s] Level 1:colcon.colcon_core.package_identification:_identify(src/teensy_sensors/firmware/ultrasonic) by extensions ['ignore', 'ignore_ament_install']
[1.647s] Level 1:colcon.colcon_core.package_identification:_identify(src/teensy_sensors/firmware/ultrasonic) by extension 'ignore'
[1.647s] Level 1:colcon.colcon_core.package_identification:_identify(src/teensy_sensors/firmware/ultrasonic) by extension 'ignore_ament_install'
[1.647s] Level 1:colcon.colcon_core.package_identification:_identify(src/teensy_sensors/firmware/ultrasonic) by extensions ['colcon_pkg']
[1.647s] Level 1:colcon.colcon_core.package_identification:_identify(src/teensy_sensors/firmware/ultrasonic) by extension 'colcon_pkg'
[1.647s] Level 1:colcon.colcon_core.package_identification:_identify(src/teensy_sensors/firmware/ultrasonic) by extensions ['colcon_meta']
[1.647s] Level 1:colcon.colcon_core.package_identification:_identify(src/teensy_sensors/firmware/ultrasonic) by extension 'colcon_meta'
[1.647s] Level 1:colcon.colcon_core.package_identification:_identify(src/teensy_sensors/firmware/ultrasonic) by extensions ['ros']
[1.647s] Level 1:colcon.colcon_core.package_identification:_identify(src/teensy_sensors/firmware/ultrasonic) by extension 'ros'
[1.647s] Level 1:colcon.colcon_core.package_identification:_identify(src/teensy_sensors/firmware/ultrasonic) by extensions ['cmake', 'python']
[1.647s] Level 1:colcon.colcon_core.package_identification:_identify(src/teensy_sensors/firmware/ultrasonic) by extension 'cmake'
[1.647s] Level 1:colcon.colcon_core.package_identification:_identify(src/teensy_sensors/firmware/ultrasonic) by extension 'python'
[1.647s] Level 1:colcon.colcon_core.package_identification:_identify(src/teensy_sensors/firmware/ultrasonic) by extensions ['python_setup_py']
[1.647s] Level 1:colcon.colcon_core.package_identification:_identify(src/teensy_sensors/firmware/ultrasonic) by extension 'python_setup_py'
[1.647s] Level 1:colcon.colcon_core.package_identification:_identify(src/teensy_sensors/launch) by extensions ['ignore', 'ignore_ament_install']
[1.648s] Level 1:colcon.colcon_core.package_identification:_identify(src/teensy_sensors/launch) by extension 'ignore'
[1.648s] Level 1:colcon.colcon_core.package_identification:_identify(src/teensy_sensors/launch) by extension 'ignore_ament_install'
[1.648s] Level 1:colcon.colcon_core.package_identification:_identify(src/teensy_sensors/launch) by extensions ['colcon_pkg']
[1.648s] Level 1:colcon.colcon_core.package_identification:_identify(src/teensy_sensors/launch) by extension 'colcon_pkg'
[1.648s] Level 1:colcon.colcon_core.package_identification:_identify(src/teensy_sensors/launch) by extensions ['colcon_meta']
[1.648s] Level 1:colcon.colcon_core.package_identification:_identify(src/teensy_sensors/launch) by extension 'colcon_meta'
[1.648s] Level 1:colcon.colcon_core.package_identification:_identify(src/teensy_sensors/launch) by extensions ['ros']
[1.648s] Level 1:colcon.colcon_core.package_identification:_identify(src/teensy_sensors/launch) by extension 'ros'
[1.648s] Level 1:colcon.colcon_core.package_identification:_identify(src/teensy_sensors/launch) by extensions ['cmake', 'python']
[1.648s] Level 1:colcon.colcon_core.package_identification:_identify(src/teensy_sensors/launch) by extension 'cmake'
[1.648s] Level 1:colcon.colcon_core.package_identification:_identify(src/teensy_sensors/launch) by extension 'python'
[1.648s] Level 1:colcon.colcon_core.package_identification:_identify(src/teensy_sensors/launch) by extensions ['python_setup_py']
[1.648s] Level 1:colcon.colcon_core.package_identification:_identify(src/teensy_sensors/launch) by extension 'python_setup_py'
[1.648s] Level 1:colcon.colcon_core.package_identification:_identify(src/teensy_sensors/teensy_sensors) by extensions ['ignore', 'ignore_ament_install']
[1.648s] Level 1:colcon.colcon_core.package_identification:_identify(src/teensy_sensors/teensy_sensors) by extension 'ignore'
[1.648s] Level 1:colcon.colcon_core.package_identification:_identify(src/teensy_sensors/teensy_sensors) by extension 'ignore_ament_install'
[1.648s] Level 1:colcon.colcon_core.package_identification:_identify(src/teensy_sensors/teensy_sensors) by extensions ['colcon_pkg']
[1.648s] Level 1:colcon.colcon_core.package_identification:_identify(src/teensy_sensors/teensy_sensors) by extension 'colcon_pkg'
[1.648s] Level 1:colcon.colcon_core.package_identification:_identify(src/teensy_sensors/teensy_sensors) by extensions ['colcon_meta']
[1.648s] Level 1:colcon.colcon_core.package_identification:_identify(src/teensy_sensors/teensy_sensors) by extension 'colcon_meta'
[1.648s] Level 1:colcon.colcon_core.package_identification:_identify(src/teensy_sensors/teensy_sensors) by extensions ['ros']
[1.648s] Level 1:colcon.colcon_core.package_identification:_identify(src/teensy_sensors/teensy_sensors) by extension 'ros'
[1.649s] Level 1:colcon.colcon_core.package_identification:_identify(src/teensy_sensors/teensy_sensors) by extensions ['cmake', 'python']
[1.649s] Level 1:colcon.colcon_core.package_identification:_identify(src/teensy_sensors/teensy_sensors) by extension 'cmake'
[1.649s] Level 1:colcon.colcon_core.package_identification:_identify(src/teensy_sensors/teensy_sensors) by extension 'python'
[1.649s] Level 1:colcon.colcon_core.package_identification:_identify(src/teensy_sensors/teensy_sensors) by extensions ['python_setup_py']
[1.649s] Level 1:colcon.colcon_core.package_identification:_identify(src/teensy_sensors/teensy_sensors) by extension 'python_setup_py'
[1.649s] Level 1:colcon.colcon_core.package_identification:_identify(src/vision) by extensions ['ignore', 'ignore_ament_install']
[1.649s] Level 1:colcon.colcon_core.package_identification:_identify(src/vision) by extension 'ignore'
[1.649s] Level 1:colcon.colcon_core.package_identification:_identify(src/vision) by extension 'ignore_ament_install'
[1.649s] Level 1:colcon.colcon_core.package_identification:_identify(src/vision) by extensions ['colcon_pkg']
[1.649s] Level 1:colcon.colcon_core.package_identification:_identify(src/vision) by extension 'colcon_pkg'
[1.649s] Level 1:colcon.colcon_core.package_identification:_identify(src/vision) by extensions ['colcon_meta']
[1.649s] Level 1:colcon.colcon_core.package_identification:_identify(src/vision) by extension 'colcon_meta'
[1.649s] Level 1:colcon.colcon_core.package_identification:_identify(src/vision) by extensions ['ros']
[1.649s] Level 1:colcon.colcon_core.package_identification:_identify(src/vision) by extension 'ros'
[1.650s] DEBUG:colcon.colcon_core.package_identification:Package 'src/vision' with type 'ros.ament_python' and name 'vision'
[1.650s] Level 1:colcon.colcon_core.package_identification:_identify(teensy_firmware) by extensions ['ignore', 'ignore_ament_install']
[1.650s] Level 1:colcon.colcon_core.package_identification:_identify(teensy_firmware) by extension 'ignore'
[1.650s] Level 1:colcon.colcon_core.package_identification:_identify(teensy_firmware) by extension 'ignore_ament_install'
[1.650s] Level 1:colcon.colcon_core.package_identification:_identify(teensy_firmware) by extensions ['colcon_pkg']
[1.650s] Level 1:colcon.colcon_core.package_identification:_identify(teensy_firmware) by extension 'colcon_pkg'
[1.650s] Level 1:colcon.colcon_core.package_identification:_identify(teensy_firmware) by extensions ['colcon_meta']
[1.650s] Level 1:colcon.colcon_core.package_identification:_identify(teensy_firmware) by extension 'colcon_meta'
[1.651s] Level 1:colcon.colcon_core.package_identification:_identify(teensy_firmware) by extensions ['ros']
[1.651s] Level 1:colcon.colcon_core.package_identification:_identify(teensy_firmware) by extension 'ros'
[1.651s] Level 1:colcon.colcon_core.package_identification:_identify(teensy_firmware) by extensions ['cmake', 'python']
[1.651s] Level 1:colcon.colcon_core.package_identification:_identify(teensy_firmware) by extension 'cmake'
[1.651s] Level 1:colcon.colcon_core.package_identification:_identify(teensy_firmware) by extension 'python'
[1.651s] Level 1:colcon.colcon_core.package_identification:_identify(teensy_firmware) by extensions ['python_setup_py']
[1.651s] Level 1:colcon.colcon_core.package_identification:_identify(teensy_firmware) by extension 'python_setup_py'
[1.651s] Level 1:colcon.colcon_core.package_identification:_identify(teensy_firmware/include) by extensions ['ignore', 'ignore_ament_install']
[1.651s] Level 1:colcon.colcon_core.package_identification:_identify(teensy_firmware/include) by extension 'ignore'
[1.651s] Level 1:colcon.colcon_core.package_identification:_identify(teensy_firmware/include) by extension 'ignore_ament_install'
[1.651s] Level 1:colcon.colcon_core.package_identification:_identify(teensy_firmware/include) by extensions ['colcon_pkg']
[1.651s] Level 1:colcon.colcon_core.package_identification:_identify(teensy_firmware/include) by extension 'colcon_pkg'
[1.651s] Level 1:colcon.colcon_core.package_identification:_identify(teensy_firmware/include) by extensions ['colcon_meta']
[1.651s] Level 1:colcon.colcon_core.package_identification:_identify(teensy_firmware/include) by extension 'colcon_meta'
[1.651s] Level 1:colcon.colcon_core.package_identification:_identify(teensy_firmware/include) by extensions ['ros']
[1.651s] Level 1:colcon.colcon_core.package_identification:_identify(teensy_firmware/include) by extension 'ros'
[1.651s] Level 1:colcon.colcon_core.package_identification:_identify(teensy_firmware/include) by extensions ['cmake', 'python']
[1.651s] Level 1:colcon.colcon_core.package_identification:_identify(teensy_firmware/include) by extension 'cmake'
[1.651s] Level 1:colcon.colcon_core.package_identification:_identify(teensy_firmware/include) by extension 'python'
[1.651s] Level 1:colcon.colcon_core.package_identification:_identify(teensy_firmware/include) by extensions ['python_setup_py']
[1.651s] Level 1:colcon.colcon_core.package_identification:_identify(teensy_firmware/include) by extension 'python_setup_py'
[1.651s] Level 1:colcon.colcon_core.package_identification:_identify(teensy_firmware/lib) by extensions ['ignore', 'ignore_ament_install']
[1.652s] Level 1:colcon.colcon_core.package_identification:_identify(teensy_firmware/lib) by extension 'ignore'
[1.652s] Level 1:colcon.colcon_core.package_identification:_identify(teensy_firmware/lib) by extension 'ignore_ament_install'
[1.652s] Level 1:colcon.colcon_core.package_identification:_identify(teensy_firmware/lib) by extensions ['colcon_pkg']
[1.652s] Level 1:colcon.colcon_core.package_identification:_identify(teensy_firmware/lib) by extension 'colcon_pkg'
[1.652s] Level 1:colcon.colcon_core.package_identification:_identify(teensy_firmware/lib) by extensions ['colcon_meta']
[1.652s] Level 1:colcon.colcon_core.package_identification:_identify(teensy_firmware/lib) by extension 'colcon_meta'
[1.652s] Level 1:colcon.colcon_core.package_identification:_identify(teensy_firmware/lib) by extensions ['ros']
[1.652s] Level 1:colcon.colcon_core.package_identification:_identify(teensy_firmware/lib) by extension 'ros'
[1.652s] Level 1:colcon.colcon_core.package_identification:_identify(teensy_firmware/lib) by extensions ['cmake', 'python']
[1.652s] Level 1:colcon.colcon_core.package_identification:_identify(teensy_firmware/lib) by extension 'cmake'
[1.652s] Level 1:colcon.colcon_core.package_identification:_identify(teensy_firmware/lib) by extension 'python'
[1.652s] Level 1:colcon.colcon_core.package_identification:_identify(teensy_firmware/lib) by extensions ['python_setup_py']
[1.652s] Level 1:colcon.colcon_core.package_identification:_identify(teensy_firmware/lib) by extension 'python_setup_py'
[1.652s] Level 1:colcon.colcon_core.package_identification:_identify(teensy_firmware/src) by extensions ['ignore', 'ignore_ament_install']
[1.652s] Level 1:colcon.colcon_core.package_identification:_identify(teensy_firmware/src) by extension 'ignore'
[1.652s] Level 1:colcon.colcon_core.package_identification:_identify(teensy_firmware/src) by extension 'ignore_ament_install'
[1.652s] Level 1:colcon.colcon_core.package_identification:_identify(teensy_firmware/src) by extensions ['colcon_pkg']
[1.652s] Level 1:colcon.colcon_core.package_identification:_identify(teensy_firmware/src) by extension 'colcon_pkg'
[1.652s] Level 1:colcon.colcon_core.package_identification:_identify(teensy_firmware/src) by extensions ['colcon_meta']
[1.652s] Level 1:colcon.colcon_core.package_identification:_identify(teensy_firmware/src) by extension 'colcon_meta'
[1.652s] Level 1:colcon.colcon_core.package_identification:_identify(teensy_firmware/src) by extensions ['ros']
[1.652s] Level 1:colcon.colcon_core.package_identification:_identify(teensy_firmware/src) by extension 'ros'
[1.652s] Level 1:colcon.colcon_core.package_identification:_identify(teensy_firmware/src) by extensions ['cmake', 'python']
[1.652s] Level 1:colcon.colcon_core.package_identification:_identify(teensy_firmware/src) by extension 'cmake'
[1.653s] Level 1:colcon.colcon_core.package_identification:_identify(teensy_firmware/src) by extension 'python'
[1.653s] Level 1:colcon.colcon_core.package_identification:_identify(teensy_firmware/src) by extensions ['python_setup_py']
[1.653s] Level 1:colcon.colcon_core.package_identification:_identify(teensy_firmware/src) by extension 'python_setup_py'
[1.653s] Level 1:colcon.colcon_core.package_identification:_identify(teensy_firmware/test) by extensions ['ignore', 'ignore_ament_install']
[1.653s] Level 1:colcon.colcon_core.package_identification:_identify(teensy_firmware/test) by extension 'ignore'
[1.653s] Level 1:colcon.colcon_core.package_identification:_identify(teensy_firmware/test) by extension 'ignore_ament_install'
[1.653s] Level 1:colcon.colcon_core.package_identification:_identify(teensy_firmware/test) by extensions ['colcon_pkg']
[1.653s] Level 1:colcon.colcon_core.package_identification:_identify(teensy_firmware/test) by extension 'colcon_pkg'
[1.653s] Level 1:colcon.colcon_core.package_identification:_identify(teensy_firmware/test) by extensions ['colcon_meta']
[1.653s] Level 1:colcon.colcon_core.package_identification:_identify(teensy_firmware/test) by extension 'colcon_meta'
[1.653s] Level 1:colcon.colcon_core.package_identification:_identify(teensy_firmware/test) by extensions ['ros']
[1.653s] Level 1:colcon.colcon_core.package_identification:_identify(teensy_firmware/test) by extension 'ros'
[1.653s] Level 1:colcon.colcon_core.package_identification:_identify(teensy_firmware/test) by extensions ['cmake', 'python']
[1.653s] Level 1:colcon.colcon_core.package_identification:_identify(teensy_firmware/test) by extension 'cmake'
[1.653s] Level 1:colcon.colcon_core.package_identification:_identify(teensy_firmware/test) by extension 'python'
[1.653s] Level 1:colcon.colcon_core.package_identification:_identify(teensy_firmware/test) by extensions ['python_setup_py']
[1.653s] Level 1:colcon.colcon_core.package_identification:_identify(teensy_firmware/test) by extension 'python_setup_py'
[1.653s] Level 1:colcon.colcon_core.package_identification:_identify(tools) by extensions ['ignore', 'ignore_ament_install']
[1.653s] Level 1:colcon.colcon_core.package_identification:_identify(tools) by extension 'ignore'
[1.653s] Level 1:colcon.colcon_core.package_identification:_identify(tools) by extension 'ignore_ament_install'
[1.653s] Level 1:colcon.colcon_core.package_identification:_identify(tools) by extensions ['colcon_pkg']
[1.653s] Level 1:colcon.colcon_core.package_identification:_identify(tools) by extension 'colcon_pkg'
[1.653s] Level 1:colcon.colcon_core.package_identification:_identify(tools) by extensions ['colcon_meta']
[1.653s] Level 1:colcon.colcon_core.package_identification:_identify(tools) by extension 'colcon_meta'
[1.654s] Level 1:colcon.colcon_core.package_identification:_identify(tools) by extensions ['ros']
[1.654s] Level 1:colcon.colcon_core.package_identification:_identify(tools) by extension 'ros'
[1.654s] Level 1:colcon.colcon_core.package_identification:_identify(tools) by extensions ['cmake', 'python']
[1.654s] Level 1:colcon.colcon_core.package_identification:_identify(tools) by extension 'cmake'
[1.654s] Level 1:colcon.colcon_core.package_identification:_identify(tools) by extension 'python'
[1.654s] Level 1:colcon.colcon_core.package_identification:_identify(tools) by extensions ['python_setup_py']
[1.654s] Level 1:colcon.colcon_core.package_identification:_identify(tools) by extension 'python_setup_py'
[1.654s] Level 1:colcon.colcon_core.package_identification:_identify(tools/calibration) by extensions ['ignore', 'ignore_ament_install']
[1.654s] Level 1:colcon.colcon_core.package_identification:_identify(tools/calibration) by extension 'ignore'
[1.654s] Level 1:colcon.colcon_core.package_identification:_identify(tools/calibration) by extension 'ignore_ament_install'
[1.654s] Level 1:colcon.colcon_core.package_identification:_identify(tools/calibration) by extensions ['colcon_pkg']
[1.654s] Level 1:colcon.colcon_core.package_identification:_identify(tools/calibration) by extension 'colcon_pkg'
[1.654s] Level 1:colcon.colcon_core.package_identification:_identify(tools/calibration) by extensions ['colcon_meta']
[1.654s] Level 1:colcon.colcon_core.package_identification:_identify(tools/calibration) by extension 'colcon_meta'
[1.654s] Level 1:colcon.colcon_core.package_identification:_identify(tools/calibration) by extensions ['ros']
[1.654s] Level 1:colcon.colcon_core.package_identification:_identify(tools/calibration) by extension 'ros'
[1.654s] Level 1:colcon.colcon_core.package_identification:_identify(tools/calibration) by extensions ['cmake', 'python']
[1.654s] Level 1:colcon.colcon_core.package_identification:_identify(tools/calibration) by extension 'cmake'
[1.654s] Level 1:colcon.colcon_core.package_identification:_identify(tools/calibration) by extension 'python'
[1.654s] Level 1:colcon.colcon_core.package_identification:_identify(tools/calibration) by extensions ['python_setup_py']
[1.654s] Level 1:colcon.colcon_core.package_identification:_identify(tools/calibration) by extension 'python_setup_py'
[1.654s] Level 1:colcon.colcon_core.package_identification:_identify(tools/testing) by extensions ['ignore', 'ignore_ament_install']
[1.654s] Level 1:colcon.colcon_core.package_identification:_identify(tools/testing) by extension 'ignore'
[1.654s] Level 1:colcon.colcon_core.package_identification:_identify(tools/testing) by extension 'ignore_ament_install'
[1.655s] Level 1:colcon.colcon_core.package_identification:_identify(tools/testing) by extensions ['colcon_pkg']
[1.655s] Level 1:colcon.colcon_core.package_identification:_identify(tools/testing) by extension 'colcon_pkg'
[1.655s] Level 1:colcon.colcon_core.package_identification:_identify(tools/testing) by extensions ['colcon_meta']
[1.655s] Level 1:colcon.colcon_core.package_identification:_identify(tools/testing) by extension 'colcon_meta'
[1.655s] Level 1:colcon.colcon_core.package_identification:_identify(tools/testing) by extensions ['ros']
[1.655s] Level 1:colcon.colcon_core.package_identification:_identify(tools/testing) by extension 'ros'
[1.655s] Level 1:colcon.colcon_core.package_identification:_identify(tools/testing) by extensions ['cmake', 'python']
[1.655s] Level 1:colcon.colcon_core.package_identification:_identify(tools/testing) by extension 'cmake'
[1.655s] Level 1:colcon.colcon_core.package_identification:_identify(tools/testing) by extension 'python'
[1.655s] Level 1:colcon.colcon_core.package_identification:_identify(tools/testing) by extensions ['python_setup_py']
[1.655s] Level 1:colcon.colcon_core.package_identification:_identify(tools/testing) by extension 'python_setup_py'
[1.655s] Level 1:colcon.colcon_core.package_identification:_identify(tools/visualization) by extensions ['ignore', 'ignore_ament_install']
[1.655s] Level 1:colcon.colcon_core.package_identification:_identify(tools/visualization) by extension 'ignore'
[1.655s] Level 1:colcon.colcon_core.package_identification:_identify(tools/visualization) by extension 'ignore_ament_install'
[1.655s] Level 1:colcon.colcon_core.package_identification:_identify(tools/visualization) by extensions ['colcon_pkg']
[1.655s] Level 1:colcon.colcon_core.package_identification:_identify(tools/visualization) by extension 'colcon_pkg'
[1.655s] Level 1:colcon.colcon_core.package_identification:_identify(tools/visualization) by extensions ['colcon_meta']
[1.655s] Level 1:colcon.colcon_core.package_identification:_identify(tools/visualization) by extension 'colcon_meta'
[1.655s] Level 1:colcon.colcon_core.package_identification:_identify(tools/visualization) by extensions ['ros']
[1.655s] Level 1:colcon.colcon_core.package_identification:_identify(tools/visualization) by extension 'ros'
[1.655s] Level 1:colcon.colcon_core.package_identification:_identify(tools/visualization) by extensions ['cmake', 'python']
[1.655s] Level 1:colcon.colcon_core.package_identification:_identify(tools/visualization) by extension 'cmake'
[1.655s] Level 1:colcon.colcon_core.package_identification:_identify(tools/visualization) by extension 'python'
[1.655s] Level 1:colcon.colcon_core.package_identification:_identify(tools/visualization) by extensions ['python_setup_py']
[1.655s] Level 1:colcon.colcon_core.package_identification:_identify(tools/visualization) by extension 'python_setup_py'
[1.655s] Level 1:colcon.colcon_core.package_discovery:discover_packages(recursive) using defaults
[1.656s] Level 1:colcon.colcon_core.package_discovery:discover_packages(ignore) discover
[1.656s] Level 1:colcon.colcon_core.package_discovery:discover_packages(ignore) using defaults
[1.656s] Level 1:colcon.colcon_core.package_discovery:discover_packages(path) discover
[1.656s] Level 1:colcon.colcon_core.package_discovery:discover_packages(path) using defaults
[1.694s] INFO:colcon.colcon_core.package_selection:Skipping not selected package 'robot_msgs' in 'src/robot_msgs'
[1.695s] Level 5:colcon.colcon_core.verb:set package 'navigation' build argument 'cmake_args' from command line to 'None'
[1.695s] Level 5:colcon.colcon_core.verb:set package 'navigation' build argument 'cmake_target' from command line to 'None'
[1.695s] Level 5:colcon.colcon_core.verb:set package 'navigation' build argument 'cmake_target_skip_unavailable' from command line to 'False'
[1.695s] Level 5:colcon.colcon_core.verb:set package 'navigation' build argument 'cmake_clean_cache' from command line to 'False'
[1.695s] Level 5:colcon.colcon_core.verb:set package 'navigation' build argument 'cmake_clean_first' from command line to 'False'
[1.695s] Level 5:colcon.colcon_core.verb:set package 'navigation' build argument 'cmake_force_configure' from command line to 'False'
[1.695s] Level 5:colcon.colcon_core.verb:set package 'navigation' build argument 'ament_cmake_args' from command line to 'None'
[1.695s] Level 5:colcon.colcon_core.verb:set package 'navigation' build argument 'catkin_cmake_args' from command line to 'None'
[1.695s] Level 5:colcon.colcon_core.verb:set package 'navigation' build argument 'catkin_skip_building_tests' from command line to 'False'
[1.695s] DEBUG:colcon.colcon_core.verb:Building package 'navigation' with the following arguments: {'ament_cmake_args': None, 'build_base': '/workspace/build/navigation', 'catkin_cmake_args': None, 'catkin_skip_building_tests': False, 'cmake_args': None, 'cmake_clean_cache': False, 'cmake_clean_first': False, 'cmake_force_configure': False, 'cmake_target': None, 'cmake_target_skip_unavailable': False, 'install_base': '/workspace/install/navigation', 'merge_install': False, 'path': '/workspace/src/navigation', 'symlink_install': True, 'test_result_base': None}
[1.695s] Level 5:colcon.colcon_core.verb:set package 'robot_bringup' build argument 'cmake_args' from command line to 'None'
[1.695s] Level 5:colcon.colcon_core.verb:set package 'robot_bringup' build argument 'cmake_target' from command line to 'None'
[1.695s] Level 5:colcon.colcon_core.verb:set package 'robot_bringup' build argument 'cmake_target_skip_unavailable' from command line to 'False'
[1.695s] Level 5:colcon.colcon_core.verb:set package 'robot_bringup' build argument 'cmake_clean_cache' from command line to 'False'
[1.695s] Level 5:colcon.colcon_core.verb:set package 'robot_bringup' build argument 'cmake_clean_first' from command line to 'False'
[1.695s] Level 5:colcon.colcon_core.verb:set package 'robot_bringup' build argument 'cmake_force_configure' from command line to 'False'
[1.696s] Level 5:colcon.colcon_core.verb:set package 'robot_bringup' build argument 'ament_cmake_args' from command line to 'None'
[1.696s] Level 5:colcon.colcon_core.verb:set package 'robot_bringup' build argument 'catkin_cmake_args' from command line to 'None'
[1.696s] Level 5:colcon.colcon_core.verb:set package 'robot_bringup' build argument 'catkin_skip_building_tests' from command line to 'False'
[1.696s] DEBUG:colcon.colcon_core.verb:Building package 'robot_bringup' with the following arguments: {'ament_cmake_args': None, 'build_base': '/workspace/build/robot_bringup', 'catkin_cmake_args': None, 'catkin_skip_building_tests': False, 'cmake_args': None, 'cmake_clean_cache': False, 'cmake_clean_first': False, 'cmake_force_configure': False, 'cmake_target': None, 'cmake_target_skip_unavailable': False, 'install_base': '/workspace/install/robot_bringup', 'merge_install': False, 'path': '/workspace/src/robot_bringup', 'symlink_install': True, 'test_result_base': None}
[1.696s] Level 5:colcon.colcon_core.verb:set package 'vision' build argument 'cmake_args' from command line to 'None'
[1.696s] Level 5:colcon.colcon_core.verb:set package 'vision' build argument 'cmake_target' from command line to 'None'
[1.696s] Level 5:colcon.colcon_core.verb:set package 'vision' build argument 'cmake_target_skip_unavailable' from command line to 'False'
[1.696s] Level 5:colcon.colcon_core.verb:set package 'vision' build argument 'cmake_clean_cache' from command line to 'False'
[1.696s] Level 5:colcon.colcon_core.verb:set package 'vision' build argument 'cmake_clean_first' from command line to 'False'
[1.696s] Level 5:colcon.colcon_core.verb:set package 'vision' build argument 'cmake_force_configure' from command line to 'False'
[1.696s] Level 5:colcon.colcon_core.verb:set package 'vision' build argument 'ament_cmake_args' from command line to 'None'
[1.696s] Level 5:colcon.colcon_core.verb:set package 'vision' build argument 'catkin_cmake_args' from command line to 'None'
[1.696s] Level 5:colcon.colcon_core.verb:set package 'vision' build argument 'catkin_skip_building_tests' from command line to 'False'
[1.696s] DEBUG:colcon.colcon_core.verb:Building package 'vision' with the following arguments: {'ament_cmake_args': None, 'build_base': '/workspace/build/vision', 'catkin_cmake_args': None, 'catkin_skip_building_tests': False, 'cmake_args': None, 'cmake_clean_cache': False, 'cmake_clean_first': False, 'cmake_force_configure': False, 'cmake_target': None, 'cmake_target_skip_unavailable': False, 'install_base': '/workspace/install/vision', 'merge_install': False, 'path': '/workspace/src/vision', 'symlink_install': True, 'test_result_base': None}
[1.696s] INFO:colcon.colcon_core.executor:Executing jobs using 'parallel' executor
[1.697s] DEBUG:colcon.colcon_parallel_executor.executor.parallel:run_until_complete
[1.698s] INFO:colcon.colcon_ros.task.ament_python.build:Building ROS package in '/workspace/src/navigation' with build type 'ament_python'
[1.698s] Level 1:colcon.colcon_core.shell:create_environment_hook('navigation', 'ament_prefix_path')
[1.705s] INFO:colcon.colcon_core.plugin_system:Skipping extension 'colcon_core.shell.bat': Not used on non-Windows systems
[1.705s] INFO:colcon.colcon_core.shell:Creating environment hook '/workspace/install/navigation/share/navigation/hook/ament_prefix_path.ps1'
[1.706s] INFO:colcon.colcon_core.shell:Creating environment descriptor '/workspace/install/navigation/share/navigation/hook/ament_prefix_path.dsv'
[1.707s] INFO:colcon.colcon_core.shell:Creating environment hook '/workspace/install/navigation/share/navigation/hook/ament_prefix_path.sh'
[1.708s] INFO:colcon.colcon_core.shell:Skip shell extension 'powershell' for command environment: Not usable outside of PowerShell
[1.708s] DEBUG:colcon.colcon_core.shell:Skip shell extension 'dsv' for command environment
[1.717s] INFO:colcon.colcon_core.task.python.build:Building Python package in '/workspace/src/robot_bringup'
[1.717s] INFO:colcon.colcon_core.shell:Skip shell extension 'powershell' for command environment: Not usable outside of PowerShell
[1.717s] DEBUG:colcon.colcon_core.shell:Skip shell extension 'dsv' for command environment
[1.723s] ERROR:colcon.colcon_core.shell:Exception in shell extension 'sh': [Errno 13] Permission denied: '/workspace/build/robot_bringup/colcon_command_prefix_setup_py.sh'
Traceback (most recent call last):
  File "/usr/lib/python3/dist-packages/colcon_core/shell/__init__.py", line 308, in get_command_environment
    return await extension.generate_command_environment(
  File "/usr/lib/python3/dist-packages/colcon_core/shell/sh.py", line 150, in generate_command_environment
    expand_template(
  File "/usr/lib/python3/dist-packages/colcon_core/shell/template/__init__.py", line 68, in expand_template
    with destination_path.open('w') as h:
  File "/usr/lib/python3.10/pathlib.py", line 1119, in open
    return self._accessor.open(self, mode, buffering, encoding, errors,
PermissionError: [Errno 13] Permission denied: '/workspace/build/robot_bringup/colcon_command_prefix_setup_py.sh'

[1.723s] DEBUG:colcon.colcon_core.shell:Skip shell extension 'bash' for command environment
[1.724s] DEBUG:colcon.colcon_core.shell:Skip shell extension 'zsh' for command environment
[1.724s] ERROR:colcon.colcon_core.task.python.build:Could not find a shell extension for the command environment
[1.724s] INFO:colcon.colcon_ros.task.ament_python.build:Building ROS package in '/workspace/src/vision' with build type 'ament_python'
[1.724s] Level 1:colcon.colcon_core.shell:create_environment_hook('vision', 'ament_prefix_path')
[1.724s] INFO:colcon.colcon_core.shell:Creating environment hook '/workspace/install/vision/share/vision/hook/ament_prefix_path.ps1'
[1.726s] ERROR:colcon.colcon_core.shell:Exception in shell extension 'powershell': [Errno 13] Permission denied: '/workspace/install/vision/share/vision/hook/ament_prefix_path.ps1'
Traceback (most recent call last):
  File "/usr/lib/python3/dist-packages/colcon_core/shell/__init__.py", line 461, in create_environment_hook
    hook = extension.create_hook_prepend_value(
  File "/usr/lib/python3/dist-packages/colcon_powershell/shell/powershell.py", line 148, in create_hook_prepend_value
    expand_template(
  File "/usr/lib/python3/dist-packages/colcon_core/shell/template/__init__.py", line 68, in expand_template
    with destination_path.open('w') as h:
  File "/usr/lib/python3.10/pathlib.py", line 1119, in open
    return self._accessor.open(self, mode, buffering, encoding, errors,
PermissionError: [Errno 13] Permission denied: '/workspace/install/vision/share/vision/hook/ament_prefix_path.ps1'

[1.726s] INFO:colcon.colcon_core.shell:Creating environment descriptor '/workspace/install/vision/share/vision/hook/ament_prefix_path.dsv'
[1.727s] ERROR:colcon.colcon_core.event_reactor:Exception in event handler extension 'store_result': [Errno 13] Permission denied: '/workspace/build/robot_bringup/colcon_build.rc'
Traceback (most recent call last):
  File "/usr/lib/python3/dist-packages/colcon_core/event_reactor.py", line 78, in _notify_observers
    retval = observer(event)
  File "/usr/lib/python3/dist-packages/colcon_package_selection/package_selection/previous/event_handler.py", line 53, in __call__
    set_result(job.task_context.args.build_base, verb_name, result)
  File "/usr/lib/python3/dist-packages/colcon_package_selection/package_selection/previous/__init__.py", line 36, in set_result
    path.write_text(str(result) + '\n')
  File "/usr/lib/python3.10/pathlib.py", line 1154, in write_text
    with self.open(mode='w', encoding=encoding, errors=errors, newline=newline) as f:
  File "/usr/lib/python3.10/pathlib.py", line 1119, in open
    return self._accessor.open(self, mode, buffering, encoding, errors,
PermissionError: [Errno 13] Permission denied: '/workspace/build/robot_bringup/colcon_build.rc'

[1.748s] ERROR:colcon.colcon_core.shell:Exception in shell extension 'dsv': [Errno 13] Permission denied: '/workspace/install/vision/share/vision/hook/ament_prefix_path.dsv'
Traceback (most recent call last):
  File "/usr/lib/python3/dist-packages/colcon_core/shell/__init__.py", line 461, in create_environment_hook
    hook = extension.create_hook_prepend_value(
  File "/usr/lib/python3/dist-packages/colcon_core/shell/dsv.py", line 75, in create_hook_prepend_value
    expand_template(
  File "/usr/lib/python3/dist-packages/colcon_core/shell/template/__init__.py", line 68, in expand_template
    with destination_path.open('w') as h:
  File "/usr/lib/python3.10/pathlib.py", line 1119, in open
    return self._accessor.open(self, mode, buffering, encoding, errors,
PermissionError: [Errno 13] Permission denied: '/workspace/install/vision/share/vision/hook/ament_prefix_path.dsv'

[1.748s] INFO:colcon.colcon_core.shell:Creating environment hook '/workspace/install/vision/share/vision/hook/ament_prefix_path.sh'
[1.749s] ERROR:colcon.colcon_core.shell:Exception in shell extension 'sh': [Errno 13] Permission denied: '/workspace/install/vision/share/vision/hook/ament_prefix_path.sh'
Traceback (most recent call last):
  File "/usr/lib/python3/dist-packages/colcon_core/shell/__init__.py", line 461, in create_environment_hook
    hook = extension.create_hook_prepend_value(
  File "/usr/lib/python3/dist-packages/colcon_core/shell/sh.py", line 129, in create_hook_prepend_value
    expand_template(
  File "/usr/lib/python3/dist-packages/colcon_core/shell/template/__init__.py", line 68, in expand_template
    with destination_path.open('w') as h:
  File "/usr/lib/python3.10/pathlib.py", line 1119, in open
    return self._accessor.open(self, mode, buffering, encoding, errors,
PermissionError: [Errno 13] Permission denied: '/workspace/install/vision/share/vision/hook/ament_prefix_path.sh'

[1.752s] ERROR:colcon.colcon_core.event_reactor:Exception in event handler extension 'store_result': [Errno 13] Permission denied: '/workspace/build/vision/colcon_build.rc'
Traceback (most recent call last):
  File "/usr/lib/python3/dist-packages/colcon_core/event_reactor.py", line 78, in _notify_observers
    retval = observer(event)
  File "/usr/lib/python3/dist-packages/colcon_package_selection/package_selection/previous/event_handler.py", line 53, in __call__
    set_result(job.task_context.args.build_base, verb_name, result)
  File "/usr/lib/python3/dist-packages/colcon_package_selection/package_selection/previous/__init__.py", line 36, in set_result
    path.write_text(str(result) + '\n')
  File "/usr/lib/python3.10/pathlib.py", line 1154, in write_text
    with self.open(mode='w', encoding=encoding, errors=errors, newline=newline) as f:
  File "/usr/lib/python3.10/pathlib.py", line 1119, in open
    return self._accessor.open(self, mode, buffering, encoding, errors,
PermissionError: [Errno 13] Permission denied: '/workspace/build/vision/colcon_build.rc'

[1.761s] DEBUG:colcon.colcon_parallel_executor.executor.parallel:closing loop
[1.762s] DEBUG:colcon.colcon_parallel_executor.executor.parallel:loop closed
[1.762s] DEBUG:colcon.colcon_parallel_executor.executor.parallel:run_until_complete finished with 'Could not find a primary shell extension for creating an environment hook'
[1.762s] DEBUG:colcon.colcon_core.event_reactor:joining thread
[1.843s] INFO:colcon.colcon_core.plugin_system:Skipping extension 'colcon_notification.desktop_notification.notify_send': Could not find 'notify-send'
[1.843s] INFO:colcon.colcon_core.plugin_system:Skipping extension 'colcon_notification.desktop_notification.terminal_notifier': Not used on non-Darwin systems
[1.843s] INFO:colcon.colcon_core.plugin_system:Skipping extension 'colcon_notification.desktop_notification.win32': Not used on non-Windows systems
[1.843s] INFO:colcon.colcon_notification.desktop_notification:Sending desktop notification using 'notify2'
[1.848s] DEBUG:colcon.colcon_notification.desktop_notification.notify2:Failed to initialize notify2: org.freedesktop.DBus.Error.Spawn.ExecFailed: /usr/bin/dbus-launch terminated abnormally without any error message
[1.849s] DEBUG:colcon.colcon_core.event_reactor:joined thread
[1.849s] INFO:colcon.colcon_core.shell:Creating prefix script '/workspace/install/local_setup.ps1'
[1.851s] INFO:colcon.colcon_core.shell:Creating prefix util module '/workspace/install/_local_setup_util_ps1.py'
[1.853s] INFO:colcon.colcon_core.shell:Creating prefix chain script '/workspace/install/setup.ps1'
[1.855s] INFO:colcon.colcon_core.shell:Creating prefix script '/workspace/install/local_setup.sh'
[1.856s] INFO:colcon.colcon_core.shell:Creating prefix util module '/workspace/install/_local_setup_util_sh.py'
[1.856s] INFO:colcon.colcon_core.shell:Creating prefix chain script '/workspace/install/setup.sh'
[1.858s] INFO:colcon.colcon_core.shell:Creating prefix script '/workspace/install/local_setup.bash'
[1.859s] INFO:colcon.colcon_core.shell:Creating prefix chain script '/workspace/install/setup.bash'
[1.860s] INFO:colcon.colcon_core.shell:Creating prefix script '/workspace/install/local_setup.zsh'
[1.861s] INFO:colcon.colcon_core.shell:Creating prefix chain script '/workspace/install/setup.zsh'
